Date,Open,High,Low,Close,Volume,Trend_Normalized,Volatility_Stability,Momentum_Normalized,Vol_Change,EMA_20,EMA_50,SMA_20,RSI_14,Rolling_STD_20,ATR_14,Rolling_Max_50,Rolling_Min_50,MACD_Histogram
2019-12-12,64.48997619221315,65.64115256416365,64.3791955584024,65.37623596191406,137310400,0.028386648354950195,0.06562930461182473,67.94707874544912,0.10233618520848387,63.717951553064744,60.89760665427012,63.98652172088623,62.29509953515366,0.011059130346231833,1.0581112390007783,65.37623596191406,53.02131652832031,-0.08614309029285594
2019-12-13,65.37624490379989,66.3010387920999,65.24860425293159,66.2649154663086,133587600,0.03864905903474354,0.06863227441980718,70.75622582134211,0.09401031700332307,63.96051954480225,61.108089352781434,64.13716125488281,65.95851199794302,0.011200871434507766,1.0930318555464769,66.2649154663086,53.88092041015625,-0.012233498027613754
2019-12-16,66.71044750574998,67.62320261796066,66.70563351279964,67.39922332763672,128186000,0.05032617761063869,0.07349096419905311,68.69187334053143,0.06170970834859535,64.28801514316744,61.35480048905027,64.30694694519043,66.05572593860029,0.011491949625872596,1.1098898417512228,67.39922332763672,53.88092041015625,0.0959821686707345
2019-12-17,67.32940214182528,67.85922811740664,67.143956803204,67.53170013427734,114158400,0.047039527371982075,0.07704135807899865,72.38495154506803,0.007376154322918271,64.59693752327314,61.59703184768663,64.46722030639648,69.91114048443283,0.01147883674769003,1.0808179511325489,67.53170013427734,53.88092041015625,0.1558740939106633
2019-12-18,67.38478014032236,67.89052873128885,67.22101616979477,67.37033081054688,116028400,0.03987379107614281,0.08027213527833775,67.84432425585628,0.047715796976669056,64.86107021729921,61.823435728583114,64.62918014526367,65.82451200442162,0.01146341390420379,1.0651646696646988,67.53170013427734,54.51240539550781,0.16323015835086085
2019-12-19,67.31250658669452,67.71710235790785,67.18005200015853,67.43773651123047,98369200,0.03837289618099745,0.08171391944682081,71.93210881722494,0.008779097836179695,65.10646700719742,62.04360438672615,64.83183822631835,67.12225949804224,0.010979256573405472,1.0674005010895276,67.53170013427734,55.24715805053711,0.15149999902624023
2019-12-20,67.97001134578234,68.07115666009031,67.08615475855936,67.29808807373047,275978000,0.03260345317494988,0.0829806413284983,77.28761795300348,-0.03462371534948183,65.31519282305771,62.24966257053025,65.0417236328125,71.96674843082943,0.010903828437757408,1.0551870317121197,67.53170013427734,56.27482986450195,0.11486286821668545
2019-12-23,67.560591164887,68.45648637288053,67.52205716835296,68.39627838134766,98572000,0.0441012455428337,0.08555828287530129,88.68835488626918,-0.09671375855776954,65.60862954289485,62.49070632781721,65.30928802490234,85.44621747381507,0.011231622216614596,1.002548223570374,68.39627838134766,56.27482986450195,0.14326929033092783
2019-12-24,68.562448734815,68.61061806486987,68.13617882730028,68.46129608154297,48478800,0.042085200210622516,0.08632856806400802,90.82098189240442,-0.10249722771449177,65.88031207038514,62.72484710247312,65.52483253479004,84.54471446779408,0.010794544231678227,0.9700371074774056,68.46129608154297,56.27482986450195,0.1446934379090581
2019-12-26,68.59377651700305,69.83647060071867,68.56487785103917,69.81961059570312,93121200,0.05610633397516515,0.08615825412930318,89.02269107138396,-0.06411098056853337,66.25548335851067,63.003073121815476,65.83333911895753,85.35327683064476,0.011062495490779126,0.996875918225537,69.81961059570312,56.27482986450195,0.21133635804873396
2019-12-27,70.11100606214161,70.7973786870116,69.38851010956454,69.79310607910156,146266000,0.05052294455533641,0.08586853276155788,86.69627872062173,-0.059143890645569686,66.59239980809076,63.269348924061994,66.09777355194092,82.47701932446299,0.010918537626961553,1.0042702825780623,69.81961059570312,56.49332046508789,0.2265060156740737
2019-12-30,69.71123070858043,70.48912073727585,68.69010535047886,70.20734405517578,144114400,0.05153648365901238,0.08155549796057239,100.22306942995903,-0.022495343775866816,66.93668021257506,63.54142716449783,66.39002285003662,95.02210709038687,0.010826305815516673,1.031450236685919,70.20734405517578,56.7646484375,0.23622891423940295
2019-12-31,69.82438857743935,70.72750817106555,69.72564661991683,70.72028350830078,100805600,0.05686267269745244,0.061890958463184854,106.33407572463784,0.02797029533675266,67.29702338359655,63.822950942686184,66.74512844085693,95.1238101728799,0.010162855649610756,1.030589793472974,70.72028350830078,57.6170539855957,0.24778868353904349
2020-01-02,71.34406195339083,72.39409318664748,71.09119131937346,72.3338851928711,135480400,0.08144743404367288,0.05439114902902285,116.03311154984573,0.1392113590247972,67.77672450828936,64.15671307014442,67.23762969970703,95.78958621643385,0.009310927849443745,1.1050772915138185,72.3338851928711,57.6170539855957,0.3295707173514426
2020-01-03,71.56321309934685,72.38926493117573,71.40667380039741,71.63064575195312,146322800,0.05706864777218074,0.043675950786383526,97.70467626963837,0.08852322171593752,68.14376462673353,64.44980846943103,67.66739463806152,87.60497841256677,0.010054127247590909,1.085122586157895,72.3338851928711,58.39020156860352,0.30247301038276486
2020-01-06,70.75402846338375,72.23995764322866,70.5035611498287,72.20142364501953,118387200,0.06045734039562509,0.03722174490723748,98.31069203416044,0.1291551996830207,68.53020834276077,64.75379337827765,68.07946014404297,87.11230752500673,0.009876164044548464,1.1339770114601555,72.3338851928711,58.409420013427734,0.2891675105631597
2020-01-07,72.21104883104543,72.46633010238772,71.64268897397623,71.86184692382812,108872000,0.0502836148603467,0.03661416052504165,92.99939891595821,0.06237603213986742,68.84750725524337,65.03254057614238,68.41277160644532,80.97624214770731,0.00964525294721826,1.0957880098001138,72.3338851928711,58.409420013427734,0.22644841929528559
2020-01-08,71.56560624404386,73.31886213203573,71.56560624404386,73.017822265625,132079200,0.06768587313886508,0.04533210968321767,103.5262247837514,0.1352041059209783,69.24468011337495,65.34568887769072,68.84952011108399,83.34299357416236,0.008852049999771416,1.1699297650707732,73.017822265625,58.409420013427734,0.2309722016348399
2020-01-09,73.99320996049889,74.76146451044018,73.74275001069596,74.56880187988281,170108400,0.07995446128694664,0.04698734828014758,101.21999317797292,0.12811413595483656,69.75173932923285,65.70737958365903,69.34503211975098,87.42806095004768,0.009448080315463573,1.2466533138794225,74.56880187988281,58.409420013427734,0.3020871877932092
2020-01-10,74.80241795222723,75.30094193802128,74.23646130286748,74.73738861083984,140644800,0.07332795426908349,0.047798065414984235,99.95753932992088,0.18357770956554242,70.22656307033827,66.06149758472495,69.8213981628418,87.5589618938152,0.009505376852424342,1.2843269051225994,74.73738861083984,58.409420013427734,0.3223026832355034
2020-01-13,75.0528483215238,76.36056362612658,74.93483570619189,76.33406829833984,121532000,0.08457566108212969,0.04783397137752055,98.00481477585426,0.17278453224536738,70.80823023490986,66.46434349506279,70.36928977966309,90.43081082557282,0.009973253845385912,1.3299106989622982,76.33406829833984,59.73003387451172,0.39995859749915086
2020-01-14,76.27147857331117,76.48100118582082,75.18051017572739,75.30332946777344,161954400,0.05621239571600827,0.052845718388207966,79.84397398636077,0.22291918357442153,71.236334923754,66.8109703959534,70.82121047973632,81.0927581964764,0.010941828704646571,1.3400601783153954,76.33406829833984,61.42522430419922,0.34095890388689476
2020-01-15,75.10344798902688,75.98248317068368,74.54953007278792,74.98062133789062,121923600,0.04664225443523323,0.05632226776750537,77.5570694718425,0.20394018180037743,71.59293362986224,67.13134886426467,71.20028038024903,78.681941306982,0.010892187906239342,1.4085254540529795,76.33406829833984,61.73976135253906,0.24380673506659178
2020-01-16,75.52248959606675,76.03064882750155,75.1612416745226,75.91986083984375,108829200,0.05303155594068567,0.06022925069231321,75.95034073295189,0.11121564496231051,72.00502193557477,67.47599639271876,71.61968841552735,77.86574902104014,0.010972619636224215,1.385300666226924,76.33406829833984,61.73976135253906,0.2078130760058059
2020-01-17,76.16790890123319,76.7627640392473,75.86205500785368,76.76036071777344,137816400,0.05844974847112339,0.06287439690659187,78.37769688091714,0.050358402065681096,72.45791134340321,67.84008911134835,72.08918991088868,79.6232332367531,0.01084769353464955,1.349003555794535,76.76036071777344,61.76616287231445,0.20526425294184492
2020-01-21,76.38948797518701,76.8302072165908,76.10289736234121,76.24017333984375,110843200,0.044755503547054355,0.06869166257071932,71.82797926328946,-0.043204057531497586,72.81812677163565,68.16950417913249,72.52931175231933,75.42123046554767,0.01119293210919937,1.2724531606125769,76.76036071777344,62.47902297973633,0.1365078980547194
2020-01-22,76.72423213565071,77.06380603496487,76.4183782339569,76.5123062133789,101832400,0.04400858926812874,0.07263654756860624,72.17218285114305,-0.05995077801447091,73.169953385135,68.49667288635784,72.99002265930176,74.91208910928778,0.011043309060415646,1.2597225280391768,76.76036071777344,62.48386001586914,0.08011116494309567
2020-01-23,76.56530142477,76.96026202494508,76.01860816134078,76.88079071044922,104472000,0.04495561899826149,0.07453268115298052,70.78610959884361,-0.1427732593296891,73.52336646373635,68.82546182063594,73.41424827575683,71.90265063924934,0.010801626167775812,1.2074256841290054,76.88079071044922,62.48386001586914,0.04038395922490645
2020-01-24,77.12644008388187,77.86819933392093,76.46896614550444,76.65922546386719,146537600,0.037395733212668134,0.07699750695883209,73.36654134589416,-0.10691890846134988,73.82201970184406,69.13266823801756,73.82414474487305,75.4016593595649,0.010927669440739815,1.2371858311031605,76.88079071044922,62.48386001586914,-0.02456018328364662
2020-01-27,74.67234156024762,75.08416206919466,73.42483402812097,74.40502166748047,161940000,0.005887720669950175,0.09755709203038597,49.076097690750835,-0.0035715887713272387,73.87754369857133,69.33942719603571,74.05341529846191,59.51339180431326,0.01294269153450967,1.3441854698421787,76.88079071044922,62.48386001586914,-0.2315675999823097
2020-01-28,75.28404668634916,76.68086864175731,75.18530473421498,76.50988006591797,162234000,0.0245453356791563,0.1251744565679864,51.50119770266225,0.13789214695770458,74.12824240022339,69.62062142622717,74.38925399780274,67.41248555930986,0.014057353670742784,1.4479144588325619,76.88079071044922,62.48386001586914,-0.23805289876221192
2020-01-29,78.1379073772642,78.95673430952284,77.39855173256706,78.11141204833984,216229200,0.03600323084889747,0.14945281902963675,50.96227796126378,0.1887198690096259,74.50759189052019,69.9535936074865,74.78445739746094,68.4652093127713,0.01451919650355447,1.4974571985192051,78.11141204833984,62.48386001586914,-0.15009339400954147
2020-01-30,77.19627805111793,78.05122856412287,76.76518678742532,77.99824523925781,126743200,0.0314506399429934,0.16609368797941826,47.608242098087,0.2166962243787829,74.84003506659045,70.26907014206577,75.14835548400879,63.879234749959856,0.01459203694469022,1.4690702710977297,78.11141204833984,62.48386001586914,-0.11663467650689396
2020-01-31,77.29019858022654,77.71165450707113,74.24608645041388,74.53990173339844,199588400,-0.0022607542736416794,0.20548133757690668,30.74862332054044,0.342601281324481,74.81145093961977,70.43655373388275,75.25865631103515,49.36882325832038,0.017679080373986997,1.6610472820755962,78.11141204833984,62.48386001586914,-0.33230548568134566
2020-02-03,73.28516622775322,75.49841264105945,72.7842389592195,74.33519744873047,173788400,-0.0036674737479022715,0.23154702726472032,27.35534784484205,0.29370224368080877,74.76609346429699,70.5894417227003,75.39388389587403,42.98758194215898,0.017510861300463823,1.7389757582579688,78.11141204833984,62.48386001586914,-0.48442299011768464
2020-02-04,75.93669870128832,76.97950484657014,75.53210291102174,76.78924560546875,136616400,0.01466124439089981,0.2592670057344527,32.86485861116685,0.2673142614906252,74.95877462059906,70.83257128673044,75.62327499389649,54.7395604684417,0.018807511171372297,1.8349626430969863,78.11141204833984,62.48386001586914,-0.4179527959682381
2020-02-05,77.91396003658885,78.21259669148851,76.81336346644713,77.41544342041016,118826800,0.01803809111037554,0.27530060425018443,35.16003903574422,0.2249276886976872,75.19274307772392,71.09072313511004,75.90095481872558,57.61874045380561,0.01874083852895051,1.8342767851058437,78.11141204833984,62.48386001586914,-0.333657084163387
2020-02-06,77.68517600247516,78.32337929968051,77.12885469909907,78.32096862792969,105425600,0.023322733850363236,0.2780945267870088,35.78723830407416,0.2556227184011348,75.49066932060066,71.37426217404415,76.16611213684082,57.529131551070286,0.018615871922356392,1.8445980073180235,78.32096862792969,62.48386001586914,-0.22402111011335468
2020-02-07,77.82124622907054,78.06989154294402,76.76631409771366,77.25636291503906,117684000,0.01336057415299191,0.27756580456766033,32.60820352257585,0.13862405995314542,75.65883061530907,71.60493279133807,76.30049018859863,51.53375333116918,0.01851538902737604,1.8913084000910527,78.32096862792969,62.48386001586914,-0.22946821286581054
2020-02-10,75.84415588740227,77.62329864501953,75.7644959675757,77.62329864501953,109348800,0.015026751917367253,0.2719034945345108,34.830586652603216,0.13407522023716623,75.84592280861483,71.84094713854127,76.44478569030761,54.317866668190995,0.01852604903377861,1.9721293160334992,78.32096862792969,62.48386001586914,-0.21488097748522228
2020-02-11,78.11818095050265,78.19059906005786,76.9377141953968,77.15497589111328,94323200,0.010402801752472872,0.262629016575478,34.686256690053405,0.09146101301883358,75.97059453075754,72.04934042295585,76.48583106994629,51.98201979855096,0.018029823962948825,2.002790185286353,78.32096862792969,62.48386001586914,-0.24131578198727088
2020-02-12,77.60401366524216,78.99208433087418,77.60401366524216,78.98725891113281,113730400,0.023731654680836635,0.25691495894542615,37.10370339233012,0.12673901955376765,76.25789590031708,72.32141565778632,76.67002754211425,55.95845596661353,0.018406584762927967,2.0667512264403953,78.98725891113281,62.48386001586914,-0.14470735688766134
2020-02-13,78.26059867524006,78.75064746940821,78.05782062596876,78.42475128173828,94747600,0.017218601664822874,0.2478536433672687,36.86896238386651,0.10224256969291567,76.46426307950006,72.56076215284325,76.84223403930665,54.89954712043548,0.018472844377915607,2.03319444763665,78.98725891113281,62.48386001586914,-0.12854231973912844
2020-02-14,78.39337649475979,78.6927218682662,77.93712767417983,78.44407653808594,80113600,0.016050177406742656,0.2361069026151151,43.13026320313712,-0.01859606729688068,76.65281674222253,72.79148036402924,76.96844482421875,62.796108526194935,0.018322403355487252,1.8561375018038038,78.98725891113281,63.03534698486328,-0.12622084822125124
2020-02-18,76.12900862033511,77.18877358272158,75.94795598487916,77.00772094726562,152531200,0.002856786676389001,0.2208558944568262,35.23682565549743,-0.05083743056206802,76.68661714270281,72.9568231319993,76.98081283569336,51.64696873250571,0.018713418598651093,1.8718713288702276,78.98725891113281,63.960113525390625,-0.22530841890467168
2020-02-19,77.24912158938099,78.35233737517142,77.24912158938099,78.12300109863281,93984000,0.01159146023067142,0.20520397806118745,34.287897690345396,-0.10467902754181158,76.82341561469615,73.15941834637708,77.07495422363282,50.039613637940214,0.018891558351501494,1.793140056320293,78.98725891113281,64.28285217285156,-0.2194099229886184
2020-02-20,77.88399976313329,78.37163210197758,76.81699322453267,77.32152557373047,100566000,0.004034008083906068,0.18451157289712913,32.883890936739895,-0.12518414403976452,76.8708546584137,73.32263823764585,77.11541519165038,47.790795158324805,0.019059942438271464,1.808026743215321,78.98725891113281,64.28285217285156,-0.26984019312104746
2020-02-21,76.91598466630131,77.35775721221363,74.95578935685651,75.57136535644531,129554000,-0.010318826268273377,0.15516353034541952,36.23153274995734,-0.15817961451249052,76.74709377251196,73.41082361485367,77.0499439239502,53.78999233008446,0.019724706757233215,1.7115845336805486,78.98725891113281,64.65856170654297,-0.4128604248349852
2020-02-24,71.75960237227564,73.43011036441114,69.82113268068633,71.981689453125,222195200,-0.034180945299570366,0.12215391971813444,26.053184561784285,0.03895637500722726,76.29324574209416,73.35477913792313,76.81606712341309,43.07494341720144,0.022337847683892683,1.9284458903890507,78.98725891113281,65.21006774902344,-0.7228694950438326
2020-02-25,72.65038734565039,73.03180163978591,69.07278565467855,69.54351806640625,230673600,-0.048994975595438535,0.10698541535362256,17.394726154679866,0.08039137916763384,75.65041453488578,73.20531791943228,76.57299194335937,28.659941236373044,0.022637074689474467,2.0223536466224568,78.98725891113281,65.37623596191406,-1.0461588524581842
2020-02-26,69.1693328941365,71.90926363042658,69.16209108503992,70.64672088623047,198054800,-0.038398622119143695,0.09555686627605704,19.517116405144566,0.18056161582583896,75.1738722826329,73.10498078087534,76.279833984375,30.60963199848932,0.021887560346111456,2.116912322291521,78.98725891113281,66.2649154663086,-1.1324380380783792
2020-02-27,67.85852144500781,69.04139705399142,65.8934935311334,66.02867889404297,320605600,-0.06328332765680539,0.09810149182079707,11.912807017933812,0.31143269040855937,74.30290148371957,72.8274787460976,75.67569732666016,20.9626520420356,0.025044880869116368,2.371105376185494,78.98725891113281,66.02867889404297,-1.4281763648623291
2020-02-28,62.10346834390763,67.20915102510166,61.88861568726967,65.99005889892578,426510000,-0.0592213201142448,0.09263638666145944,12.751833407477625,0.5424869823791751,73.51120218992968,72.5593446344438,75.07528800964356,22.030526884803876,0.0250576314368172,2.640096862443777,78.98725891113281,65.99005889892578,-1.544193415341253
2020-03-02,68.14338175177791,72.76867383608672,67.04258234775999,72.13378143310547,341397200,-0.007832077183599212,0.16287729153559777,18.174171898487675,0.5512553599565218,73.38001926070832,72.54265588145014,74.95498199462891,39.4094869255687,0.032356392385507984,2.9915120238521418,78.98725891113281,65.99005889892578,-1.143420659824618
2020-03-03,73.30702283331924,73.3866827671886,68.99313499680584,69.84288024902344,319475600,-0.020339133206250908,0.20461551211655152,17.0927250144616,0.5901497217943796,73.0431488786431,72.43678232723734,74.73036613464356,36.82017194637588,0.03307420582820058,3.2158450885465486,78.98725891113281,65.99005889892578,-0.975415129788579
2020-03-04,71.56165746891385,73.24182384454771,70.76261243598904,73.0824966430664,219178400,0.00022696898846708759,0.23539332593306386,18.56813212161698,0.5718198186535135,73.04689628477865,72.46210445726986,74.54502868652344,39.870740031771845,0.03395535370620644,3.327404742529647,78.98725891113281,65.99005889892578,-0.6069428348082674
2020-03-05,71.33955724756618,72.31241302487865,70.34739243241086,70.7119140625,187572800,-0.013682453873325532,0.2576040127094603,17.706799435743058,0.45770867662794146,72.82451702551403,72.3934695398279,74.20985221862793,37.54190850138428,0.03452909513386208,3.4563808800647537,78.98725891113281,65.99005889892578,-0.48878422844135394
2020-03-06,68.07577636210152,70.20495666747604,67.88989834828591,69.77284240722656,226176800,-0.018541943208529334,0.2703610295227586,17.729696297798586,0.3650947692429536,72.53388134758188,72.29069984835334,73.78244590759277,36.39801201750926,0.03438439016741876,3.603982417216734,78.98725891113281,65.99005889892578,-0.4412417409997319
2020-03-09,63.670179502443226,67.1319051551366,63.48912685930832,64.25437927246094,286744800,-0.04734920321745644,0.29136559870993695,14.632241900914918,0.29517277080831916,71.7453573404275,71.97555002184775,73.13234672546386,32.2658358218646,0.038139168860426856,3.8745249168389813,78.98725891113281,64.25437927246094,-0.7316927113367935
2020-03-10,66.90259043839642,69.14764074332749,65.02687994218032,68.88209533691406,285290000,-0.015416033242826652,0.3195451863686499,16.28708220436961,0.2836437854133276,71.47266572104527,71.85423807341898,72.69528656005859,38.29358850845953,0.04212580872306848,4.127999562764749,78.98725891113281,64.25437927246094,-0.5695923843107285
2020-03-11,66.96292517997638,67.88749740945617,65.62795665733853,66.4897689819336,255598800,-0.027624217894851172,0.3337410541943175,16.013473703086703,0.2770891233819348,70.99810412684417,71.64386673649798,72.1620262145996,36.80993085651557,0.04264409644167603,4.2493924057740795,78.98725891113281,64.25437927246094,-0.5790437293224195
2020-03-12,61.78482214303871,65.17895530003963,59.868077460777144,59.92359924316406,418474000,-0.059145030219446094,0.3524915612798511,13.602067367641483,0.31663766146056327,69.94338937601749,71.18424840342607,71.20884323120117,32.94569053944923,0.046670155442997345,4.550801239045461,78.98725891113281,59.92359924316406,-0.9605700598426876
2020-03-13,63.945402847171366,67.57369864386347,61.06303960348822,67.10295867919922,370732000,-0.013454586959312375,0.39310869936826365,16.43953891988509,0.30036872064761777,69.67287216679671,71.0241978260054,70.64275360107422,45.068598432075504,0.05529861230717191,4.6865060051126335,78.98725891113281,59.92359924316406,-0.6759086489578803
2020-03-16,58.40757727472599,62.5428168089279,57.93684117686896,58.47034454345703,322423600,-0.05085482463921475,0.43500114068486145,13.787256723498743,0.3055644075966675,68.60596477409769,70.53188985414077,69.64406700134278,40.05291739959353,0.061638765413844,5.058441827771412,78.98725891113281,58.47034454345703,-0.9961587706650965
2020-03-17,59.74977632698614,62.1879493594709,57.550590391518064,61.04128646850586,324056000,-0.03570058719820996,0.4545479266099139,14.728171148327904,0.2581045769759367,67.88551922118418,70.15970932921391,68.84574527740479,41.59308073070682,0.06290479581316134,5.193455143668997,78.98725891113281,58.47034454345703,-0.961512459758608
2020-03-18,57.88131450093201,60.3508711155952,57.24159305699179,59.5469970703125,300233600,-0.04183020603501969,0.4525318679147507,16.367239018692757,0.20613609825863222,67.0913742544345,69.7435245347472,67.91694507598876,43.998931124040475,0.06272066914262885,5.1253455762702105,78.98725891113281,58.47034454345703,-0.9634822417822639
2020-03-19,59.72081110917334,61.03645943406339,58.566902685612334,59.09074783325195,271857200,-0.04243958026227645,0.4347251426578978,16.979130829510527,0.0815027925696934,66.3294098333695,69.32576858566895,67.00540618896484,43.66128766689468,0.06272630708701958,4.921704248457287,78.98725891113281,58.47034454345703,-0.9198577533004801
2020-03-20,59.67011183513416,60.7926402539027,55.03999474688709,55.33933639526367,401693200,-0.06089032725609483,0.4084515995963891,13.536547371304197,0.03454913157976325,65.28273617259751,68.77728104879031,65.99380474090576,33.86071710399311,0.06376506756804652,4.848420717732621,78.98725891113281,55.33933639526367,-1.0581355388215883
2020-03-23,55.05931643178171,55.16070547027294,51.32480360482342,54.1637077331543,336752800,-0.0657485080421514,0.38666087293565676,14.524033159574724,-0.046870877768020236,64.22378108312672,68.20419974229479,65.10290565490723,34.602430599130955,0.06329732932631779,4.821348219165297,78.98725891113281,54.1637077331543,-1.1363852514546635
2020-03-24,57.05813231967632,59.79323446043245,56.56084169108887,59.59769821166992,287531200,-0.026831259135826072,0.3602091182594251,15.25322029321607,-0.040970712572580115,63.7832017620356,67.86668987834872,64.60561466217041,37.30455704529119,0.06783091950812796,4.980675585719147,78.98725891113281,54.1637077331543,-0.7485080475664243
2020-03-25,60.53192552123785,62.34245170831376,58.97487373705756,59.269386291503906,303602000,-0.02752948971337226,0.3161472796880269,16.568432579437438,-0.019412016591807246,63.35331457436592,67.5295407180803,64.03674793243408,38.79645363772101,0.06764469576504838,5.025852282904907,78.98725891113281,54.1637077331543,-0.4548353627929309
2020-03-26,59.51079165439952,62.446255405203736,59.472166210481355,62.38832092285156,252087200,-0.0061473289106481034,0.2864533110465241,19.18218877097078,0.026310948261478506,63.261410417078835,67.3279242555223,63.85473003387451,43.06570906646733,0.06739165662870676,5.051198954296745,78.98725891113281,54.1637077331543,-0.014571169646020898
2020-03-27,61.014724035899725,61.76790164645779,59.638725061409254,59.805294036865234,204216800,-0.022767005624283847,0.24879380811563453,20.88410013510315,-0.010242280278363491,62.93225647610611,67.0329191489083,63.545491790771486,45.57841440097405,0.0680041634764635,4.798761833834179,78.98725891113281,54.1637077331543,0.13064171192163876
2020-03-30,60.52951361729587,61.683422027854625,60.206030134757754,61.51202392578125,167976400,-0.010199507645902757,0.2587552602120294,21.046694077586235,-0.04935405028811546,62.79699623321803,66.81641345388371,63.014403915405275,42.2240199629719,0.0646670699199323,4.583395156700097,78.98725891113281,54.1637077331543,0.3567743451132106
2020-03-31,61.70273919270683,63.36600556092488,60.833685075362965,61.386497497558594,197002000,-0.010534731111134567,0.273190266934884,22.938852972462183,-0.09011606231402192,62.66266302029808,66.60347557324351,62.59158477783203,44.345178011715845,0.0643834023663114,4.531836714270552,78.98725891113281,54.1637077331543,0.5040281860727038
2020-04-01,59.505957782413006,60.04187380235648,57.726815314664734,58.15651321411133,176218400,-0.0351325706625524,0.2918903565595224,25.68024870193064,-0.1403916439455548,62.23350589589934,66.2722221473952,61.84528560638428,47.88560307994798,0.06407404304843065,4.320264618680367,78.98725891113281,54.1637077331543,0.39485500859743894
2020-04-02,58.01891951220774,59.18006982201146,57.1884908369524,59.12696075439453,165934000,-0.02508270205479455,0.31256359808046846,21.44106696615224,-0.224721769143423,61.93764445385126,65.99201581825791,61.266037940979004,38.790856071388205,0.06408621015330844,3.916084588991772,78.98725891113281,54.1637077331543,0.39784317372781874
2020-04-03,58.61276473473643,59.3128333420279,57.688188979235456,58.27721405029297,129880000,-0.030613503373160055,0.33317197158350037,28.26778628656908,-0.296191798402065,61.58903203446476,65.68947457245537,60.691256523132324,49.6525832549905,0.0640923492359924,3.3774079361676423,78.98725891113281,54.1637077331543,0.35390794148396276
2020-04-06,60.568138982385115,63.51567376682207,60.201208300554335,63.36117935180664,201820400,0.01499939622081553,0.358011722517308,31.09804077439747,-0.2537532577955526,61.7578079694497,65.59816887752797,60.64659652709961,53.82716493789147,0.06503036674920318,3.42034370392309,78.98725891113281,54.1637077331543,0.6607342004752828
2020-04-07,65.37207245676143,65.58934152567265,62.52351377225885,62.627315521240234,202887200,0.007800861285508513,0.38761744842667534,33.856773907163614,-0.25683008001169727,61.840618212477374,65.48166482434021,60.33385753631592,55.2124297827605,0.06289805781487212,3.367924728344499,78.98725891113281,54.1637077331543,0.7985404166954488
2020-04-08,63.42633937506472,64.54403851459621,63.06182517929843,64.23021697998047,168895200,0.021955670712943583,0.4159459229899639,36.79264240913029,-0.2295757559412549,62.06819904747767,65.4325884382869,60.22087993621826,58.37197911953103,0.06273583914421446,3.3284366029805645,78.98725891113281,54.1637077331543,0.9704909815167784
2020-04-09,64.86511973614601,65.19584133375365,63.89950579064059,64.69371795654297,161834800,0.02644551780584939,0.448452042570032,46.52859774588788,-0.2313422552521831,62.31824846738865,65.40361312527733,60.45938587188721,67.0659541107097,0.05825821902404548,3.010128748416097,78.98725891113281,54.1637077331543,1.079902807630273
2020-04-13,64.77097468626023,66.07214313145124,64.17229133387406,65.96350860595703,131022800,0.041771700956267886,0.47244234925137896,56.71154734937933,-0.15346912185178785,62.665416099633255,65.42556981079419,60.4024133682251,71.45362094749325,0.051863831731744726,2.859080106068735,78.98725891113281,54.1637077331543,1.193375221520282
2020-04-14,67.59299914714502,69.58457858630197,67.12225924197793,69.29489135742188,194994800,0.0915565620988723,0.4905433188498011,66.75369682340897,-0.20603917473427003,63.29679469561312,65.57730791066194,60.94364070892334,69.09038094684516,0.043131229095886826,2.71561890985922,78.98725891113281,54.1637077331543,1.4322903698945577
2020-04-15,68.17236560618718,69.12107985304799,67.74508394624776,68.66241455078125,131154400,0.07545863253466982,0.5002442604543442,67.71360882132058,-0.2322339826048666,63.80780611039104,65.69829248478428,61.32469711303711,68.27275428492047,0.04252094427781003,2.5857781555676422,78.98725891113281,54.1637077331543,1.481077530972469
2020-04-16,69.37453866907585,69.57249130619873,68.16027936470277,69.20796966552734,157125200,0.07732494486615157,0.5079231601679011,65.90668653646387,-0.2609950231609385,64.3221074013564,65.8359268840291,61.80774574279785,64.74270101344163,0.04188120987463844,2.4597312146959367,78.98725891113281,54.1637077331543,1.4799422192448208
2020-04-17,68.72516178272222,69.27073604048029,66.83496828577375,68.26890563964844,215250000,0.056610837972727805,0.5116518250251388,71.4863077999583,-0.19029545741518172,64.69799294786041,65.93133781562203,62.26665363311768,69.6966183588603,0.04202075446947348,2.4373149213576673,78.98725891113281,54.1637077331543,1.3494579707455743
2020-04-20,67.09811161151838,67.99854202997274,66.83256626499734,66.85187530517578,130015200,0.033343251971665294,0.5141060183013936,69.51356206425734,-0.1585550238649449,64.90312460093807,65.96743732501629,62.842280578613284,62.59681969920471,0.03918164777803364,2.4057585916192177,78.98725891113281,54.1637077331543,1.1111621336239512
2020-04-21,66.69496415132106,66.92912586019385,64.07573448825138,64.78546142578125,180991600,-0.0018179152996261126,0.5135684479705507,63.54616153057529,-0.10565793398213208,64.89191858425647,65.92108532896786,63.37336826324463,57.34557780417332,0.03964684077381641,2.428692226360685,78.98725891113281,54.1637077331543,0.7738092389324166
2020-04-22,66.05040482183006,67.08602784822331,65.71003238672124,66.65150451660156,116862400,0.03198528994984185,0.5056711418720379,90.85652513709962,-0.09829367064410444,65.05949819686077,65.949729218679,63.72605857849121,69.50881891675911,0.03384542390916642,2.3316125291855565,78.98725891113281,54.1637077331543,0.6412504449206733
2020-04-23,66.59599709494192,68.01545116760279,66.35459354155203,66.39321899414062,124814400,0.024389406892513288,0.49366694162771124,88.60547142980978,-0.06169033381316713,65.18651922517314,65.96712097457946,64.08225021362304,67.25130860653556,0.033817779819573075,2.3079895749706774,78.98725891113281,54.1637077331543,0.5069703479628865
2020-04-24,66.91707859777999,68.31963287685757,66.86879493259592,68.30997467041016,126161200,0.05954932484835466,0.4798267980117161,100.27725972735654,-0.04421684688085581,65.48399117233858,66.05899759010224,64.37833290100097,72.67082587129177,0.032493769442357184,2.3295445406795703,78.44407653808594,54.1637077331543,0.5163011162731398
2020-04-27,68.02750920842628,68.68895986495261,67.58091858862758,68.35823822021484,117087600,0.058190448862431236,0.46203990253008187,95.08200050252235,-0.15431471005400565,65.75772898642204,66.14916388932234,64.80598011016846,64.61869717116082,0.030637440762302664,2.034514652093565,78.44407653808594,54.1637077331543,0.4947357013817728
2020-04-28,68.81931364694016,69.00036629064134,67.1584635837108,67.25019073486328,112004800,0.030325566829816603,0.4487144684439741,93.58551860233601,-0.1982963451053369,65.8998682005593,66.19234141267688,65.09288845062255,63.2342968046812,0.03062674992346337,1.9470914344876178,78.12300109863281,54.1637077331543,0.3800149804534856
2020-04-29,68.73481966758834,69.92735352024151,68.53204161617626,69.45903015136719,137280800,0.07101997460029386,0.4309264649802151,94.17789576021292,-0.14162042902200866,66.23883600539814,66.32044685340983,65.49651508331299,64.46705543765022,0.031198348845640978,2.0014085624892073,78.12300109863281,54.1637077331543,0.42373001039171987
2020-04-30,69.99736587702316,71.10058178322025,69.60870972779222,70.92435455322266,183064000,0.10381699727237907,0.4135638488656154,108.32720898052641,-0.12215077723312262,66.68507586709572,66.5009922534025,66.13490715026856,66.33342293433688,0.028020371154912748,2.026066854542065,77.32152557373047,54.1637077331543,0.5160427278038678
2020-05-01,69.10174168301795,72.17963585405194,69.00518177066984,69.78250122070312,240616800,0.06726182987763679,0.3903542889386265,96.58321394969246,-0.09119150203537119,66.98006875791548,66.62967887957116,66.66768417358398,60.07897864169784,0.02858273309674129,2.1171098749567014,75.57136535644531,54.1637077331543,0.4664161911180972
2020-05-04,69.8066465413913,70.8977876030395,69.11864515995262,70.76984405517578,133568000,0.0836291062847188,0.3623062170543954,89.41812699567332,-0.02407012883773585,67.34099973860694,66.79203829822232,67.29231567382813,54.44228193008618,0.028078236267996336,1.9855436222954117,73.0824966430664,54.1637077331543,0.46524365318219685
2020-05-05,71.2285224464027,72.66245995311394,71.0836788601292,71.83203125,147751200,0.1284681683450889,0.33339149606692275,127.06877626579997,0.03232437222831419,67.76871702540627,66.98968508064497,67.71585826873779,59.30543012371164,0.021515916516520333,2.0100299427785577,73.0824966430664,54.1637077331543,0.4982186171617382
2020-05-06,72.53209353947886,73.20319497472518,72.14826285856589,72.57313537597656,142333600,0.13911010954796463,0.30279639194112706,130.49668361594885,0.0028426803564023384,68.22628067784154,67.20864391575601,68.21314926147461,59.76737872350602,0.02109984386917952,2.007097927294931,73.0824966430664,54.1637077331543,0.5292416593414586
2020-05-07,73.19837114485792,73.66911092684012,72.89661676334377,73.32389831542969,115215200,0.14940269356275737,0.2628093664717921,144.30867765864704,-0.05659653832335787,68.71176807189755,67.44845781378244,68.66783332824707,64.834245163301,0.020687124690167508,1.9113984841632896,73.32389831542969,54.1637077331543,0.5568251497329413
2020-05-08,73.98229650289032,75.1223827731926,73.65551811313698,75.06912994384766,133838400,0.18134790411918553,0.22604492220315672,160.977379645738,-0.08494782768916609,69.31723110732138,67.74730770123598,69.18660392761231,73.65841100473762,0.021032361789512743,1.9372659900998477,75.06912994384766,54.1637077331543,0.6430023748720464
2020-05-11,74.57774424961227,76.7441494175839,74.36957144120983,76.25035858154297,145946400,0.19647598610651076,0.20091006058456318,185.82586908793158,-0.04153955022480327,69.97752896200915,68.0807606769343,69.7009464263916,84.78159531865313,0.0209336992401539,1.9030650332735337,76.25035858154297,54.1637077331543,0.7239285795263348
2020-05-12,76.93297679324957,77.3832066763356,75.25794640867731,75.37897491455078,162301200,0.1691332891330764,0.19645149651465393,190.72424808808407,-0.059445272511061464,70.49195238606073,68.36696515684083,70.00515060424804,78.17747126527382,0.018695299289026992,1.890543165074693,76.25035858154297,54.1637077331543,0.6646783592207308
2020-05-13,75.55809815483286,76.47791927324582,73.39410778103768,74.46884155273438,200622400,0.12228060076692546,0.18889326342906415,180.68515135052905,-0.007431227021371667,70.87070373526774,68.60625442726803,70.2954719543457,75.01980806504987,0.018818579624484705,1.9921827269430779,76.25035858154297,54.1637077331543,0.516686414445076
2020-05-14,73.70877656980059,74.98683718466037,72.98744407851115,74.92632293701172,158929200,0.1232905348057703,0.17856081794056922,173.66891788701145,0.04499168811006338,71.25695318305289,68.85410025117955,70.58138961791992,72.53649891113963,0.018804187089981994,1.9973955286168124,76.25035858154297,54.1637077331543,0.4069312035195711
2020-05-15,72.70179445954508,74.52932117684874,72.6679029463599,74.48332977294922,166348400,0.09855908949116189,0.16364347670050225,169.90367294625895,0.07345374739987554,71.5642271439954,69.07485435007247,70.89211082458496,70.31685906442456,0.018500065405705955,2.0795654367830116,76.25035858154297,54.1637077331543,0.26850192559246144
2020-05-18,75.80498172029709,76.611028150083,75.11511790410643,76.2382583618164,135178400,0.14510507719407814,0.15189306597292218,194.1752982306439,0.1034722284891374,72.00937297426407,69.35577215445458,71.36142997741699,78.58655624986655,0.01795838603011202,2.0999794132261007,76.25035858154297,54.1637077331543,0.2590112507954143
2020-05-19,76.25521336264156,77.0999898949941,75.76626090152799,75.7977294921875,101729600,0.13042289225616255,0.13672993553298793,200.24150839522756,0.06002332751909045,72.37016883311392,69.6083979324049,71.9120433807373,72.71530747274139,0.015952171147934784,2.0040198566609493,76.25035858154297,54.1637077331543,0.19013500629447755
2020-05-20,76.65460086911052,77.34204178986873,76.61587086677298,77.2718505859375,111504800,0.17113874571865711,0.1321743049098829,204.4322747191604,0.0024553284822510513,72.83699566671616,69.90892548744539,72.4430606842041,72.73249894941509,0.015438961357441836,1.9970741899343898,77.2718505859375,54.1637077331543,0.20940277529386586
2020-05-21,77.13386219842414,77.6736518116283,76.45852129538247,76.69573974609375,102688800,0.13102712999011062,0.12412348986660698,208.26308453361568,-0.07022796438642132,73.20449510284736,70.17507506621591,72.95818672180175,75.80425793664354,0.01559814021999229,1.8571225065675137,77.2718505859375,54.1637077331543,0.15158917246346748
2020-05-22,76.43432834001963,77.27185079219365,76.33266854723075,77.1895523071289,81803200,0.14020825048111335,0.11683305780677869,214.26273138636668,-0.13581687896355676,73.58402436039799,70.45015260507525,73.4021656036377,74.87871742045968,0.014753175210883953,1.7971253495586572,77.2718505859375,54.1637077331543,0.11642765319786053
2020-05-26,78.3054252019707,78.48454498542678,76.6110265113562,76.66670227050781,125522000,0.1042672601682623,0.11012434688541653,192.09558373544826,-0.1448672132003972,73.8776127327894,70.69393886646476,73.81758880615234,69.55350530733152,0.014993478084104624,1.7957612478538303,77.2718505859375,54.1637077331543,0.03216085196269214
2020-05-27,76.52389490649263,77.1459757123096,75.7856167074525,77.00074005126953,112945200,0.10948242954989838,0.10154163607404945,196.9136121990467,-0.10430554059492358,74.17505342978751,70.94126440312378,74.30511627197265,68.51685816297554,0.014077640451711303,1.7949894821489676,77.2718505859375,54.1637077331543,-0.023855506146464922
2020-05-28,76.67638285095582,78.29090607267398,76.4004417495467,77.03462982177734,133560800,0.10768282205276308,0.08922278472376988,206.08112769960604,-0.07277421665108996,74.44739403854845,71.18021990973764,74.68389625549317,66.50867602164985,0.012733308195218594,1.8517386801678046,77.2718505859375,54.1637077331543,-0.07832893704149102
2020-05-29,77.27668110998019,77.73658783652532,76.60376308600569,76.95958709716797,153532400,0.09562103147425889,0.08203219408093716,188.13951072550032,-0.02850159219893833,74.68665052032173,71.40686176022511,74.98565788269043,59.87850112584598,0.012235826205275234,1.8041915582218562,77.2718505859375,54.1637077331543,-0.13575299364995352
2020-06-01,76.91361639836452,78.0270801430567,76.78290354210658,77.90605163574219,80791200,0.12772856158048662,0.07043222771972472,193.59323756537336,-0.040996999314666716,74.99326015036178,71.66173195142186,75.39183540344239,58.8693612948209,0.011378442018850939,1.7234486028344307,77.90605163574219,54.1637077331543,-0.1265165657146059
2020-06-02,77.63977407114822,78.29090791932163,77.19922860751555,78.2667007446289,87642800,0.12771600674341854,0.05426584958763672,215.51002393512033,-0.08138044872410344,75.30501639743484,71.9207503354692,75.76667823791504,66.364680307215,0.011198924863759487,1.6496213917021296,78.2667007446289,54.1637077331543,-0.11307984161630591
2020-06-03,78.58622664893751,78.9589964979716,78.0149682866651,78.69757080078125,104491200,0.13084684823446344,0.05348067726200834,242.89274326449615,-0.16613454080598056,75.62811681680117,72.18650800077555,76.10995521545411,75.34060692954512,0.01095561113862258,1.496779728780584,78.69757080078125,58.15651321411133,-0.09297575989839535
2020-06-04,78.52085026224736,78.81857555541607,77.6470209126839,78.01979064941406,87560400,0.0866741802593436,0.051228898416787266,206.79466158366546,-0.2236224120809528,75.85589527705001,72.4152641830751,76.38228797912598,68.0607138816457,0.011252205725808782,1.4376484099650801,78.69757080078125,58.15651321411133,-0.14028615244775544
2020-06-05,78.26912701737099,80.30240419943048,78.2400813612976,80.24188995361328,137250400,0.13791646696004195,0.04801217659033538,206.33678908671584,-0.20220415909336031,76.27360905577032,72.72219068388051,76.72818756103516,77.83745985474684,0.012480917911743928,1.4393765213482663,80.24188995361328,58.15651321411133,-0.04198726975281364
2020-06-08,79.93933807530591,80.75023064294642,79.2301127155256,80.71633911132812,95654400,0.14388776670649187,0.04329047247740901,205.10321965596668,-0.19000896487340757,76.69672620391869,73.03568670064317,77.01054801940919,74.70609083340139,0.011644759748431583,1.39597791779734,80.71633911132812,58.15651321411133,0.030988443844452096
2020-06-09,80.3968056767083,83.65730597576551,80.36533708864444,83.26517486572266,147712400,0.18292749567706776,0.03989268311306392,198.55189345083863,-0.06896685285414961,77.3222927431381,73.43684309927374,77.36128883361816,83.42331378008711,0.012970149478936238,1.5358521959155513,83.26517486572266,58.15651321411133,0.2165784556721193
2020-06-10,84.21161714524366,85.87454732273147,83.77349462695621,85.40737915039062,166651600,0.21130328648552565,0.0425742218411658,190.29421497560378,0.07693062017551111,78.09230097240025,73.90627588559205,77.86270904541016,84.35874038358679,0.013228665097687489,1.6119279215818076,85.40737915039062,58.15651321411133,0.4365800962936408
2020-06-11,84.55290729433239,84.9765069301838,81.20526313670851,81.30692291259766,201662400,0.060977853714202175,0.06861976071179768,106.85025202691273,0.26963172350733333,78.39845544289524,74.19649733763148,78.20461311340333,65.0069994939706,0.017585563198326822,1.825284028541542,85.40737915039062,58.15651321411133,0.26723036474153483
2020-06-12,83.44187634114364,84.18740853476542,80.90027823694467,82.00889587402344,200146000,0.06591715936995193,0.08897851385862242,104.03661259655084,0.3846235326103786,78.7423069125265,74.50286590768607,78.55874176025391,65.47478418677895,0.017606241745805617,1.9929946037456747,85.40737915039062,58.27721405029297,0.16859106895315001
2020-06-15,80.66547714891838,83.67424321088224,80.5032957450343,83.02310943603516,138808800,0.07561238099787808,0.10654781561411322,107.8330975759646,0.4940552257798172,79.15000239095589,74.83699310487623,78.9857307434082,69.78590817443674,0.01750187370455288,2.0856681031583437,85.40737915039062,58.27721405029297,0.1389847518214209
2020-06-16,85.07335265810912,85.4945368687229,83.4418908130573,85.22342681884766,165428800,0.10184932188687487,0.12364246656645458,107.77428712105426,0.40966047349827095,79.72842376504082,75.24430423091432,79.43498916625977,72.93093426359412,0.017672358847166753,2.1650301337176754,85.40737915039062,62.627315521240234,0.22957658091239264
2020-06-17,85.96653487900272,86.02704912393895,84.98378413219785,85.10481262207031,114406400,0.08693553859863964,0.13863884509447114,103.82527587282293,0.30558933038167657,80.24046079904362,75.63099083448907,79.90034332275391,72.39979043905728,0.01754872862845842,2.1045158957615198,85.40737915039062,62.627315521240234,0.24224525862496105
2020-06-18,85.06124238777585,85.55504068464955,84.53113702208627,85.13870239257812,96820400,0.0770146504088897,0.1514317100182763,102.03929951815869,0.14871756135712677,80.70695999842786,76.00384226813962,80.29368591308594,72.75412790838351,0.01729294095104357,2.096735818050352,85.40737915039062,64.23021697998047,0.21458942262563507
2020-06-19,85.8430918789263,86.30783714893171,83.54596609025744,84.65216827392578,264476000,0.059638850716977714,0.16357015425660523,93.82928774381804,0.1064468317607381,81.08269411990385,76.34299230758222,80.69150733947754,69.26043662917364,0.017231198492590985,2.2051425650306493,85.40737915039062,64.69371795654297,0.12940739776729426
2020-06-22,85.0442779239172,87.00977894482239,84.99828651786723,86.8669662475586,135445200,0.08086800515569023,0.17682400976550836,91.07935602889829,0.10063831827361303,81.63357717968049,76.75569716797345,81.17537803649903,72.20336138691088,0.017865295136103018,2.295566233537116,86.8669662475586,64.78546142578125,0.1847322123886661
2020-06-23,88.1087417587427,90.13718045697549,87.68998051908838,88.72114562988281,212155600,0.09509145952608086,0.18915335562307703,90.45036655659996,0.13703838940668533,82.30858369874737,77.22493044098951,81.77810020446778,74.1063224211679,0.01790723905772532,2.4617223762592864,88.72114562988281,64.78546142578125,0.30178889561768685
2020-06-24,88.35078354810454,89.26818142371512,86.78225190963218,87.15502166748047,192623200,0.06032862271006839,0.20219053026769163,80.93271878473648,0.21434402124899954,82.7701492195791,77.61434578320484,82.28581428527832,71.06961223226438,0.0187650952342804,2.5556062956414842,88.72114562988281,64.78546142578125,0.2324380064361633
2020-06-25,87.30996064055707,88.35080275936323,86.55232106785238,88.31207275390625,137522400,0.06700518429220836,0.21117316764775548,77.44622268425634,0.20235721968518927,83.2979514609436,78.03386448793823,82.84968643188476,69.57486127205925,0.018770701763365646,2.5210254486053723,88.72114562988281,64.78546142578125,0.22314284693902176
2020-06-26,88.20798383985682,88.42825657527817,85.45095132716905,85.5986099243164,205256800,0.02484283761203859,0.22441186183634915,60.4853647966015,0.19044922485067506,83.51706179078862,78.33052117171776,83.2816375732422,60.68206545961514,0.020533943019437204,2.6251102572259657,88.72114562988281,64.78546142578125,0.004460979376388341
2020-06-29,85.50661981464565,87.66577111516035,85.02976731524565,87.57136535644531,130646000,0.0420126002790203,0.23389085886366243,57.33623814685262,0.12314581495089305,83.90318593989878,78.69290721817767,83.76490325927735,59.66528930573132,0.02085834546349579,2.5782556081397963,88.72114562988281,64.78546142578125,-0.034943421326580903
2020-06-30,87.15987418081895,88.58801627360432,87.14051287267962,88.30238342285156,140223200,0.044524408053954606,0.23899894507407496,53.706796247738495,0.013625657117488865,84.32215712875143,79.06974942228253,84.26668739318848,56.93733664659501,0.020861372079008282,2.4952649612766455,88.72114562988281,64.78546142578125,-0.03907966981606137
2020-07-01,88.37984827441205,88.9220535759505,88.08696138066959,88.13536834716797,110737200,0.03755443932623098,0.23998412394824728,64.67865346504193,-0.1177188505883282,84.68532010193395,79.42526388992509,84.73857727050782,70.16438487021156,0.020940847758046232,2.2547632599622736,88.72114562988281,66.39321899414062,-0.07811500146162897
2020-07-02,89.04066652590694,89.67485466688348,88.02160865174983,88.13536834716797,114041600,0.033751203683313774,0.23637169184840046,63.310344155449066,-0.1519096957338898,85.01389612528958,79.76683661373853,85.24435615539551,68.87394555057008,0.020714274027229123,2.1380572397703372,88.72114562988281,66.39321899414062,-0.1261415538923103
2020-07-06,89.56106788910034,90.96015670821257,89.52959930495038,90.49298858642578,118655600,0.05277517773882446,0.23161404034500158,64.88432810348421,-0.194955113367138,85.5357144549216,80.18747002443216,85.75691108703613,71.2533939283956,0.020620193552979938,2.113331589427241,90.49298858642578,67.25019073486328,-0.02654068012786892
2020-07-07,90.87061453958542,91.6476154008952,90.100875092419,90.21221923828124,112424400,0.04402401434246352,0.22058346668664677,58.98630313715031,-0.2059427689547335,85.98109586286061,80.5805974445831,86.2317050933838,65.93473273681029,0.020725835406143648,2.047282509126416,90.49298858642578,67.25019073486328,-0.007946406158455765
2020-07-08,91.18768446442876,92.3447162626197,91.10054013078307,92.31324768066406,117092000,0.05987645076590161,0.20757637600684928,63.73913215665976,-0.148353048614992,86.58415794074665,81.04070137540981,86.68410873413086,70.43642158868806,0.020260568743348598,2.125084797169085,92.31324768066406,67.25019073486328,0.1109186399955866
2020-07-09,93.20401878936576,93.25727160992972,91.66454024632048,92.7102279663086,125642800,0.05851358838013014,0.1891265703936897,65.36637537054153,-0.03949324272738397,87.16759318127636,81.49832986917055,87.04925117492675,71.03279107531377,0.01968567915775093,2.165715347243796,92.7102279663086,69.45903015136719,0.17739918303977698
2020-07-10,92.30600881208682,92.93051996359854,91.69602787555728,92.87242126464844,90257200,0.0679885983644644,0.17741321897299914,84.63375575937977,-0.03809083728630536,87.71091014159751,81.94437266899321,87.6275260925293,73.25390415751387,0.015406156240842876,2.056616849341438,92.87242126464844,69.78250122070312,0.19217322882404497
2020-07-13,94.17465987971192,96.7791945693198,92.23094320716736,92.44395446777344,191649200,0.05462750309731152,0.1655096938110886,75.97015661857438,0.047204894633187555,88.16167626789998,82.35612097482773,88.1492790222168,67.55021106244766,0.0156059464364473,2.2130911844311405,92.87242126464844,69.78250122070312,0.13563161490607056
2020-07-14,91.82673375082923,94.16500509879576,90.89482027358297,93.97378540039062,170989200,0.06520302389613876,0.15309863954867498,73.56223972372864,0.08098861573518445,88.71521047099432,82.81171565818315,88.69681282043457,66.87398225334132,0.015721599540594603,2.2130890855594196,93.97378540039062,70.76984405517578,0.16201958620261747
2020-07-15,95.84487913129124,96.09419752364778,93.42430934647336,94.6200714111328,153198000,0.06798565560610753,0.14186114692002963,85.76128629524193,0.047595367973836344,89.27757817957894,83.27478843280862,89.16664505004883,75.48759273991243,0.014991873577793118,2.226228990065953,94.6200714111328,71.83203125,0.18224786563698636
2020-07-16,93.49451766571708,94.31024858615012,92.8579065641584,93.4557876586914,110577600,0.04616469510156401,0.13030585836163294,73.97854589700658,0.026743857438068286,89.67550289187537,83.67404330441187,89.58419380187988,67.55329147810203,0.015442007126237292,2.2236349297419205,94.6200714111328,72.57313537597656,0.0815932574955962
2020-07-17,93.90600170117716,94.06091431617956,92.79495374103924,93.2669677734375,92186800,0.039152706131951126,0.118196444588083,88.5242132763062,0.021773221979954682,90.01754716630985,84.05023642084424,89.99060707092285,81.6167029145295,0.015487732241243604,2.101396024529864,94.6200714111328,73.32389831542969,-0.027486064200958893
2020-07-20,93.35411067179672,95.37044189094031,93.01038653957822,95.2324676513672,90318000,0.05545003207928594,0.10632049616299377,86.80745707351912,-0.05937656988277107,90.51420626012484,84.48875529262946,90.51962203979492,81.60569771013897,0.015698095800564017,2.0816854210618203,95.2324676513672,74.46884155273438,0.00141858585107979
2020-07-21,96.02158177786352,96.09661884897764,93.66878769091768,93.91810607910156,103433200,0.03618643200709554,0.09828239116163848,76.95934564192437,-0.02773510279100988,90.83838719526548,84.85853375484406,90.87217903137207,72.10365231095207,0.015542264882738657,2.151708832285767,95.2324676513672,74.46884155273438,-0.09402264195820553
2020-07-22,93.62035668832588,94.8621099281947,93.53321973878694,94.1819305419922,89001600,0.036442834603942285,0.09253252496002923,80.84489671948918,-0.017630204556921214,91.15681989495374,85.22415715826163,91.14521827697754,73.61944833365816,0.014998208538144691,2.1869801175805423,95.2324676513672,74.46884155273438,-0.16146782770690704
2020-07-23,93.91567346927818,93.99313346599342,89.08664175912257,89.89511108398438,197004400,-0.011453175081376615,0.09249386689403082,50.37206542057148,0.09408261344335433,91.0366571510519,85.40733182201546,91.28222274780273,55.14942630354807,0.0180174385593174,2.43284031527597,95.2324676513672,74.46884155273438,-0.4978734946375254
2020-07-24,88.09664593771886,90.01615612762265,86.31267968652797,89.67243194580078,185438800,-0.012517946960472894,0.09192322949891954,43.56781159598668,0.1875932572602974,90.90673094102799,85.5745906503992,91.35024070739746,47.256001730817125,0.017828304857305976,2.4956037495652614,95.2324676513672,74.48332977294922,-0.7247247445559721
2020-07-27,90.73264205708286,91.88967418415685,90.50995376100629,91.79769134521484,121214000,0.008610208765209454,0.09212732151128795,53.18214908347806,0.22184491413659435,90.99158431285531,85.81863381490177,91.66019477844239,54.71969708325444,0.016872309869841475,2.54349674455668,95.2324676513672,74.48332977294922,-0.7195257443917753
2020-07-28,91.36923715007886,91.54594138277622,90.28481935549644,90.28966522216795,103625600,-0.006806926626879385,0.0918705141104702,42.64282634574084,0.16151301514965755,90.92473487564699,85.9939683798926,91.79610977172851,43.7556590700738,0.01679108750865048,2.4992378135123903,95.2324676513672,75.7977294921875,-0.7993825325251591
2020-07-29,90.7713632677891,92.20434377285328,90.73505619988047,92.02037811279295,90329200,0.010358427353000294,0.09159719551394581,45.68900829198954,0.15329536875306937,91.02908185061327,86.23029817333968,91.98200950622558,48.03316601540574,0.01718741814538218,2.5222340411606825,95.2324676513672,75.7977294921875,-0.7198537041102226
2020-07-30,91.19496376791191,93.23792519284922,90.78830982976132,93.13384246826172,158130000,0.019762567682133057,0.09044693089783458,48.00756131602987,0.07242080149058805,91.22953524277027,86.50102540059153,92.23193321228027,50.70698959230438,0.017296286673518124,2.6090285608068706,95.2324676513672,76.66670227050781,-0.5823447589614275
2020-07-31,99.61613418906327,103.03397765297316,97.62157959922048,102.88390350341795,374336800,0.0665450248340433,0.183587101976079,40.075608839650556,0.1986301820651748,92.33947507711767,87.14349120854551,92.96935997009277,68.77018290018137,0.028550537125428623,2.9913059767039423,102.88390350341795,76.66670227050781,0.1367912589021203
2020-08-03,104.76224738585148,108.09053052398436,104.46452205826068,105.476318359375,308151200,0.07528977952588418,0.23484055893776234,41.45160918848078,0.23044123530715832,93.59060300876122,87.86242560661726,93.71852645874023,69.91952178138649,0.028499339141705396,3.1296232763720573,105.476318359375,76.66670227050781,0.7256855270430709
2020-08-04,105.66515768756337,107.26999701904283,104.94382506056964,106.18074035644533,173071600,0.07269402029765432,0.2695851990611843,42.33198542803384,0.2424076256791179,94.78966370854066,88.58079089092425,94.51695251464844,69.97996834386515,0.028381346311739934,3.105072117893399,106.18074035644533,76.66670227050781,1.0799347013565024
2020-08-05,105.90235611566642,106.88510690463526,105.43760344433964,106.56558990478516,121776800,0.06870856449585394,0.2944440427078357,45.327683381799616,0.22216901931140765,95.91118048913538,89.28607712676194,95.2295696258545,73.28461210742151,0.0281838118884717,3.0825963045592,106.56558990478516,76.95958709716797,1.2456867928720232
2020-08-06,106.89718739322298,110.77735994512231,106.30899078686636,110.28356170654295,202428800,0.08222064514370811,0.31577132535512853,47.27406783962115,0.2691849466598699,97.27997870031705,90.10950789459649,96.10823631286621,76.85668728682546,0.02881995899792127,3.3113397747817452,110.28356170654295,76.95958709716797,1.4944764694098707
2020-08-07,109.8058680042368,110.26175680038186,106.98082124977309,107.77619934082033,198045600,0.05886178802255232,0.3276817198857344,42.31477046298608,0.12949810266180317,98.27961876131735,90.80231932386017,96.85342521667481,69.46440714565783,0.02965642960928718,3.3786744251680147,110.28356170654295,76.95958709716797,1.3815780323566251
2020-08-10,109.21902314455248,110.35874505613272,106.69709332777636,109.34269714355467,212403600,0.0628031027098922,0.3333517065714897,45.96431716307981,0.1077385869657399,99.33324527391139,91.5293929638482,97.69836235046387,73.74887230763447,0.029540968611351665,3.466804465903472,110.28356170654295,77.90605163574219,1.3047341582643153
2020-08-11,108.60794885006548,109.10505737675729,105.83139636601508,106.0908660888672,187902400,0.037451368519671395,0.3376628392572227,40.903127634281596,0.16670106166232657,99.97682820866909,92.10043112561365,98.3042163848877,66.79094619678824,0.03069515729101054,3.622690936484317,110.28356170654295,78.01979064941406,0.9440486243482082
2020-08-12,107.17965891895842,109.8737645271132,106.98566715289093,109.6167221069336,165598000,0.05307250986030475,0.33586896208335376,48.14352371030025,0.14479757332863818,100.89491334183714,92.78734449743013,99.05404891967774,78.41615360887602,0.03127186987288423,3.5289487690112002,110.28356170654295,78.01979064941406,0.8547488459677837
2020-08-13,110.99409224252037,112.55817781440562,110.50667808377884,111.55667877197266,210082000,0.05989753067427325,0.3296952650751733,50.65237187812185,0.04927882758228663,101.91031957327861,93.52339682192199,99.9590934753418,80.04535484668392,0.030973156058021038,3.4745187166095826,111.55667877197266,78.01979064941406,0.8370731062069181
2020-08-14,111.38208013380518,111.54697388434197,109.65067355223329,111.4572525024414,165565200,0.05426517411009503,0.3192832995085259,50.75930006871286,0.021787561203808092,102.81955128081793,94.22668527998158,100.868607711792,78.58088173311985,0.030952392254637067,3.452287500994104,111.55667877197266,80.24188995361328,0.7331600043052182
2020-08-17,112.57755783182,112.60180865121056,110.54061480830164,111.16624450683594,119561600,0.04797510398081098,0.3058199994962097,53.62296644424347,0.007109971730313358,103.6144744452006,94.89098172025038,101.66529655456543,81.46353287157218,0.030934938957941454,3.4914533476505696,111.55667877197266,80.71633911132812,0.5667449728778697
2020-08-18,110.91891544512356,112.51694618501556,110.58427334354064,112.09258270263672,105633600,0.04995298182231677,0.28766787796645976,55.08337583547042,-0.03587175517514363,104.42191332686119,95.56555430779494,102.57402038574219,81.00293377880526,0.030499022747074764,3.49273865413554,112.09258270263672,81.30692291259766,0.44627515738162504
2020-08-19,112.4999671955,113.64453639963617,112.13865437862,112.23322296142578,145538000,0.04644238909473776,0.2626929159142549,55.573104971704026,-0.028430224374909607,105.1658475777721,96.21918837264322,103.47658500671386,80.41434757824246,0.030518442907137906,3.4286199637006507,112.23322296142578,81.30692291259766,0.309759581757195
2020-08-20,112.27444791147464,114.83760501028006,112.25747159683876,114.7236328125,126907200,0.06280001653009674,0.2525484422091088,57.409322551632776,-0.16319496976318748,106.07611283822237,96.94485286048074,104.71801109313965,74.52408306718365,0.027755529403882005,2.907494739710853,114.7236328125,81.30692291259766,0.319594007742662
2020-08-21,115.6814742972318,121.11817961837232,115.6693525872738,120.6356201171875,338054800,0.09190865590670039,0.239610245425204,58.18582941166758,-0.13322799677450714,107.46273257907619,97.87390255682219,106.26617050170898,77.60396638222119,0.028816457289893082,2.99234615294699,120.6356201171875,82.00889587402344,0.6382709028756572
2020-08-24,124.83317459173284,124.91805616382936,120.21610549023625,122.07845306396484,345937600,0.0922163218051457,0.2203094055754733,59.35458383595167,-0.09434716212771932,108.85470595858939,98.82310061592582,107.78020858764648,78.19046477478835,0.02875629453446868,3.162044632598413,122.07845306396484,83.02310943603516,0.847152966107009
2020-08-25,120.95329871627834,121.42130925505194,119.35768781992572,121.07696533203124,211495600,0.07818043855478912,0.1992551517951756,58.47762220061298,-0.06864148022809102,110.01873066082194,99.695801193028,109.31957359313965,75.18146339474309,0.028343074773704152,3.2529919028658063,122.07845306396484,84.65216827392578,0.8183461445582152
2020-08-26,122.39126546065717,123.17936898693924,121.32671591454528,122.72348022460938,163022400,0.0812006151109767,0.17897048694099701,57.56212776896729,-0.10051437617375958,111.22870680975409,100.5988474295606,110.85472869873047,73.25901024978418,0.028328821385857083,3.0839943669123815,122.72348022460938,84.65216827392578,0.809194800896269
2020-08-27,123.3248772148138,123.65709200762272,120.11425938434616,121.25640869140624,155552400,0.06280559084695614,0.15484264386835214,59.19503395153609,0.0666034111846927,112.18372603657811,101.40894787120162,112.2608570098877,76.22419180276381,0.028956135333067862,3.1011438073771456,122.72348022460938,84.65216827392578,0.6122967281182952
2020-08-28,122.2287948592591,122.64588380173387,120.8368851164902,121.05998229980467,187630000,0.08160427359078742,0.20303997106024968,85.08030947497129,-0.007864967683969715,113.02908377593302,102.17957667232331,113.16966094970704,74.07814334306613,0.019619677812337505,2.968811447154811,122.72348022460938,84.65216827392578,0.38773842150260407
2020-08-31,123.74922926791106,127.06653708598974,122.2166692582802,125.1653823852539,225702700,0.10805841180943034,0.2333681855051668,98.7367538075958,-0.004744005223706327,114.18492173872548,103.08098081792843,114.15411415100098,87.8682679535123,0.020104355365982353,3.1470438763437736,125.1653823852539,85.5986099243164,0.4312637153033503
2020-09-01,128.7737011544299,130.75245576113278,126.61066398001222,130.15106201171875,151948100,0.13309055447258547,0.2508931292423554,94.37824136167714,0.007046316918318363,115.7055065266296,104.14255262944963,115.35263023376464,88.53293559769287,0.02125550572864944,3.2759135147461222,130.15106201171875,85.5986099243164,0.695731394950796
2020-09-02,133.45865994566697,133.8369490459464,123.18664339139956,127.45452117919922,200119000,0.09266810548588673,0.260722956501117,80.46439457722785,0.2407758246503986,116.82446030306481,105.05674747453784,116.39707679748535,79.00879384252823,0.02233595384943132,3.8265456538228944,130.15106201171875,85.5986099243164,0.5929705736966735
2020-09-03,123.09935930505593,124.97140134269284,116.8818246649217,117.25041198730467,257599600,0.0025979099332698653,0.25359258174846316,45.473882728709405,0.4335339823418709,116.86502713013527,105.53493039660714,116.74541931152343,57.72288496138661,0.029138131510827028,4.445595032004191,130.15106201171875,85.5986099243164,-0.2150420389996972
2020-09-04,116.46473461185484,119.98573625952378,107.56037630423064,117.32801055908205,332607200,0.002911080490291904,0.24442522213630707,47.33505568462116,0.746790829855549,116.90912079003496,105.9974041284689,117.22300987243652,58.261282104420296,0.02849286497742371,5.185892611460206,130.15106201171875,85.5986099243164,-0.7660907614004255
2020-09-08,110.52850171438396,115.41717011939836,109.2966383541402,109.43243408203124,231366600,-0.04179536261514887,0.2359116236596849,33.738947652810566,0.7862839589945743,116.1970553892727,106.13211118547135,117.22749671936035,46.99501598281147,0.03258035631044152,5.621513994564987,130.15106201171875,87.57136535644531,-1.6342759400046178
2020-09-09,113.7391214492864,115.56266939432574,111.799173992742,113.7973175048828,176940500,-0.013451138511672024,0.22441252140693937,37.08168054925099,0.8158397903872034,115.96850892409272,106.43270751172278,117.61281929016113,51.61291693055713,0.03289122802118528,5.948534109943205,130.15106201171875,88.13536834716797,-1.8695656501433673
2020-09-10,116.74602745349068,116.88182317054356,109.122034080383,110.08230590820312,182274400,-0.03327489235642379,0.21179201769098463,32.68772865856801,0.6507780231828049,115.40791816067465,106.57582901746711,117.6360984802246,45.33170159134748,0.03311142481141683,6.316777470036511,130.15106201171875,88.13536834716797,-2.2072133722149685
2020-09-11,111.12989436180372,111.77008060116816,106.69711453574044,108.6370620727539,180860300,-0.03901339873009716,0.20131357960947796,26.852238766177212,0.3996728898884494,114.76307472372982,106.65666168630189,117.49011764526367,36.740277130674166,0.032997937541968864,6.22237884571904,130.15106201171875,88.13536834716797,-2.441435099955461
2020-09-14,111.27535861813932,112.44902563888212,109.413011315819,111.8961410522461,140150100,-0.016384096722582165,0.19272220362580156,28.33489376054808,0.18760815147478005,114.49003342168375,106.86213146535853,117.5120620727539,39.18170720438111,0.033708668213239465,6.158808338042975,130.15106201171875,89.67243194580078,-2.2927697118044352
2020-09-15,114.77699015613864,115.26197700807842,110.1987130897774,112.07076263427734,184642000,-0.014006037795321403,0.18510750745506593,29.435040060842454,0.12534268847059282,114.25962668002599,107.06639151119849,117.55728797912597,40.260144017666185,0.03369970690104938,6.326129671918824,130.15106201171875,89.67243194580078,-2.1035285617717108
2020-09-16,111.7700619173575,112.51693833812011,108.67584374495958,108.7631378173828,154679000,-0.03173580611759873,0.18063999433984257,25.712908634680378,0.08435486164768591,113.73615155025044,107.13293058202925,117.39081573486328,35.42605575693936,0.03432047781491524,6.450321881794005,130.15106201171875,89.67243194580078,-2.116210106990127
2020-09-17,106.42549948987327,108.83102975873638,105.44582412860576,107.0268783569336,178011000,-0.03922154611127856,0.17705438822852712,25.742777765717108,0.01935881727646005,113.09717315088693,107.12877167124118,117.13049850463867,35.22806024876769,0.03447818811449548,6.439062810855008,130.15106201171875,89.67243194580078,-2.1496839611922067
2020-09-18,107.08507634439113,107.55065948223604,102.90448550905262,103.63196563720705,287104900,-0.05622095801934635,0.1783903489932295,24.33186368074157,0.06739212658747906,112.19572481625075,106.99164202284769,116.57591514587402,33.034312306350245,0.03461117274365166,6.641718188564989,130.15106201171875,89.67243194580078,-2.295387088607797
2020-09-21,101.40104892896449,106.88140167582652,100.0042844680874,106.7747039794922,195713800,-0.03429866226200845,0.1775267391818849,24.799924359491676,0.0885062256712843,111.67943711751184,106.98313464859845,115.88286933898925,31.755235722363878,0.03309612552520667,6.703901218675994,130.15106201171875,89.67243194580078,-2.081346082412506
2020-09-22,109.2966385858708,109.47123415071694,105.88233436259476,108.4527587890625,183055400,-0.020678428907525196,0.17689502668935653,21.26938382708514,0.03715460701995266,111.37213441956428,107.04076696783234,115.20158462524414,26.961919333505733,0.033211183158629164,6.56117453383623,130.15106201171875,89.67243194580078,-1.74177367845791
2020-09-23,108.2684372729303,108.7437221830897,103.56406020187804,103.90355682373048,150718700,-0.04743085343185431,0.17691500850897937,20.15001650549775,-0.04339436317571943,110.66084131519915,106.91773911904403,114.3429141998291,25.94135776489611,0.03420509448676224,6.1704142714551455,130.15106201171875,89.67243194580078,-1.7347606976963614
2020-09-24,102.0121353320814,106.93960365288808,101.84724157417912,104.9705581665039,167743300,-0.03694347979514674,0.17687072593276096,27.32166711268012,-0.1025150737729299,110.11890958675198,106.84137908168952,113.45526809692383,34.576073813521674,0.03410724428631797,5.778961811771677,130.15106201171875,89.67243194580078,-1.574190307501103
2020-09-25,105.17423363698332,109.06382969318264,104.43705165768294,108.90863037109376,149981400,-0.00766744455782766,0.1770108619039346,31.087609393077617,-0.2137696755844447,110.00364489954644,106.92244775970538,112.8378791809082,40.35984484831373,0.035510798277747384,5.221920246072146,130.15106201171875,89.67243194580078,-1.138977539965337
2020-09-28,111.55664982653556,111.85733923135932,109.39360575227523,111.50814819335938,137672400,0.009509489043408615,0.1531777172278662,40.55566768008903,-0.27521711525618653,110.14693092752863,107.10227914926044,112.36028747558593,52.704709232921466,0.03608170622424293,4.858872864309554,130.15106201171875,89.67243194580078,-0.6372662768165795
2020-09-29,111.11048577797068,111.84766043177646,110.15990833447874,110.66429138183594,99382200,0.0034169054482103174,0.12475567276516154,36.60433290809245,-0.3078140794386791,110.19620335174837,107.24196590347908,111.63523292541504,45.50513833576766,0.03499553338610031,4.541552634666926,130.15106201171875,89.67243194580078,-0.33847124438720233
2020-09-30,110.37327567312818,113.73908460394166,110.20838196881353,112.3326187133789,142675200,0.014805237730549295,0.09772894648446491,45.18012122084793,-0.3129351054517998,110.39967148142746,107.44159934700457,110.74431076049805,53.42988306537609,0.03372054270920308,4.239475030736039,130.15106201171875,89.67243194580078,-0.02143033604547362
2020-10-01,114.10770215411938,114.18530182393523,112.35205217632898,113.2832260131836,116120400,0.020197009522522492,0.07115606808043613,48.99948369085055,-0.30619807670184207,110.67429572254709,107.67068274567826,110.03574600219727,57.190005950525645,0.03371719248351994,4.009454819673797,130.15106201171875,89.67243194580078,0.24467255390630605
2020-10-02,109.50031753591524,111.9058552854288,108.8504370093438,109.62641143798828,144712000,-0.00844008730843339,0.0966517227773024,45.8025734588787,-0.22369563249357127,110.57449721925578,107.74737798851396,109.65454597473145,46.53027301744881,0.02958229465803292,4.053799493796052,130.15106201171875,89.67243194580078,0.1703063690317953
2020-10-05,110.4896945754234,113.14742012517608,110.1405034929378,113.00192260742188,106243800,0.019071661834763422,0.11181761602740184,49.35813260594846,-0.18836353286231022,110.80568058955731,107.95343856180448,109.43824157714843,51.2965731731129,0.030527217022278893,3.9436384058593936,130.15106201171875,90.28966522216795,0.33483759989623246
2020-10-06,112.22594105943094,112.63333559022072,108.8795351442964,109.76221466064452,161498200,-0.009281072038855745,0.1358605879016707,55.93304484871482,-0.1272300306600478,110.70630288204181,108.02437095783742,109.4547306060791,51.39377869624201,0.027179208974508078,3.9637307537140325,130.15106201171875,90.28966522216795,0.21754911147753542
2020-10-07,111.1783781507114,112.08045390652612,110.7030857522688,111.62456512451172,96849000,0.008622220810524415,0.15820121287660566,64.84070912770285,-0.08301880753148738,110.79375642894371,108.16555504280504,109.34609298706054,56.3915927626689,0.025883504702923537,3.8875188691248175,130.15106201171875,92.02037811279295,0.2548755491382485
2020-10-08,112.75945623194846,112.9049537845684,111.14929614349688,111.51789093017578,83477200,0.007137610949928898,0.1784506965901666,74.96149598852325,-0.0819067473291557,110.86272161953724,108.29701919525095,109.41787223815918,62.065946524443696,0.024767271724634284,3.68105341683111,130.15106201171875,93.13384246826172,0.26091544691704527
2020-10-09,111.81855175000258,113.48690747123634,111.46936067345082,113.4578094482422,100506900,0.02562135267459284,0.19370221531950918,73.4950209395448,-0.17757618505951234,111.10987284131866,108.49940312674082,109.65890960693359,60.616321809436364,0.024795147401842157,3.333941244691567,130.15106201171875,102.88390350341795,0.3770430128073307
2020-10-12,116.45503667336372,121.4213045373118,115.6984583933761,120.66472625732422,240226800,0.08366398885235653,0.19594261335060387,72.09434795411174,-0.07536848910929494,112.01985888093824,108.97647462205782,110.0973388671875,66.5006615121568,0.027715222699285134,3.6464123376163826,130.15106201171875,103.63196563720705,0.8913519663917753
2020-10-13,121.50861812548328,121.6250176489062,116.05736995065374,117.46382904052734,262330500,0.04605986541603338,0.1947817583977024,72.63042967775044,-0.0730637797038497,112.53833222947054,109.3093120502331,110.3669921875,69.0153216222612,0.028551947478555436,3.6741256031192964,130.15106201171875,103.63196563720705,0.962038426511715
2020-10-14,117.3667890995917,119.33583404671704,116.02822838388988,117.55108642578124,150712000,0.04376482059353866,0.19219501432693128,74.31128135086577,-0.08768468491489934,113.01573739102395,109.6325188884899,110.80638961791992,68.13988399398119,0.027536657895150835,3.546643001984882,130.15106201171875,103.63196563720705,0.9586150658804544
2020-10-15,115.15526489684528,117.56079523723751,114.60238025084044,117.08551025390624,112559200,0.035823140552437495,0.18787162284929002,69.61941137404872,-0.06888767299827492,113.40333480653655,109.9247930596827,111.30932121276855,63.10232222206461,0.02720166071516421,3.427474212763266,130.15106201171875,103.63196563720705,0.8714551398302798
2020-10-16,117.63840102761569,117.90029805270328,115.2425649700268,115.44625854492188,115393800,0.018592309557256152,0.18288877010228227,64.57246660752541,0.021820715669188084,113.59789897209706,110.14132111792738,111.9000358581543,56.51063621535088,0.026218612230164164,3.4066902286497602,130.15106201171875,103.63196563720705,0.6594923707716971
2020-10-19,116.35803418573154,116.80422116143151,112.18715207359088,112.49754333496094,120639300,-0.009919521380673093,0.18009458133235223,59.74519274306857,-0.00836032194061398,113.49310319713172,110.23372198918359,112.18617782592773,52.83359426186785,0.026436225254839636,3.6159271565456828,130.15106201171875,103.63196563720705,0.2953470181528095
2020-10-20,112.71095010647144,115.4074834270812,112.15806534871491,113.98162078857422,124423700,0.00440247887237777,0.17585815149368167,59.44478174130134,-0.02130852591472754,113.53962868203101,110.38069841268911,112.46262092590332,52.56340616665354,0.026378010900925834,3.595835402491265,130.15106201171875,103.63196563720705,0.13712298791131095
2020-10-21,113.16682541230044,115.14557257156684,112.9534300225298,113.36082458496094,89946000,-0.0017420203169175048,0.17080261211507308,61.27045549541615,0.020706765020867657,113.52259972040528,110.49756610571939,112.93548431396485,50.121878240629904,0.024298644678882847,3.6200825052398877,130.15106201171875,103.63196563720705,-0.01837983216704564
2020-10-22,113.92339674553574,114.49568501963496,111.14927164811972,112.27444458007812,101988000,-0.012036483605452786,0.16365110028267463,65.90446467313491,0.03355533138559963,113.40372780227888,110.56724761451777,113.30067863464356,54.52438215238699,0.024461647691342674,3.5424842457881343,130.15106201171875,103.63196563720705,-0.19369591480201775
2020-10-23,112.89520172586803,113.05040101966856,110.84855729080904,111.5857391357422,82572600,-0.018419431549456328,0.15128772441821284,60.02103580634845,0.012201857491113577,113.23058602451349,110.60718845848736,113.43453407287598,47.33571980146578,0.0231955376391964,3.448258177336114,130.15106201171875,103.63196563720705,-0.3464200742286697
2020-10-26,110.58669317293084,113.05042702646372,109.49061825916864,111.59546661376952,111850700,-0.01693850694491411,0.13355374946800824,69.81617761852408,-0.05748267671615559,113.0748603663474,110.64594446457686,113.43889999389648,53.92605639555974,0.0225883444375834,3.4080739847767996,130.15106201171875,103.63196563720705,-0.43161608220346626
2020-10-27,112.02224386138344,113.75849741390176,111.10077194371064,113.09891510009766,92276800,0.0002466308889830616,0.11565384340203705,68.17954021647182,-0.04547271590325619,113.07715129337123,110.74213939146003,113.56063117980958,53.206733998688414,0.02269340110345869,3.4323230007989087,130.15106201171875,103.63196563720705,-0.3737111120647377
2020-10-28,111.59546536731106,111.96405267029792,107.7640652164908,107.8610610961914,143937800,-0.04897804941528219,0.09639018717154844,50.82192610766561,0.01875567316857185,112.58038079840172,110.62915592890047,113.3370532989502,43.49770273181462,0.02479099423411806,3.687979589551432,130.15106201171875,103.63196563720705,-0.6585111081857673
2020-10-29,108.99594153712782,113.41901900582576,108.83104039265947,111.85736083984376,146129200,-0.006409975500491831,0.07175214782654098,52.20013795771619,0.11245832701335501,112.51152175472953,110.67732082736885,113.2657600402832,47.348134716283504,0.02619457904636915,3.940866097540635,130.15106201171875,103.63196563720705,-0.5523792519326012
2020-10-30,107.72527832227132,108.6273541724171,104.4855696692542,105.59133911132812,190272600,-0.057378035703179425,0.06819087934993052,24.826705626391565,0.13060024262646963,111.85245674107226,110.4778705639947,113.06400642395019,24.22031315608922,0.028181821240440528,3.898601531934918,130.15106201171875,103.63196563720705,-0.8604408891488291
2020-11-02,105.83380789569206,107.35666597624235,104.09755446367568,105.50401306152344,122866900,-0.054885511369808085,0.058778967078086164,28.81599668901481,0.09554725242995166,111.2478430573057,110.28281732860367,112.68911094665528,27.10727793097061,0.027142958243430597,3.7337060901002195,130.15106201171875,103.63196563720705,-1.0156908412483712
2020-11-03,106.36730788899447,108.14235394209176,105.46523215040254,107.12388610839844,107624400,-0.03626793810470466,0.059196616224601886,33.56195168134639,0.07468659768253283,110.85508525264787,110.15893767290935,112.55719451904297,31.147066548366325,0.026740380583382947,3.688671527876081,130.15106201171875,103.63196563720705,-0.9557585076415644
2020-11-04,110.71280536595152,112.1192643704232,108.97655143196364,111.49848175048828,138235500,0.005384808551720529,0.06340798557411484,42.219843897197194,0.03963940461313098,110.91636110958505,110.21146881320657,112.5508903503418,41.149422231138985,0.028077912670649186,3.8341689047066296,130.15106201171875,103.63196563720705,-0.5861175106274705
2020-11-05,114.40839736997158,116.0282591074031,113.3608313760952,115.45597076416016,126387100,0.03647091075566721,0.06881676697006761,49.45081349471304,0.006856425632613794,111.34870488621125,110.41713555638123,112.74779434204102,50.014332709359444,0.029153267908642647,3.9678863528665116,130.15106201171875,103.63196563720705,-0.06701720553222379
2020-11-06,114.96527887670224,115.8203256136095,112.83736946099638,115.32479095458984,114457900,0.032073316798446785,0.07184919721142932,54.339276474925136,-0.012167832797499112,111.72737974986636,110.60959263082079,112.8411434173584,54.550714941653034,0.028936560080931473,3.85116400035026,130.15106201171875,103.63196563720705,0.25777265593879994
2020-11-09,117.08348090470506,118.53123307425452,112.75965407719043,113.0219955444336,154515300,0.011994816249336878,0.07174847301002697,55.54621887510686,0.07970961141657762,111.85067649220609,110.70419666664874,112.45900688171386,48.495059228476755,0.02526392386363982,4.031318351685817,130.15106201171875,103.63196563720705,0.3045715241725977
2020-11-10,112.27383288243148,114.25598657554706,110.8940882741732,112.68192291259766,138023400,0.007912902376425003,0.07111570237720034,57.61770748958598,0.11554317127416147,111.92984281795766,110.78175455864674,112.21991157531738,48.92584860796691,0.02464916703027031,4.1148723339955895,130.15106201171875,103.63196563720705,0.2992399517435471
2020-11-11,113.86732789743012,116.23814181960137,113.1385925604224,116.10211181640624,112295000,0.03810846488536701,0.07081325557281429,63.09338830904638,0.0771195913157956,112.32720177019087,110.99039601973534,112.14746284484863,55.63960823776236,0.0256768065970144,4.129858443673337,127.45452117919922,103.63196563720705,0.500802597046438
2020-11-12,116.22843412444456,117.1126291713714,115.2082016572188,115.8300552368164,103162300,0.03198437059470313,0.07067895676593101,64.04770445014637,0.035466760626586824,112.66080686225044,111.18018657726793,112.08469009399414,56.33122281571439,0.02566723217151023,4.108614428337129,120.66472625732422,103.63196563720705,0.584704371470952
2020-11-13,116.0535360017511,116.27701069114,114.52805029862242,115.8786392211914,81581900,0.02946438597394332,0.07068270918987249,64.46012326873652,0.03326373935026172,112.96726708691148,111.36443962212768,112.10630912780762,56.38178682392079,0.025461588292885116,3.979268115853022,120.66472625732422,103.63196563720705,0.6095901940236359
2020-11-16,115.54825966136949,117.55956865833652,114.80009473182568,116.8891372680664,91183000,0.03671186278614512,0.07106230679564407,65.35304493773882,-0.011108646116744447,113.34077853273575,111.58109443177234,112.3258888244629,55.73150026973558,0.024760394078283614,3.986535862733002,120.66472625732422,103.63196563720705,0.6561791342344554
2020-11-17,116.16039565890526,117.24863549686008,115.58712010448728,116.0049285888672,74271000,0.024797659515199518,0.07134234391500195,75.00512548901395,-0.09495252212875904,113.59450710951018,111.75457812420744,112.42705421447754,64.18239317097829,0.02471081205391672,3.724154827644855,120.66472625732422,103.63196563720705,0.5915175770477212
2020-11-18,115.24705927558566,116.42275133775613,114.65435397133162,114.68350219726562,76322100,0.010022107448251983,0.06987060879129858,64.10269251731548,-0.16377958741133625,113.69822092739165,111.86943789177835,112.49318809509278,55.42730654814229,0.024830079601317112,3.4534719317012943,120.66472625732422,103.63196563720705,0.4312656278533694
2020-11-19,114.25596702688232,115.68428930116418,113.4980835539356,115.27619934082033,74113000,0.014481426660196417,0.06872057306466595,85.20109350054092,-0.24960761671238108,113.84850458581343,112.00303637997608,112.64327583312988,73.78054400532335,0.02472192417663346,3.083072972889796,120.66472625732422,103.63196563720705,0.3406720954929755
2020-11-20,115.27620565626935,115.40251710432108,113.96448361868472,114.0130615234375,73604300,0.0014950980174058502,0.0648379929622734,79.75687629206772,-0.25790474906635485,113.86417667511095,112.08186089540594,112.76464195251465,69.75283496993057,0.024824784972042685,2.9529959709662017,120.66472625732422,103.63196563720705,0.17927665970666917
2020-11-23,113.85761126601786,114.28513837643996,110.52486130551306,110.6220245361328,127959300,-0.028279816918403908,0.05862082287295378,62.9522356143634,-0.23985025858516318,113.55540028092256,112.02461241072857,112.71596984863281,57.50352504055267,0.025783578879672548,3.030364205197465,120.66472625732422,103.63196563720705,-0.15424158368432783
2020-11-24,110.68032441615657,112.56531474410036,109.39774313111327,111.90459442138672,113874200,-0.01436496979586855,0.051730444810850526,55.62725193427841,-0.22135176392682643,113.39818067525248,112.01990582291124,112.65625381469727,51.00433734867014,0.02573484220610605,2.89980658740906,120.66472625732422,103.63196563720705,-0.279549270899761
2020-11-25,112.27382503154756,113.43979858279867,111.90459439029078,112.7402114868164,76499200,-0.006260412305384382,0.05270125049449338,50.12692767925107,-0.2222584815061841,113.33551694302047,112.0481531038487,112.90021133422852,42.0573576768463,0.02336518996245958,2.6859085042371365,120.66472625732422,103.63196563720705,-0.29567211465069676
2020-11-27,113.26490259506916,114.158816151439,112.92482759135008,113.28433227539062,46691300,-0.0005144133664722913,0.058118778423347416,55.608791618144465,-0.16506383894474652,113.33064221277,112.09663071841898,112.97155990600587,44.17311817602284,0.02192193850285947,2.5741691122378136,120.66472625732422,103.63196563720705,-0.26044354251168694
2020-11-30,113.6535782947568,117.54016723580712,113.49811117883634,115.6746063232422,169410200,0.028631848136421577,0.07733483935937964,88.20958659832891,-0.16494918879219733,113.55387688995783,112.23694348723558,113.47572326660156,57.53732970806976,0.017781515059617684,2.4659016810487,120.66472625732422,103.90355682373048,-0.07646484612693549
2020-12-01,117.57900876605405,119.96925956195165,116.60736173944144,119.2405242919922,127728200,0.06521757708614541,0.08692297179028688,95.0892233840116,-0.16428295009163663,114.09546235681825,112.5115937148731,114.162548828125,65.74895803753813,0.018649395855280224,2.5325270337155277,120.66472625732422,103.90355682373048,0.2663042064561095
2020-12-02,118.56039614708436,119.87212588677608,117.4624374051066,119.59034729003906,89004200,0.06241896189532833,0.09405159544566116,86.09176302830821,-0.15489811838653722,114.6187847314107,112.78919189429138,114.78587188720704,59.824925884890156,0.0185385915555825,2.450632003334511,120.66472625732422,103.90355682373048,0.4847808290881265
2020-12-03,120.0178649561264,120.27049531657391,118.7450094318951,119.45431518554688,78967600,0.06019682562141757,0.10259786290278922,95.45862665100688,-0.09767412394610409,115.07931144132843,113.05056927826219,115.18366355895996,60.28687411675485,0.016626563043575283,2.4235647440863834,120.66472625732422,104.9705581665039,0.5817894078289694
2020-12-04,119.12394191020984,119.37657225081612,118.07456118438024,118.78386688232422,78260400,0.050461170961492864,0.11051120376907143,100.73451997645232,-0.06875082620118755,115.4321262452328,113.27540447842149,115.35005836486816,57.964848694773295,0.01492818546818926,2.3971928589898863,120.66472625732422,105.50401306152344,0.5621476108355679
2020-12-07,118.8421361387792,121.03806032248434,118.78383969393644,120.2413101196289,86712000,0.06348204425288896,0.11270546701380198,99.70693558147606,-0.042498995052110855,115.89014375708004,113.54857724866493,115.59588432312012,58.97034276175883,0.015102251083006325,2.3611033377068193,120.66472625732422,105.50401306152344,0.6049370925381605
2020-12-08,120.84375871455,121.43646406909802,119.60004413555974,120.8534698486328,82225500,0.06831317668023525,0.12262115377645644,111.81422920578977,-0.0627557030511603,116.36284148008507,113.83504362513426,115.98745803833008,63.16629305665463,0.014177715061095005,2.37359651921864,120.8534698486328,105.50401306152344,0.6292914021319878
2020-12-09,120.99920059491816,122.37893756571138,117.56928784632052,118.3271713256836,115089200,0.024878994728740795,0.12722794073510257,96.72833331327458,0.05720843709685286,116.54992051299921,114.01120549574404,116.26972045898438,59.28674627573828,0.01513890939490273,2.590828830144808,120.8534698486328,105.50401306152344,0.43909085381722335
2020-12-10,117.08346263085474,120.35791566525567,116.74338766599487,119.74577331542967,81312200,0.0433631865960273,0.1319539931476756,106.7792604768608,0.11111199101150482,116.85428744656402,114.23609050828072,116.45190353393555,60.93153821810076,0.01386780621867093,2.6928518481471095,120.8534698486328,105.50401306152344,0.3751356620563824
2020-12-11,118.95874547462876,119.2793907717679,117.13205173775964,118.93931579589844,86939800,0.027583477101391973,0.13389194335858023,106.66906368278573,0.1583671954440664,117.05286157507206,114.42053071563828,116.60736656188965,62.32376866141674,0.013968555215568813,2.776829569006658,120.8534698486328,105.50401306152344,0.25080814104426485
2020-12-14,119.12392157489586,119.85265683014164,118.09397811966689,118.3271713256836,79184500,0.016531710842376444,0.13380059614735423,121.62125557049788,0.11552011107818738,117.17422440846363,114.57373230818908,116.72979316711425,72.38838825524567,0.014044740655935384,2.63385825754579,120.8534698486328,105.50401306152344,0.1069868301267245
2020-12-15,120.81460252887872,124.27367140820184,120.61055751786674,124.25423431396484,157243700,0.07139103307920897,0.1308103375349777,102.78327569669577,0.19327489962740763,117.84851106613041,114.95335983782735,117.09804801940918,78.25693954203533,0.017771904581666328,2.832353148226587,124.25423431396484,105.50401306152344,0.37555963871887643
2020-12-16,123.79754252066066,124.73031529802184,122.97163667560736,124.18619537353516,98208600,0.06361506485060199,0.12740547965515073,101.37542929838959,0.0993839401371912,118.45210004778801,115.31543181961982,117.50711135864258,77.142707236497,0.01761662332340377,2.848315607505629,124.25423431396484,105.50401306152344,0.5050846857723801
2020-12-17,125.24529842903368,125.9060261306018,124.4096813755594,125.05097198486328,94359800,0.06670371080317652,0.12297863252112247,103.08729240207138,0.06572211127789473,119.08056404179517,115.6972177084529,118.02548484802246,77.48511134104331,0.017271513463867967,2.8698317569659184,125.05097198486328,105.50401306152344,0.599046291818677
2020-12-18,125.3036238225863,125.43965383144652,122.54414204339464,123.06883239746094,192541500,0.03863566040629836,0.1188089594689389,86.47462122181349,-0.0014994629020087524,119.46039912328715,115.9863006374336,118.4151165008545,67.60752629567136,0.0178567971840977,2.7726658160827315,125.05097198486328,105.50401306152344,0.48274291080554965
2020-12-21,121.47531311924553,124.67203286094654,119.94982751976666,124.59429931640624,121251600,0.04985671635651031,0.11348177900027848,82.55427121608646,0.06429616853622311,119.94934199882229,116.32386921307959,118.94417839050293,64.12091834968797,0.017628830214712912,2.8032052519734774,125.05097198486328,105.50401306152344,0.46349330891241136
2020-12-22,127.87848972538272,130.5991048748753,125.97405467288996,128.14083862304688,168904800,0.08398167710221992,0.10247865375232118,94.80302923512832,0.08037351585330477,120.72948453446273,116.78727977817636,119.82011909484864,69.2981894247307,0.01642558623440164,3.0599993288877343,128.14083862304688,105.50401306152344,0.6340079546502633
2020-12-23,128.41290674198933,128.6752408300138,127.0720287652214,127.24693298339844,88223700,0.06467705853369526,0.08936806480158357,89.1850390774983,0.07626809010131375,121.35019391055184,117.19746225681251,120.58723602294921,67.00592130544445,0.01670469863183432,3.0655511988958466,128.14083862304688,105.50401306152344,0.6297006398087475
2020-12-24,127.59669160383469,129.67601559807733,127.38292807699284,128.22825622558594,54930100,0.06722463956742564,0.08374335430620033,92.69923673052726,0.0943161511455275,122.00524746436461,117.63004241245069,121.3616382598877,70.33469007993628,0.016705475909932394,3.1405032427181507,128.22825622558594,105.50401306152344,0.6342816147304924
2020-12-28,130.19096387713518,133.44597185664287,129.72456272466368,132.8144073486328,124486200,0.09682801671640476,0.08580981602047283,89.96911963394425,0.20901027370081682,123.03469126286635,118.22550770406568,122.3381420135498,73.85690383038015,0.017922009556895723,3.352181457183082,132.8144073486328,105.50401306152344,0.8727994929252265
2020-12-29,134.13583430735233,134.85484340023854,130.53101840840682,131.04598999023438,121047300,0.06948980493135479,0.09251488911828969,81.33126995818225,0.25922040299266036,123.79767209404426,118.72827171528799,123.10671119689941,68.52692043134824,0.01826059831977406,3.529853247061184,132.8144073486328,105.50401306152344,0.8379179870246856
2020-12-30,131.73592955161843,132.13430846309575,129.61773093964035,129.9286651611328,96452100,0.054469932275696964,0.09672337497759204,88.21537037487539,0.10002062554257218,124.38157619567174,119.16750283081132,123.64111824035645,72.2264886518008,0.01759979561033922,3.3660623759229367,132.8144073486328,105.50401306152344,0.673145009540784
2020-12-31,130.27842990655225,130.9197204767935,127.98534242224186,128.92784118652344,99116600,0.03946407504304745,0.10138771967931927,81.28374101832134,0.08218066565322157,124.8145538138481,119.55026119770199,124.10799293518066,67.87745944449267,0.017807389104969467,3.317480237015139,132.8144073486328,105.50401306152344,0.44149682456503125
2021-01-04,129.7343618118599,129.8218065174324,123.16602347357576,125.74089050292967,143301900,0.007530113123145475,0.10778535649612662,69.71023410793954,0.14828695736359387,124.90277635566538,119.79303097437759,124.42232170104981,62.119238068308455,0.018906273549716225,3.6061989131713252,132.8144073486328,105.50401306152344,0.03955617581276183
2021-01-05,125.23559925815104,128.00479953709709,124.78863505032471,127.29548645019533,97664900,0.019303478701669475,0.1091821404264688,73.039164605696,0.1068329944070463,125.13065350752538,120.08724491460573,124.84790267944337,65.46073718897219,0.01891581621482423,3.710305040049726,132.8144073486328,105.50401306152344,-0.14554582480045708
2021-01-06,124.09877604874404,127.33436285992688,122.79676500387104,123.01052856445312,155088000,-0.01574404221055911,0.11615161282995604,48.93835469857281,0.02261168215314635,124.9287368462804,120.20188348910956,124.98636360168457,47.727263221440396,0.02053143872925491,3.6096691667309835,132.8144073486328,105.50401306152344,-0.5573691638685485
2021-01-07,124.72060913109178,127.89789896268525,124.2347856325796,127.20802307128906,109578200,0.015902884099635164,0.12334068055395801,52.88387827133594,0.13876295880195988,125.14581172485265,120.47663406095974,125.30409126281738,54.797942906372775,0.021798016434102497,3.833147150717958,132.8144073486328,105.50401306152344,-0.5471079334106363
2021-01-08,128.67521556411702,128.86955684085643,126.53759495540402,128.30599975585938,105158200,0.022691908635291434,0.12684128727519015,54.887447224611854,0.16861911021772302,125.44678201351995,120.78366800977933,125.80303268432617,55.130218172224716,0.021097612145056684,3.8768708027455125,132.8144073486328,105.50401306152344,-0.46938719929667627
2021-01-11,125.527088604103,126.47929859092636,124.85664974689551,125.32303619384766,100384500,-0.0008546590422128786,0.12653580784451465,51.173737034600784,0.08602735732723388,125.43499669736069,120.96168244837025,126.08189582824707,53.44417304666453,0.021875735135968417,3.9164306756677973,132.8144073486328,105.50401306152344,-0.612824648850415
2021-01-12,124.85664288048967,126.0129052139805,123.26314235039196,125.14813995361328,91951100,-0.0019811054228730117,0.12305129553810132,48.70818217776152,0.01758262097442409,125.40767700747998,121.12585725249744,126.39233703613282,50.88263366319782,0.021789464528686322,3.775541927268416,132.8144073486328,105.50401306152344,-0.706759487601353
2021-01-13,125.10925836684515,127.72299108513502,124.84692436009828,127.17887115478516,88636800,0.012078574238435185,0.11706725999315662,45.800566799317565,-0.01595951929298456,125.57636216436619,121.36323034670481,126.8349220275879,48.3891236107793,0.02190452747173301,3.5520605820232487,132.8144073486328,105.50401306152344,-0.6223739910610733
2021-01-14,127.09144014639318,127.28576659581172,125.10927181431389,125.2550277709961,90221800,-0.002460827628097191,0.11541906785660484,49.70631044273187,-0.06264768707634139,125.54575888880713,121.51584985353976,126.88496170043945,46.77564725284796,0.019363951906908056,3.5930093475022096,132.8144073486328,107.12388610839844,-0.6815975853542731
2021-01-15,125.12871028033412,126.52788445335536,123.39917965706007,123.53520965576172,111598500,-0.015108827809846247,0.11356288445809984,44.333589256651905,-0.06032918148963573,125.35427800946947,121.59504043401905,126.85241241455078,42.58061994877706,0.019626898834957326,3.6429823604748086,132.8144073486328,110.6220245361328,-0.8131540621673179
2021-01-19,124.15707263586324,125.06071220220736,123.34089258160076,124.20565795898438,90757300,-0.008578864039225772,0.11033005073737244,35.6355236214169,-0.13361605848823732,125.24488562370898,121.69741759186084,126.81014671325684,34.467045577186994,0.019600867755675745,3.393132645442642,132.8144073486328,110.6220245361328,-0.8287564192020942
2021-01-20,125.0121142129877,128.73352422939956,124.90523244341398,128.28656005859375,104319500,0.02143379121782608,0.11027978930808262,44.3930521819735,-0.09742572374245184,125.53456890322181,121.9558153356543,127.07103309631347,45.40458469177465,0.020551163771899437,3.407707022484319,132.8144073486328,110.6220245361328,-0.5513269816639994
2021-01-21,130.00638521290583,135.7099489572785,129.8023327979761,132.9893341064453,120150900,0.048774393610003755,0.1131790909965281,49.80322222414144,0.05803194019448665,126.24454654162405,122.38850234627355,127.49078483581543,54.553323305840195,0.021854621267379203,3.7581935492864154,132.9893341064453,110.6220245361328,-0.06383120115926477
2021-01-22,132.41603478545585,135.88482124174027,131.1917650617903,135.12693786621094,114459400,0.05905723163269557,0.10794810326976814,55.028680331062766,0.08093607329083308,127.09048857253708,122.88804883725149,127.84008979797363,58.92060158683523,0.02127740179361831,3.8838134153862964,135.12693786621094,110.6220245361328,0.3662170682320003
2021-01-25,139.01353853335786,140.97625472972098,132.6686702057167,138.86778259277344,157611700,0.07541587191852667,0.10380099267234749,62.24356557118648,0.09849536435176898,128.2121356220834,123.51470506295824,128.42113227844237,68.59341033651175,0.021837234341051677,4.001799235396843,138.86778259277344,110.6220245361328,0.8391949199591835
2021-01-26,139.52857092431395,140.20872113105705,137.3617865730404,139.10104370117188,98390600,0.06891044570466912,0.09735304409728195,60.90798400267414,0.1716092721563922,129.24917448675848,124.1259340291627,128.96477165222169,67.37209091366324,0.02183371678411086,3.9754256690571474,139.10104370117188,110.6220245361328,1.0885274345333071
2021-01-27,139.36334793740457,140.20869106595407,136.42898412808006,138.03219604492188,140843800,0.058042578186379985,0.09145445378781542,70.70692947832202,0.15071236394436105,130.0856527303931,124.67127763762386,129.22566108703614,74.41562564327681,0.02066897831746757,3.921290603472731,139.10104370117188,110.6220245361328,1.0990344484875227
2021-01-28,135.564189064389,137.96415826033868,132.8241374993332,133.2030792236328,142621100,0.019205742273300967,0.08967400514917938,52.8673853011391,0.04949275442755896,130.38255049165403,125.00585809197716,129.33351554870606,59.54808380710194,0.022043596993609544,3.9441968997124843,139.10104370117188,110.6220245361328,0.7168229551801746
2021-01-29,131.97880528014946,132.86300755142042,126.51815423658084,128.21853637695312,177523800,-0.012459622339972583,0.08987416053693766,41.31758579532828,0.0956043404875555,130.17645390930156,125.13184547570171,129.24800910949708,49.87604605066542,0.023596228304711028,4.255122835541024,139.10104370117188,110.6220245361328,0.09694655744668568
2021-02-01,129.957834854719,131.54162480143253,127.21778217337383,130.33677673339844,106239800,0.0009133900782333608,0.08897789529064398,46.96169255891641,0.07891134464161587,130.19172274969173,125.33596042698393,129.3184558868408,57.28405302910225,0.023822121442699334,4.317586594047798,139.10104370117188,110.6220245361328,-0.18633658316831525
2021-02-02,131.88162209144176,132.44517904055598,130.7933823696511,131.16261291503906,83305400,0.005697207652042735,0.08704751586802416,49.49565706965851,0.07454533963011722,130.2841884797248,125.5644566029861,129.58954200744628,58.575734230117114,0.023070542662368427,4.271775125731298,139.10104370117188,110.6220245361328,-0.3258529371614167
2021-02-03,131.91081569341782,131.92054165395052,129.82178018887643,130.14242553710938,89880900,-0.0008312404158030203,0.08303750139638544,45.886360321388516,0.07522082594804358,130.27068724709477,125.74398479648113,129.73188896179198,54.350967769107335,0.023050778477879987,4.216253321448252,139.10104370117188,110.6220245361328,-0.4850116028763085
2021-02-04,132.43547630144383,133.50427900274144,130.77395356806818,133.49456787109375,84183100,0.019607160930765182,0.08126399494142993,54.07817096933066,0.09044297438597226,130.57772349699943,126.04792923077967,130.25609092712403,61.61003372799118,0.022109440642184727,4.300921798886412,139.10104370117188,110.6220245361328,-0.36800102158396975
2021-02-05,133.65514858435046,133.72325779067754,132.20522578325316,133.0810089111328,75693800,0.015914330106830687,0.08067629192790633,58.795676233955334,-0.016274287647850993,130.8161316316788,126.32373627706804,130.54974021911622,63.96470482401186,0.021008786103892757,4.18587374253849,139.10104370117188,111.90459442138672,-0.32350630502468647
2021-02-08,132.370657861184,133.27564766652046,131.29051736028654,133.22698974609375,71297200,0.01525967869931024,0.07865748736242444,58.126341460878365,-0.02611692569308688,131.04573716638498,126.59445209938278,130.79578971862793,63.403124317060055,0.020959967634753177,4.204824505797584,139.10104370117188,112.7402114868164,-0.29034975534772833
2021-02-09,132.94481795724369,134.17093254443628,132.1955422076444,132.35122680664062,76774200,0.008530529895173828,0.07839075449407362,53.68977667504619,-0.05835286786908345,131.170069513076,126.82020797025564,131.14719924926757,56.67461460516386,0.020217371445712378,4.022504796253062,139.10104370117188,113.28433227539062,-0.33058140501766076
2021-02-10,132.80856880476307,133.30485887781032,130.78452077617774,131.74789428710938,73046600,0.003758692999619526,0.07804304080005632,44.9504345365662,-0.1290165456859922,131.2251004439363,127.01345057091658,131.4771869659424,47.64426042013522,0.020265272258901002,3.6722868821779073,139.10104370117188,115.6746063232422,-0.3965630118731327
2021-02-11,132.24413324277845,132.72095704438246,130.17144270344224,131.49485778808594,64280000,0.0017786682476837936,0.07830493657812634,40.725204445493695,-0.18176220927075482,131.2507916195696,127.18919203041342,131.69298629760743,42.57689366675856,0.020035925594840867,3.5191767508200686,139.10104370117188,118.3271713256836,-0.4519664071781837
2021-02-12,130.7358282220485,131.8840776657095,130.09357945780974,131.72837829589844,60145100,0.003215642006063221,0.07221116272146952,32.21149592316003,-0.27048191770539254,131.29627606493426,127.36719933494226,132.01665382385255,32.96683854376751,0.019634108492270663,3.053670585384031,139.10104370117188,118.3271713256836,-0.4657541925300568
2021-02-16,131.84520181246612,132.3512026514084,129.21782237561078,129.60707092285156,80576300,-0.011337545182095048,0.06724235256325982,28.42636853764673,-0.26890385328606037,131.1353993847359,127.4550374364289,132.32024688720702,29.2212714826439,0.019745521778769412,3.074130993796959,139.10104370117188,118.3271713256836,-0.6019534073322124
2021-02-17,127.71922556162116,128.66313264506522,125.98711077615506,127.32025146484376,97918500,-0.02514608409448117,0.06136747687914861,26.42901769852274,-0.23860364030746317,130.77205196379379,127.44975171205301,132.4759765625,27.742232491956358,0.020238651330555055,3.062720508712851,139.10104370117188,118.3271713256836,-0.8169285677297198
2021-02-18,125.72435223742484,126.50283418669692,123.98251205380208,126.22064208984376,96856700,-0.032308638737390025,0.06496201140432924,33.572936489041325,-0.20236997304538662,130.3385843567509,127.40155133471148,132.3726806640625,32.83053216979428,0.01893258945959786,2.9291262848166375,139.10104370117188,118.3271713256836,-0.9923826921331751
2021-02-19,126.73641474669596,127.1937724488316,125.33514985915804,126.37635803222656,87668800,-0.03185203251011719,0.0827558799345404,50.876379804485715,-0.26562642848576123,129.96122946870096,127.36134767579051,132.04203186035156,44.05942494087914,0.016795897372215433,2.584390399289608,139.10104370117188,118.3271713256836,-1.0514944317195942
2021-02-22,124.56638952046134,126.23039523519331,122.2212249439728,122.61046600341795,103916400,-0.057984441521734376,0.09371790016085356,30.966754671509612,-0.15762370368725565,129.26115675772164,127.17503859059943,131.4162082672119,27.47786156187125,0.017264259026268682,2.57233971787497,139.10104370117188,118.3271713256836,-1.2824575739873842
2021-02-23,120.43073670834654,123.3013758456432,115.20519230196524,122.4742431640625,158273000,-0.05981929175200409,0.11191582331302921,29.58481967913452,-0.024101971035078606,128.614784034516,126.99069367191171,130.59653129577637,23.6125773339203,0.01553502565245244,3.0000383776264274,139.10104370117188,118.3271713256836,-1.3744663882473203
2021-02-24,121.57899194807914,122.18230857916164,118.94189453786484,121.97795867919922,111039900,-0.05925923015927787,0.1261846293499471,30.803578616887005,0.012967866881090417,127.98270542924773,126.79411582906025,129.74037704467773,24.388695857371815,0.015435616580382972,3.102437460563825,139.10104370117188,118.3271713256836,-1.39440367374562
2021-02-25,121.32598240071049,123.05809741548158,117.29735317502876,117.73524475097656,148199500,-0.08551115082278057,0.13310009237190046,3.7252144448227114,0.11766666346629995,127.00675679322191,126.43886598286089,128.72552947998048,3.180184141692024,0.01668968834799973,3.2737868016224505,139.10104370117188,117.73524475097656,-1.604033022524611
2021-02-26,119.29220185674814,121.49140765726708,117.93959485190196,117.99798583984376,164560400,-0.08144999991839622,0.14148364996492976,6.030954914088052,0.3286124632495302,126.14877860718589,126.10785107529159,127.96527481079102,4.784227191097372,0.015532212308166994,3.433653294398603,139.10104370117188,117.73524475097656,-1.6303850354157987
2021-03-01,120.42099709481208,124.4885510714253,119.48682297794498,124.3523178100586,116307900,-0.01341868969830915,0.13461830642433817,31.838061570700287,0.45994327603159646,125.97768710269757,126.03900663351776,127.77196388244629,30.612227210194504,0.018846573083667734,3.7554700747805763,139.10104370117188,117.73524475097656,-1.1480138725148892
2021-03-02,124.95563918354922,125.2572974809927,121.64710128326875,121.75414276123048,102260900,-0.03170783018293267,0.12497985135418689,29.664895958254156,0.29073079560190584,125.5754447844626,125.87097275617316,127.34283218383788,28.469703559879378,0.018834917620488882,3.8722419219900095,139.10104370117188,117.73524475097656,-0.9407830995047517
2021-03-03,121.45247312532506,122.3282636330786,118.56236816181614,118.77645111083984,112966300,-0.05026346139043887,0.11656164199325711,26.50421549048382,0.27680585213637365,124.92792157745092,125.59275622106205,126.72352409362793,25.964621111128366,0.01926513627407215,3.9612103055350016,139.10104370117188,117.73524475097656,-0.9389439999839473
2021-03-04,118.47480719948628,120.27503892466773,115.42900990064756,116.89838409423828,178155000,-0.059361296083976035,0.10639038391152465,24.846011516335697,0.2600842139652211,124.16320372190685,125.25180045138269,126.06132202148437,24.4897997280425,0.019414265381208915,4.125247068612141,139.10104370117188,116.89838409423828,-0.9936213124345719
2021-03-05,117.72552798386944,118.65970219404976,114.40725661331616,118.1536865234375,153766600,-0.04708072848042715,0.09901672542728347,28.995026458186587,0.252630968712674,123.59086875062405,124.97344304244366,125.29427795410156,27.093670132535877,0.018419821348169475,4.301100452385986,139.10104370117188,116.89838409423828,-0.8786267600667901
2021-03-08,117.67687524164398,117.74499188213018,113.08384627126932,113.22981262207033,154376600,-0.0754299501299419,0.09535086332095437,24.419106415733527,0.18212072889067676,122.60410150028561,124.51290851615451,124.30171813964844,24.752512046248555,0.020055198865802457,4.4394190221267396,139.10104370117188,113.22981262207033,-1.055651403995736
2021-03-09,115.82797605727136,118.77646492277744,115.5944343694315,117.83255767822266,129525800,-0.030920491773604952,0.09979795347301122,31.800260768547165,0.1820128965284631,122.14966875532723,124.25093397349052,123.53199653625488,36.348393264142764,0.02275302815703244,4.577039890270354,139.10104370117188,113.22981262207033,-0.7960554894214029
2021-03-10,118.41643235397204,118.88351576641335,116.23668501538924,116.75243377685548,111943300,-0.03531875664334987,0.10536146536864287,31.99554081358758,0.14300653650504924,121.63564637642516,123.95687514224993,122.75205688476562,36.368786816677506,0.022764592157842715,4.52768927169767,139.10104370117188,113.22981262207033,-0.6372557634919507
2021-03-11,119.24356031125248,119.89553490297892,117.99799469596714,118.67916107177734,103026500,-0.019035451969077844,0.11210175732604033,34.07393290802683,0.11979662351255671,121.35407634741108,123.7499059630157,122.09862022399902,39.456152433665075,0.023315563422072038,4.619437738586948,139.10104370117188,113.22981262207033,-0.35661502631264774
2021-03-12,117.16113540841164,117.91041846338685,115.95449457965704,117.77418518066406,88105100,-0.023234323486802492,0.11826813894587938,37.16387115345965,0.050257161662649485,121.01313433153041,123.51556397155093,121.41258659362794,42.81170600320826,0.02331140274012006,4.517261553148844,139.10104370117188,113.22981262207033,-0.19421823909138558
2021-03-15,118.14397368976827,120.66429697426416,117.18060016691906,120.6545639038086,92403800,-0.0022565435173223405,0.1272568456996514,39.96985240071837,-0.05667876945908212,120.97898476698548,123.403367890463,120.85889587402343,47.49935048473025,0.02420515868267616,4.187798214839354,139.10104370117188,113.22981262207033,0.1275675739846056
2021-03-16,122.31854732264156,123.79766203262986,121.36491441345116,122.19204711914062,115227900,0.007641779675725089,0.13488226016967553,42.398336981005365,-0.09111681182263487,121.09451451480977,123.35586511511703,120.48814468383789,50.28602076930119,0.02431174752397465,4.159994607883897,139.10104370117188,113.22981262207033,0.4463955901752792
2021-03-17,120.71293967926184,122.47424657756945,119.04893377660936,121.40383911132812,111932600,0.001977106631850834,0.14013627885689556,47.40435787121276,-0.11805385995618345,121.12397400019248,123.27931507575276,120.19232406616212,55.39962503009463,0.02407640021198207,3.993178076491559,139.10104370117188,113.22981262207033,0.5972186186643578
2021-03-18,119.57440169521924,119.86633436304557,117.08327064661763,117.2876205444336,121229700,-0.023752600668424224,0.14789495196597613,40.5426794187471,-0.12684335464825225,120.75860700440592,123.04434666275986,119.7456729888916,49.06096709628058,0.02507942362943209,4.033492759235843,139.10104370117188,113.22981262207033,0.42108594220496887
2021-03-19,116.67457827406234,118.16341864155612,116.46049529392349,116.76215362548828,185549500,-0.024952994544088065,0.150049977101924,31.68300296906371,-0.18279729975331294,120.37799239688995,122.79798615149431,119.26496276855468,38.138677341711585,0.025056802279431523,3.6915183389537782,139.10104370117188,113.22981262207033,0.2774505714962525
2021-03-22,117.09300574322106,120.53777713211232,117.02488910943605,120.07068634033205,111912300,-0.0019119401678703509,0.1516788575121279,39.24914435378073,-0.1156845709086185,120.34872515340825,122.69103321772324,119.13797378540039,47.426363728400624,0.025235268230550303,3.703334575303785,139.10104370117188,113.22981262207033,0.4057580196646482
2021-03-23,120.01230226774646,120.89781850320576,118.85431207414344,119.2435531616211,95467100,-0.006899251057496448,0.14447521538304092,42.11707124200027,-0.13934821458904956,120.24347067799995,122.55583792140551,118.97643928527832,50.76435678372888,0.025272721375475732,3.580306786575203,139.10104370117188,113.22981262207033,0.43293452958605716
2021-03-24,119.51603034411634,119.5938800533793,116.8400078374971,116.85946655273438,88530500,-0.020968069605512916,0.13356971712597304,41.01235354326321,-0.14081792776450952,119.9211845708318,122.3324508089086,118.72051467895508,49.93735356195537,0.02562189204111779,3.4308670145653477,139.10104370117188,113.22981262207033,0.2949516131356811
2021-03-25,116.32427390112564,118.38724678280408,115.79879946642951,117.34602355957033,98844700,-0.016805535028468547,0.12300227786385333,42.010136037535304,-0.17887295369534006,119.67593114118785,122.1369046422679,118.70105361938477,48.66689333837051,0.024438352474289972,3.3120099956825606,139.10104370117188,113.22981262207033,0.24320877521115625
2021-03-26,117.1124522760085,118.21205879522662,115.7209205384274,117.9493179321289,94071200,-0.011300615230546212,0.10034047445311038,51.08170282893656,-0.15270175878367376,119.51149178794414,121.97268555559577,118.69862022399903,59.085780389067224,0.024460257163464106,3.12781699601335,139.10104370117188,113.22981262207033,0.255127576789526
2021-03-29,118.3775042989523,119.28248673827066,117.4822549291758,118.12449645996094,80819200,-0.010613286857268324,0.0981742488548819,51.16646491721592,-0.22766483174366237,119.37939699480287,121.82177617929638,118.38722915649414,50.67752932773296,0.020976610523205437,2.8602155323267615,139.10104370117188,113.22981262207033,0.2784206169955097
2021-03-30,116.87891806940084,117.16111766205536,115.66254435493632,116.67456817626952,85671900,-0.021078613782495037,0.0969585220876339,51.1191117914361,-0.20481397699477033,119.12179425018066,121.61992488506003,118.1332504272461,49.82233960256705,0.02066190593403999,2.847009914755369,139.10104370117188,113.22981262207033,0.20327665288969454
2021-03-31,118.37751748454296,120.19720821125276,117.8909678914492,118.86406707763672,118323800,-0.0020322409821705197,0.09824086176490684,52.33093012755837,-0.16227594231573494,119.09724880517648,121.51185202986696,118.13763122558593,50.41688798861694,0.02044047618693176,2.8741198368167837,139.10104370117188,113.22981262207033,0.3021698842652283
2021-04-01,120.33343394406754,120.8394421912494,119.19490239563412,119.6911849975586,75089100,0.004751091587000099,0.1011147629180994,57.24336803330298,-0.14837243011250278,119.15381415683191,121.44045332271762,118.27727127075195,54.33728363641007,0.020131414772704803,2.8205990240662393,139.10104370117188,113.22981262207033,0.4173294337512994
2021-04-05,120.53777850848311,122.7661761594041,119.75929632134556,122.51316833496094,88651200,0.026105442976521648,0.09766587490093209,55.63439544944031,-0.107554640430921,119.47375264998706,121.48252057809971,118.49524536132813,54.216303202895745,0.020643909315021927,2.791405763673411,139.10104370117188,113.22981262207033,0.6630040147995779
2021-04-06,123.09701892635115,123.71006860087718,122.26988629191436,122.8148193359375,80171300,0.02976014047549507,0.11283316946827451,60.73269485908897,-0.06658470691333784,119.79194947722044,121.534767588211,118.97449569702148,51.49669922337687,0.017905124111649025,2.6697689193978076,139.10104370117188,113.22981262207033,0.8152513796217211
2021-04-07,122.44504366920104,124.4788169278638,121.77360301243874,124.45935821533205,83466700,0.046344499579310125,0.13710195045094875,75.28398544130617,-0.08032168376142934,120.23646459513583,121.64945741672555,119.30583572387695,57.05298194017629,0.01591301791863794,2.6183332847167344,139.10104370117188,113.22981262207033,0.9848011612255794
2021-04-08,125.48112193995918,126.8823869746258,125.0626964676061,126.85319519042967,88844600,0.06444304573135469,0.154201779202303,96.26359559162195,-0.13615476205069055,120.86662941373524,121.85352556471395,119.81087379455566,73.98733230300988,0.016049924372306356,2.482794734329825,138.03219604492188,113.22981262207033,1.2018815756648817
2021-04-09,126.30823624511144,129.46106707973098,125.98711183634272,129.42214965820312,106686700,0.08154518430494533,0.16582361198879117,101.005618352258,-0.07491387810364392,121.68144086558932,122.15033435269392,120.34802322387695,78.7958961052843,0.016221154594648002,2.609297012598084,133.49456787109375,113.22981262207033,1.4458098139603497
2021-04-12,128.9550454489192,129.27616980561928,127.11588947749738,127.70948028564452,91420000,0.05596087359884663,0.17349024407716301,86.2224910529822,-0.10283824662504026,122.25553985797553,122.36834007555473,120.84478797912598,68.73499769843069,0.016487465238838678,2.504342489318206,133.49456787109375,113.22981262207033,1.4172401029370556
2021-04-13,128.87723269707828,131.0375136441806,128.38094270892825,130.81369018554688,91266500,0.07842554697597173,0.17701575539315886,94.14422686484431,-0.027595836482499747,123.07060179393471,122.69953027594659,121.3527442932129,75.52592094867242,0.016477791737629848,2.596094412852046,133.49456787109375,113.22981262207033,1.5235434330917754
2021-04-14,131.31000899099288,131.36839256751463,128.11824478906962,128.47828674316406,87222800,0.04737473754493623,0.17664515055436789,90.57305211289471,0.005044958440236558,123.58561940814704,122.92614817662178,121.66705627441407,75.68850639470739,0.01705119545106584,2.631542667320818,133.49456787109375,113.22981262207033,1.3581940970660193
2021-04-15,130.22012045971883,131.36837019796266,130.04495491166549,130.88182067871094,89347100,0.062395955369844526,0.1748040868834219,91.1432186515081,0.06858938803727521,124.28049571962931,123.23813533356646,122.14095535278321,77.58826807719764,0.017271092186104325,2.6530881057796774,133.49456787109375,113.22981262207033,1.33057833144236
2021-04-16,130.68718234573052,131.0472241792983,129.6946173321828,130.5509490966797,84922400,0.06127921017497354,0.17412687334608698,102.47603429937526,-0.014384172732141876,124.87768175553887,123.52491234388464,122.8041217803955,75.97270204184318,0.014920682297011037,2.5717644336594114,133.49456787109375,113.22981262207033,1.2132029342433093
2021-04-19,129.91845343765638,131.82573417670255,129.75302837507442,131.21267700195312,94264200,0.0619233667081109,0.1708379414324683,103.63388046276901,0.03469348651387927,125.48101463614975,123.82639331086772,123.52664794921876,76.44512190234119,0.014736960290727108,2.591226861697502,133.22698974609375,113.22981262207033,1.1063011966741867
2021-04-20,131.38784340823202,131.88411859918818,128.2641887932471,129.5292205810547,94812300,0.04033954008057699,0.1645559404639311,104.98202309014209,0.029985481800155922,125.86655805947403,124.05003359597309,123.99957466125488,75.73045108177587,0.014315138196618128,2.6739395546201075,133.22698974609375,113.22981262207033,0.8593824426556851
2021-04-21,128.79940473993418,130.15201197134868,127.767922011443,129.9087371826172,68847100,0.04050885823106246,0.15471561131159178,103.25148502278512,-0.014792888805039595,126.25152749977337,124.27978667780228,124.53283386230468,73.8345315520689,0.01409246005898794,2.592614549257424,132.35122680664062,113.22981262207033,0.6673430367969546
2021-04-22,129.46110142550572,130.54124205126504,127.8749599440914,128.3907012939453,84566500,0.022282243336717814,0.13983544541707082,99.33242639610752,-0.004192494383414402,126.45525833731357,124.44099901569024,125.10939559936523,68.23003815594213,0.013443497855966604,2.6419650487974926,131.74789428710938,113.22981262207033,0.3971495894916566
2021-04-23,128.6047976585629,131.48516306112936,128.6047976585629,130.70669555664062,78657500,0.04283146764016854,0.12479581410584832,95.40919722408555,0.0278374534328536,126.86015712010662,124.68671260553144,125.77742919921874,67.54172018759218,0.013763036785990753,2.6433558063216744,131.72837829589844,113.22981262207033,0.33590835310148615
2021-04-26,131.20294297565732,131.426751593288,129.9671030596472,131.0959014892578,66905100,0.042229029261275176,0.10262479656557452,94.88598180919962,0.02065407318638557,127.26356134574007,124.93805334606974,126.4347583770752,67.66295079320857,0.013774467103650911,2.6447462509415303,131.72837829589844,113.22981262207033,0.28511594826310205
2021-04-27,131.37806627247733,131.76731470925472,130.50228327427,130.77474975585938,66015800,0.03448841608142343,0.09592469176247635,89.0387138175116,-0.04938910478537384,127.5979602419419,125.16694340135561,127.06727104187011,64.27622127366011,0.01386097000861324,2.5418760737672192,131.21267700195312,113.22981262207033,0.1975520867667604
2021-04-28,130.69693041123548,131.3878372667235,129.50002274292763,129.986572265625,107760100,0.023867939906854894,0.08898925659750966,81.36882158215288,-0.03431596253501579,127.8254471013403,125.35594845485637,127.7328712463379,57.63757369820299,0.013512667510689743,2.5036464855173697,131.21267700195312,113.22981262207033,0.06127607702040727
2021-04-29,132.79882309453924,133.38268843991688,128.886960916459,129.88925170898438,151101000,0.02091402670846376,0.08108932429791242,73.55132451010779,-0.024729634110479126,128.02199992111593,125.53372505305748,128.28413047790528,51.29453724902799,0.013205653114091834,2.5766302198080564,131.21267700195312,113.22981262207033,-0.05443873496181073
2021-04-30,128.23496790165584,129.96708270240345,127.54407601900468,127.923583984375,109839500,-0.0009427053120611443,0.07035703038501075,68.557063328704,-0.022088040689543398,128.01262697475966,125.62744501114837,128.69575042724608,50.58516589952657,0.013897427382959683,2.5849692557147006,131.21267700195312,113.22981262207033,-0.2703096994396028
2021-05-03,128.48798358801744,130.46338819019584,128.28364111599663,128.9745330810547,75135100,0.009708893541098619,0.05168600293412928,63.363855583431096,-0.04389044034841072,128.1042370801211,125.75870336683097,129.0188186645508,44.337923524786,0.013128117731701219,2.5286671733778983,131.21267700195312,113.22981262207033,-0.34451075863593905
2021-05-04,127.66086008438737,127.95279275381807,123.29164023246338,124.41070556640624,137564700,-0.031316632389945254,0.05050801125409346,46.67701296000675,0.06316539436290092,127.75247217405301,125.70584070799079,129.0986129760742,38.98834530032308,0.01564406891828999,2.702434678388348,131.21267700195312,113.22981262207033,-0.6835628401562457
2021-05-05,125.7243763335603,126.94074997232988,124.52746883053813,124.65397644042967,84000900,-0.026806155013317127,0.052854933368881876,37.667790470366896,0.06912761803732637,127.45737734227936,125.66459112887075,129.1083438873291,30.90692883299431,0.015364721442315868,2.676717603468709,131.21267700195312,113.22981262207033,-0.8625089741919885
2021-05-06,124.4496312010592,126.25959594495404,123.71007387822482,126.24987030029295,78128300,-0.010699378948727243,0.05385278616674972,47.0950225475872,0.0720248200506628,127.34237667161399,125.68754325324025,129.07817764282225,37.76308506458689,0.015008359191632332,2.762211547726831,131.21267700195312,113.22981262207033,-0.8434360786692474
2021-05-07,127.54629547170842,127.94593245749884,126.2108752190309,126.92245483398438,78973300,-0.003897523038319059,0.05360418834415025,49.36641569821457,0.05923650239250211,127.30238411564926,125.73597115836748,128.95319290161132,37.80150878039385,0.014295716506202105,2.738093793215389,131.21267700195312,113.22981262207033,-0.7582496071296005
2021-05-10,126.14265555263232,126.26936319427196,123.60829449035424,123.64728546142578,88071200,-0.03214885987224304,0.05422271824231695,42.781593622435054,0.0741837225290316,126.95427948191369,125.65406191535016,128.75008316040038,34.66390190397041,0.015120186241252439,2.7162531173360347,131.21267700195312,113.22981262207033,-0.8862982699686097
2021-05-11,120.38185488141868,123.0819142652862,119.6702827504282,122.73101043701172,126142800,-0.04036901547138551,0.053111151583527694,42.510090470286606,0.047215913187079295,126.55206338239921,125.5394324456114,128.34594917297363,31.7949170456494,0.013883081400728537,2.8300325995568847,131.21267700195312,113.22981262207033,-0.9887268819604774
2021-05-12,120.28439421406758,121.49308457084182,119.16342796467424,119.67029571533205,112172300,-0.06361137811832891,0.049828556344960244,37.92721610056962,0.08132856201108907,125.89665693791662,125.30927022089456,127.90554962158203,29.48738609945903,0.014361746543119515,2.8944111970685875,131.21267700195312,113.22981262207033,-1.204327488442837
2021-05-13,121.43459801116455,122.96495825371116,121.12267768901388,121.81475067138672,105861300,-0.03781026151258881,0.04439102864589347,37.1524367540622,0.053037105194814194,125.50790396015186,125.17223023856093,127.45219612121582,28.91371391539107,0.01429871330136237,2.9087112521539495,131.21267700195312,113.22981262207033,-1.144633293946931
2021-05-14,123.06242504546208,124.66101753625983,122.67252280548946,124.23212432861328,81918000,-0.011060088395836614,0.04834447652786292,42.23222902415045,0.09848516735377655,125.38640113810057,125.13536334013162,127.1362548828125,35.15158717190772,0.015222825495628986,3.0077554186705435,131.21267700195312,113.22981262207033,-0.8954930351265087
2021-05-17,123.61802565600584,123.72524895126948,122.00968366381709,123.0819091796875,74244600,-0.01998366376553723,0.05161442969971285,40.70940622160738,0.1324945280671903,125.1669257134898,125.05483572599655,126.72971649169922,33.93435288479188,0.015191591582198034,3.076141792228507,131.21267700195312,113.22981262207033,-0.7663061707237964
2021-05-18,123.36460169987382,123.783745326629,121.62954445690448,121.6977767944336,63342900,-0.03009808450513931,0.05387547633004397,39.63554974721289,0.09368683203539674,124.8365305783416,124.92318635613134,126.33814430236816,33.110183522608025,0.015142140279500818,3.095169388366268,131.21267700195312,116.67456817626952,-0.7322574437401059
2021-05-19,120.05043995950336,121.76599784022277,119.75801143334375,121.54180908203124,92612000,-0.02852298850834208,0.05540019720957437,39.3564156564463,0.007967906315346829,124.52274757869299,124.79058332577448,125.91979789733887,33.031236584621396,0.01508445251438019,2.9174735943249206,131.21267700195312,116.67456817626952,-0.6795767856504847
2021-05-20,122.06818662946591,124.49531683623646,121.94146411990351,124.09566497802734,76857100,-0.003488599911547825,0.05835130604491657,47.65195930205699,0.016039844369376333,124.48207304529626,124.76333162586283,125.70504608154297,42.40030390726225,0.015869505541208938,2.9553665279539527,131.21267700195312,116.67456817626952,-0.443496096247181
2021-05-21,124.59276329208804,124.7682188973831,122.04866073369236,122.26310729980467,79295400,-0.018515182142847187,0.059588622044406694,42.49252713856322,-0.013149115134765244,124.27074297429706,124.66528361307624,125.28286666870117,37.07665800683658,0.01542420980337224,2.9682060963732306,131.21267700195312,116.67456817626952,-0.3837594096402146
2021-05-24,122.82848472896345,124.70975612799803,122.76025239580744,123.89096069335938,63092900,-0.0030660374893712785,0.0623526573327491,54.17607668125951,-0.11023418487510639,124.23457323325538,124.63491800838146,124.92261962890625,48.871607318551824,0.015811130340748804,2.7370458092019487,131.21267700195312,116.67456817626952,-0.21597320768634765
2021-05-25,124.59279971373591,125.08018314804376,123.13067172111496,123.69602966308594,72009500,-0.004307352835348281,0.06490229474736031,52.601466260264566,-0.1291012446759856,124.18328336942972,124.59809885758557,124.56868362426758,47.91587408134801,0.015813083137426225,2.6955791678451737,131.21267700195312,116.67456817626952,-0.10509288968470498
2021-05-26,123.75450877268064,124.17365241574042,123.228141818366,123.64728546142578,56575900,-0.0042501876273115255,0.0655270196618858,47.79113440685832,-0.11532809583788528,124.13223594961981,124.56081205773617,124.25171928405761,43.92907507583188,0.015800099939958595,2.5810069200341164,131.21267700195312,116.67456817626952,-0.026123776948127952
2021-05-27,123.24762857840484,124.41732784538095,121.92196544288971,122.11691284179688,94625600,-0.015704657709023625,0.06470197356809769,41.86857266648003,-0.10829522943317094,123.94030041554144,124.46497287279738,123.86310234069825,39.22167410807486,0.015950243191360708,2.6353144317500656,131.21267700195312,116.67456817626952,-0.06579020373749433
2021-05-28,122.3995745509854,122.62377072126802,121.40533105764956,121.46381378173828,71311100,-0.019420409673382398,0.06518394616176497,47.65891439104345,-0.16258507099603758,123.70444454565543,124.34728035942251,123.54011383056641,44.449896015061334,0.015705341105944282,2.485620097463517,131.21267700195312,116.67456817626952,-0.12160021042833624
2021-06-01,121.9219706400981,122.18515038351808,120.8107540580726,121.14216613769533,67637100,-0.02016436465859927,0.0598457607888777,49.22133232395735,-0.15978036113937355,123.46041803061162,124.22158960562929,123.14849548339843,45.835471393850185,0.015502898057222277,2.2997196413526524,131.21267700195312,116.67456817626952,-0.16317344095998232
2021-06-02,121.14217571934483,122.07793673418138,120.91798692698966,121.90248107910156,59278900,-0.013790009776573763,0.05993732761323647,68.34544675822966,-0.2106535378601283,123.31204308284876,124.13064417321644,123.0230842590332,56.65310321397883,0.013607211559231653,2.127745879556527,131.21267700195312,116.67456817626952,-0.12422376874623242
2021-06-03,121.53206155124435,121.69776758173276,120.02119320163122,120.42084503173828,76229200,-0.024912006854690326,0.05958407297925232,53.518647884055724,-0.21472874369213957,123.0366908875049,123.98516185394278,122.81142768859863,45.674512908608456,0.013813952406640528,2.026790546634472,131.21267700195312,116.67456817626952,-0.17963865065836349
2021-06-04,120.93748419375008,122.9747198057444,120.72303755703824,122.71153259277344,75169300,-0.0026840306497282218,0.05912935557954595,50.7743744866978,-0.23883640861984623,123.00572343086381,123.93521560840674,122.63451080322265,45.24399387396383,0.014220131769766867,2.005905397286829,131.21267700195312,116.67456817626952,-0.05014415459858268
2021-06-07,122.98444744531308,123.1306617200527,121.67828344764422,122.72126770019533,71057600,-0.0023315353708702885,0.055985176149033554,54.35157481335074,-0.21512505363207812,122.97863240889538,123.88760980808472,122.4244514465332,48.78535373521077,0.01413911981181773,1.9509009406877067,131.21267700195312,116.67456817626952,0.0430088736237747
2021-06-08,123.40361251247118,125.21665942285128,123.02345979414304,123.54007720947266,74403800,0.00491784612549249,0.05496036770446965,67.2388198502163,-0.14108151255547097,123.03210334228369,123.87398107872738,122.41909103393554,56.450535759316466,0.013033044452988399,1.975271715897095,131.21267700195312,116.67456817626952,0.1600357504476606
2021-06-09,123.9981937322284,124.524560673672,123.32561251203369,123.9202117919922,56877900,0.007755630365748318,0.048270035059413165,69.15897957683013,-0.09881941813083317,123.1166850993988,123.87579404787503,122.47855110168457,58.19891242942319,0.01292818049881564,1.9174832698084734,131.21267700195312,116.67456817626952,0.257531587952575
2021-06-10,123.81296936037242,124.95343460907164,122.7602430768465,122.92594909667967,71186400,-0.0018248781909924888,0.049211264998980715,59.204996525186374,-0.08072643651693179,123.0985197658065,123.83854522625953,122.64133377075196,45.48190339005324,0.011663633854435635,1.8631749682384668,131.21267700195312,118.86406707763672,0.2493770654744063
2021-06-11,123.33536251537063,124.22239035571975,122.91621888119516,124.13465881347656,53522400,0.010197309008676474,0.052643070719781436,77.18250733695463,-0.12148460314293319,123.19719967510841,123.85015752379745,122.75732917785645,57.595004117825574,0.011191697224084689,1.7622187761551709,131.21267700195312,119.67029571533205,0.3154505897090424
2021-06-14,124.59280941543643,127.244128801622,123.86174536220004,127.1856460571289,96906500,0.03716224131857784,0.05513940295317513,78.88495207109703,-0.06245523566832489,123.57705171149131,123.9809609956928,122.90500526428222,61.98584150770788,0.011651703690333515,1.8290569626714992,131.21267700195312,119.67029571533205,0.5414360044299753
2021-06-15,126.65928038857136,127.30262029411196,126.1231638006209,126.36685180664062,62746300,0.0258799301914532,0.05733979216744299,75.29044220063115,-0.10186885957165182,123.84274695864839,124.07452534122017,123.06925239562989,59.29438402237851,0.011534419450015534,1.7740530388545181,131.21267700195312,119.67029571533205,0.6076101086205027
2021-06-16,127.07840688486591,127.585282063148,125.21664196538164,126.86396026611328,91815000,0.028651385471223822,0.060724080924393985,79.17826715711512,-0.021787999113690004,124.13048155935934,124.18391494611794,123.32756156921387,60.85518964450087,0.011152974453080465,1.8757051460253709,131.21267700195312,119.67029571533205,0.652741593957578
2021-06-17,126.5227930118364,129.20336059736883,126.37657131032402,128.46253967285156,96721700,0.039951779981120865,0.06258827781772672,90.53476285943441,0.019431093322284987,124.54305852254907,124.35170415108789,123.67359809875488,71.31621544874216,0.011358931162378834,1.899378494922054,131.21267700195312,119.67029571533205,0.7511236789117951
2021-06-18,127.40983331102534,128.1896229684165,126.95169870686416,127.16614532470705,108953300,0.025076240506239047,0.06552376898493642,90.14009306229207,0.0896855306602602,124.79287631323079,124.4620743931906,123.82712211608887,68.36168351955035,0.01085725826805433,1.9202643022341215,131.21267700195312,119.67029571533205,0.6912624319574883
2021-06-21,127.0101823744656,129.06690958900398,125.9477063159808,128.95968627929688,79663300,0.04063214987003047,0.06940602052926255,98.4877860973013,0.118004201974933,125.18971535761804,124.63845132990066,124.16195106506348,72.99311906018528,0.010525813385732202,2.044893369918244,131.21267700195312,119.67029571533205,0.7309722811848742
2021-06-22,128.7939773736595,130.69474066397615,128.29684436989922,130.59725952148438,74783600,0.05222941027578572,0.0710364896738901,99.73065787758222,0.20251090145474326,125.70471956370055,124.87213008251179,124.49726600646973,74.31840141210529,0.01049404056043752,2.133318118981473,131.21267700195312,119.67029571533205,0.819390179846515
2021-06-23,130.39255006678223,130.9286665216875,129.8661757752273,130.32431030273438,60214200,0.04403711758540422,0.07079611614566791,105.93743381358051,0.10616138896893568,126.14468058646568,125.08594107154013,124.82868003845215,79.70754454871803,0.010505719575186267,2.0748326096236047,131.21267700195312,119.67029571533205,0.8099096918166595
2021-06-24,131.0553765632134,131.24058178501798,129.57374966230876,130.04164123535156,68711000,0.03657349741500254,0.0685562578414604,98.42648178831793,0.05901610743876562,126.51581969588338,125.28028225443471,125.14839782714844,74.99994795862497,0.010540364584045935,2.011472420245255,131.21267700195312,119.67029571533205,0.7370991284158458
2021-06-25,130.09040620403312,130.50954241745376,129.4568084909208,129.74923706054688,70783700,0.03152839028428048,0.0650755373541624,100.48206779944326,0.032632014891301964,126.82376420680372,125.45553538408618,125.53001403808594,73.51605587261902,0.010014273717620535,1.982926395539861,131.21267700195312,119.67029571533205,0.6261100809010116
2021-06-28,130.04163948891443,131.83517920756188,129.9831567614525,131.37704467773438,62111300,0.043901873079414025,0.05974499835478208,101.5433372248372,-0.0446054420148555,127.25740996593997,125.68775143481749,126.02567558288574,74.87623720415469,0.010020693213294674,1.9536799972797934,131.37704467773438,119.67029571533205,0.61812612753175
2021-06-29,131.39653993588485,133.043872786454,130.95790461954863,132.88790893554688,64556100,0.05364816780090756,0.051930701193515526,103.033579293081,-0.054506427739153596,127.79364796304539,125.97011055249315,126.61296272277832,76.55892286932364,0.010027710207084423,2.0170385690845825,132.88790893554688,119.67029571533205,0.6662504171880963
2021-06-30,132.73193673192986,133.94063419010044,132.43950824826416,133.5019989013672,63261400,0.053852418582094504,0.051783313801682315,109.78906711482647,-0.051679974807616436,128.33730043336175,126.26547872303723,127.1929386138916,82.04383517058628,0.010020717003716232,1.9676053126282358,133.5019989013672,119.67029571533205,0.688270952034157
2021-07-01,133.1510868534501,133.86265142282898,132.33228412965926,133.80416870117188,52485800,0.05530290987935158,0.05283218010708394,116.70027269312484,-0.01384713023683537,128.85795455410556,126.56111362414056,127.86210479736329,81.0001027301768,0.00923998042551939,1.9836192996743165,133.80416870117188,119.67029571533205,0.6713010812397311
2021-07-02,134.41829838230024,136.4652835854969,134.27209152787285,136.42630004882812,78852600,0.0752884257337769,0.04791010871332833,114.6363303033556,-0.0256319541092348,129.57874936312675,126.94798368001067,128.547843170166,80.46287209271331,0.00928558365966503,1.932100117167393,136.42630004882812,119.67029571533205,0.7773068634042586
2021-07-06,136.53350195950557,139.53572463895688,136.53350195950557,138.43426513671875,108181800,0.0856720104888343,0.03795551465005732,121.17371849491899,0.059515879824252105,130.42213181775455,127.39842609007765,129.3334930419922,86.88931014634453,0.009424007470825047,2.0699549812129425,138.43426513671875,119.67029571533205,0.9138681086732583
2021-07-07,139.9158377520458,141.2317583580001,139.0580664602992,140.9198455810547,104911600,0.09641510523212697,0.032732487429847905,117.81372467491052,0.04142150743881623,131.421914080926,127.92867783482185,130.20248146057128,88.31044064015538,0.009791598125161727,2.1005873471782985,140.9198455810547,119.67029571533205,1.090819566100278
2021-07-08,138.0054275667018,140.42280902111813,137.1183994352392,139.62351989746094,105575500,0.0701705408163895,0.027778670540572,101.17453560843158,0.10296799886888208,132.20301939678646,128.38729909218026,130.98764686584474,80.92975404061637,0.010393520033443961,2.1702056942333465,140.9198455810547,119.67029571533205,1.0399721259193586
2021-07-09,139.1458282969305,141.97260274724476,139.04834716131978,141.4462432861328,99890800,0.08159225260280771,0.027844916992248402,114.84757257912727,0.1449595604079068,133.08332643386706,128.89941455076664,131.91366157531738,88.45187191152777,0.009952319190868681,2.2711638813717454,141.4462432861328,119.67029571533205,1.0456903750364144
2021-07-12,142.51847096001342,142.62569425576672,140.36426288116348,140.8516387939453,76299700,0.06597764046321605,0.029538455879108517,105.81373032103006,0.1437784410964733,133.82316570625545,129.36812922696973,132.74951057434083,84.23157707947725,0.010239378129842635,2.2098944600560344,141.4462432861328,119.67029571533205,0.9299115843543966
2021-07-13,140.39347883974256,143.73688473062327,140.0035841294874,141.96282958984375,100827100,0.07499714664471469,0.02900997407520808,114.7811199898875,0.11368628927281277,134.59837179040673,129.86203904512166,133.48836975097657,83.7387915430845,0.009317364568353116,2.3052804819888166,141.96282958984375,119.67029571533205,0.850790532072355
2021-07-14,144.36073887875023,145.7936251287686,143.95133005857537,145.38421630859375,127050800,0.09382956093468076,0.027990156802197984,114.31917779127936,0.19157936562634137,135.62559507785312,130.47075187898332,134.43923797607422,87.6649951533747,0.009741699348693062,2.503016538593436,145.38421630859375,119.67029571533205,0.9442856793806431
2021-07-15,145.47196100861444,146.21276700697837,143.37623575739534,144.73114013671875,106820300,0.07553501249633549,0.02982527922391587,107.71373062076609,0.1918531423543326,136.49278984536414,131.0299827910514,135.33259696960448,86.07029783471279,0.010061811891117201,2.5865664762272798,145.38421630859375,119.67029571533205,0.8788972252812086
2021-07-16,144.7117293345091,145.97889539355987,142.1968666794258,142.69398498535156,93251400,0.04669166566259661,0.040284049970336244,90.44068121082225,0.22470955386675295,137.08337985869628,131.48739464180827,136.0441692352295,79.27739267218799,0.010960511176201643,2.781516103913073,145.38421630859375,119.67029571533205,0.6270195071501128
2021-07-19,140.1206200874223,140.43254791143656,138.09313385194156,138.8534393310547,121434600,0.011435478273680303,0.07156074597531195,64.06721246212695,0.3399519812403444,137.25195695130185,131.77625913942578,136.62853393554687,65.37099790880166,0.012711479022209024,2.9611524600841443,145.38421630859375,119.67029571533205,0.15494050427627393
2021-07-20,139.8379511608488,143.38604842178373,139.3505750817449,142.46002197265625,96350000,0.03166349536625362,0.09938504402549003,63.05179116873482,0.3603171286845446,137.7479631438118,132.195230230925,137.30355072021484,68.11834553318916,0.01344054288676239,3.13591252607155,145.38421630859375,119.67029571533205,0.04449595278187335
2021-07-21,141.8556653977963,142.4405225803077,140.97839449756518,141.72894287109375,74993500,0.02396860229061099,0.11949058525031074,60.20907177622897,0.2522968706424642,138.12710407021962,132.56910131485319,137.86013488769532,65.50351240917051,0.013499567442176206,3.134519778446893,145.38421630859375,119.67029571533205,-0.11041429887815157
2021-07-22,142.25529492286392,144.4582288663732,142.1285724161041,143.0935821533203,77338200,0.02985170682030285,0.13439311598770828,61.53644896375783,0.2449542117682013,138.60010198289586,132.9818260536166,138.49859848022462,66.8317053412701,0.013467161479419083,3.2201568285975872,145.38421630859375,119.67029571533205,-0.1510786307943226
2021-07-23,143.82464898024415,144.9651069434816,143.2105505102186,144.80914306640625,71447400,0.03714017657416138,0.14613540367414363,60.46390809295453,0.1374219734721307,139.19143922894446,133.44564240705932,139.23697357177736,65.70502192044604,0.013455284765912588,3.16375753615732,145.38421630859375,120.42084503173828,-0.09526480462847609
2021-07-26,144.5265249457419,146.04713612514868,143.97090900597584,145.2283477783203,72434100,0.0361939079585017,0.15358048746510355,58.843293097004604,0.04349835358207854,139.7663829003136,133.90770928436368,140.01092910766602,63.53421511297435,0.013348553295949767,3.089957716803326,145.38421630859375,120.42084503173828,-0.06441948753943505
2021-07-27,145.3550354532032,145.44277445035308,141.87517802140547,143.0643768310547,104818600,0.018765225885132974,0.16320817422886533,47.859354154261176,0.0028867395479550417,140.08047756038417,134.2667942861947,140.59529571533204,54.32748264314402,0.014006210412919532,3.144965088779488,145.38421630859375,120.42084503173828,-0.2155463214672948
2021-07-28,141.15382825419624,143.25929604709813,138.94113715127986,141.3195343017578,118931200,0.006857480510192482,0.17257126347751803,45.762627333372826,0.015107055386865742,140.1984829643245,134.54337232602072,141.0168769836426,53.361564629142144,0.014368305647244525,3.181873142351116,145.38421630859375,120.42084503173828,-0.4455683857648478
2021-07-29,141.0368184978404,142.8498571602335,140.92959522149076,141.96282958984375,56699500,0.009740960913832995,0.17915657145173566,43.74696494691501,-0.03415905623328408,140.36651597627872,134.83433143440593,141.4399185180664,51.07411198176595,0.014367949077999001,3.1101593104095286,145.38421630859375,120.42084503173828,-0.5595613984392607
2021-07-30,140.73467853831747,142.63544169374407,140.47149137109437,142.17730712890625,70440600,0.009971115335189306,0.17974235995210788,45.16242519035111,-0.019142161603111885,140.53897227652897,135.1222912655628,141.85857543945312,52.800667422718035,0.014371447779327784,3.1031963781271332,145.38421630859375,120.42084503173828,-0.6209447406551849
2021-08-02,142.66467417357077,143.23977416644965,141.5826990796388,141.84588623046875,62880000,0.007421866450944135,0.17555860518233699,43.91959614314137,-0.04371035901025455,140.66344027214228,135.38596165634343,142.12955474853516,49.744522773607976,0.013877637790387275,2.954894555675346,145.38421630859375,120.42084503173828,-0.6795582487110852
2021-08-03,142.12856645538005,144.30225894055675,141.51446802349406,143.63943481445312,64786600,0.016933939057446088,0.16947620098524202,40.68422544011426,-0.08412521467442724,140.94686832379094,135.70962727038696,142.3898132324219,45.89644688413328,0.01378536582415922,2.8803942255423345,145.38421630859375,120.42084503173828,-0.5962036226682783
2021-08-04,143.5516737481982,144.0585338763827,142.58666429996944,143.23974609375,56368300,0.01345836605200659,0.16195484741021426,42.53939788473323,-0.12538361297202139,141.16523763521562,136.00492604777375,142.50580825805665,46.45007808811245,0.013288112973670945,2.782918391744494,145.38421630859375,120.42084503173828,-0.5668441201135987
2021-08-05,143.2690181917266,144.10730535100612,142.47947159810346,143.3470001220703,46397700,0.012937628416177687,0.15585811937496272,47.91455505536058,-0.15469046415537824,141.3730245387256,136.29285052127557,142.6919822692871,51.711604483223105,0.013074641240633443,2.6290473230851075,145.38421630859375,120.42084503173828,-0.5392229341976065
2021-08-06,142.86869219057516,143.61060825982952,142.16581806356817,142.66368103027344,54126800,0.00774634635166784,0.14532807347145932,58.16492212370121,-0.22543915817093396,141.4959442045873,136.5426870118245,142.75285415649415,61.96767823936507,0.012843648283596772,2.403614399003061,145.38421630859375,120.42084503173828,-0.5633627711438147
2021-08-09,142.72223685529076,143.21034301067533,142.05841963396023,142.61485290527344,48908700,0.006699176216623255,0.13490017103457697,47.439424974436655,-0.2682862933808121,141.60250693798596,136.78081116450878,142.84101486206055,50.62628147917723,0.012798051437426175,2.1621368480020657,145.38421630859375,120.42084503173828,-0.5769042153740993
2021-08-10,142.95653516321173,144.19632898598317,141.84365370926938,142.1365203857422,69023100,0.0032016208926919027,0.11329329643455584,48.51302336965482,-0.2277603779395293,141.6533653615818,136.99083897710616,142.84969940185547,51.683038555325226,0.012712287182382044,2.2243545481179745,145.38421630859375,120.42084503173828,-0.6091880131481271
2021-08-11,142.57580253562702,143.22986295766566,142.0681679932176,142.39031982421875,48493500,0.004885974886609638,0.09358212331298137,48.60586088637124,-0.2409465665727687,141.72355150088055,137.20258332405177,142.70000457763672,46.80263897271536,0.01141108524189912,2.112383760201447,145.38421630859375,120.42084503173828,-0.6034153711235599
2021-08-12,142.71249604702388,145.50446416374157,142.37081574173467,145.3482666015625,72282600,0.02208516222972883,0.06953660285491367,49.94370639611982,-0.1622305810738276,142.06876246285026,137.52202188395415,142.7308609008789,52.202314761717176,0.012360600929875116,2.2025354481904196,145.38421630859375,120.42084503173828,-0.40014462986832733
2021-08-13,145.42635605950554,145.88517705910473,144.7430103885552,145.5532684326172,59375000,0.021948587380262154,0.053698128514423564,50.90862089581581,-0.11141452405877117,142.40062017425663,137.83697272899977,142.8738250732422,51.350939833882734,0.011889731261601985,2.1358168447173256,145.5532684326172,122.71153259277344,-0.25851619887328514
2021-08-16,145.0065628373872,147.59353426907154,142.9858112009547,147.5251922607422,103296000,0.03723554646750311,0.07089172692930001,79.00502868202699,0.022188584732853345,142.88867465868384,138.21690290671515,143.30741271972656,68.84796500982551,0.010201880228097851,2.210111604657984,147.5251922607422,122.72126770019533,-0.04959832541124243
2021-08-17,146.6563820290242,148.0718870042623,145.5435005089824,146.61734008789062,92229700,0.03088206616406171,0.10011292356013295,97.15012862277969,-0.0638764307304105,143.24378565194164,138.54633181578086,143.5152786254883,74.08818627988327,0.008847188162646655,2.082270718905243,147.5251922607422,122.92594909667967,0.006875914744520539
2021-08-18,146.23663716721276,147.13475089008148,142.67345256358962,142.8784637451172,86326000,-0.00250637532151197,0.10477974783888269,57.82497737171882,0.0716676395080289,143.20899308938692,138.7162193424215,143.57275466918946,53.24871068300505,0.010638908626106093,2.263773318030179,147.5251922607422,122.92594909667967,-0.21584405445668642
2021-08-19,141.5800696426097,144.4794213850425,141.0626783117476,143.21034240722656,86960300,9.401130050427603e-06,0.10950867323224238,59.14938527904906,0.06843161885918847,143.20912159584785,138.89245946260993,143.57859268188477,53.6349725367653,0.010430849525851337,2.353258514504838,147.5251922607422,122.92594909667967,-0.3416041697327996
2021-08-20,143.9327728785443,144.96755574158394,143.288469055807,144.66493225097656,60549600,0.010210028233715474,0.11370365968301177,65.7730288520926,0.10515620864711628,143.34777022966964,139.11883094450667,143.57138214111328,59.19283716125642,0.010328417920309906,2.360411246472446,147.5251922607422,124.13465881347656,-0.3275717841851553
2021-08-23,144.78203658666283,146.6173203855108,144.3720292286724,146.14874267578125,60131800,0.01914674418469497,0.1159982658237936,63.31435337014953,0.050472409948076,143.61452951025169,139.39451375749783,143.61740188598634,58.351497226155196,0.010565452264561149,2.3216612635992817,147.5251922607422,126.36685180664062,-0.22404437661434895
2021-08-24,145.89495874434272,147.2714219782902,145.602092007955,146.0609130859375,48606400,0.01768760651187499,0.11828758918244167,68.49751849535359,0.12173962599775656,143.84751842222175,139.65594118214253,143.76722869873046,59.58847275639031,0.009943272287878857,2.335765577450847,147.5251922607422,126.36685180664062,-0.16963805246534025
2021-08-25,146.24637657624294,146.74425443123712,144.28419502392072,144.83087158203125,58991300,0.007251822925059488,0.118020318987268,64.15968212012565,0.058061002828684094,143.94117110410838,139.858879629197,143.94279556274415,54.68570365780443,0.009711038226078862,2.395210267051829,147.5251922607422,126.86396026611328,-0.22137859769000756
2021-08-26,144.82109417148567,145.57276688380205,144.00106455542348,144.0303497314453,48597200,0.000650549920575023,0.1148748218676625,63.003867720992034,0.0216792607045182,143.9496643067119,140.02246669203026,144.04617156982422,54.2838967648128,0.009793093681260846,2.4042754193459155,147.5251922607422,127.16614532470705,-0.3090221119105325
2021-08-27,143.97181740197544,145.2116114656549,143.33728522616812,145.065185546875,55802400,0.00802527310760704,0.10869438642428449,65.55857921882365,0.0404439597124564,144.05590442482267,140.2202203726124,144.19056549072266,57.233565075283856,0.009897351977045093,2.4558756238296064,147.5251922607422,127.16614532470705,-0.296741931285325
2021-08-30,145.45565533870288,149.83885461039787,145.07493307828,149.47764587402344,90956700,0.03257587326918485,0.10326662758884797,64.88861254890752,0.1322942725001064,144.57226075331798,140.5832566667854,144.5721534729004,67.58659361643953,0.011828600976083027,2.6288037514588263,149.47764587402344,128.95968627929688,-0.006246821457614127
2021-08-31,149.02856544896787,149.16523456794167,147.69114453920625,148.2183074951172,86453100,0.021895389372164935,0.09764311455582027,60.90648789929503,0.14456382255253208,144.919503300156,140.8826704247592,144.80109710693358,63.31995326858358,0.01183361551813383,2.673432777913764,149.47764587402344,129.74923706054688,0.08145307710301042
2021-09-01,149.1945209265185,151.293371319359,148.71617155840954,148.8821258544922,80313700,0.02385247701409163,0.09435914536858925,57.05492878810936,0.11441078910920033,145.2968959243785,141.19637455925854,145.0832160949707,59.02287480607803,0.011802248308081513,2.6692481637876875,149.47764587402344,129.74923706054688,0.15999321459115978
2021-09-02,150.20979354918074,151.0395800272227,148.77476016459727,149.99502563476562,71115500,0.028121286340482398,0.09193769547731456,58.66052435205249,0.14356186291476614,145.74433684917727,141.54141969947452,145.41561737060547,60.83848334583138,0.0118604224136692,2.7494376775073954,149.99502563476562,129.74923706054688,0.25696965775086267
2021-09-03,150.10241459437898,150.95172951907767,149.44835406806936,150.62957763671875,57808700,0.029491936133848932,0.0898156234598745,56.6846230759794,0.02924534836908399,146.20959787656219,141.89781804995468,145.81391220092775,58.10404618751449,0.01174692756176762,2.5276985619996446,150.62957763671875,129.74923706054688,0.32930523120410626
2021-09-07,151.28363626481303,153.51915609845358,150.71743128739138,152.9627227783203,82278300,0.03969508632189985,0.08863927890933278,62.41273940163028,-0.028646399809053813,146.85275262911057,142.3317358824396,146.33130569458007,65.41743194435278,0.012054438533710568,2.553497988174996,152.9627227783203,131.37704467773438,0.49005412732456355
2021-09-08,153.24581573453693,153.3043860941943,150.31717858511598,151.42030334472656,74420200,0.026237368360553893,0.08891388400295187,68.48294329990091,-0.08424636401680874,147.28775745916923,142.68815029272537,146.7954948425293,73.23407144730768,0.012348436393004675,2.448205786931173,152.9627227783203,132.88790893554688,0.4493456488351808
2021-09-09,151.79123351222952,152.39648028234163,150.28785845020124,150.40501403808594,57305700,0.017666451560507137,0.09348931176246193,63.66528246030295,-0.1178158002069406,147.58463903811366,142.99077240038656,147.19622955322265,68.86824919166374,0.012545481319093593,2.3547685554201343,152.9627227783203,133.5019989013672,0.31711766013130793
2021-09-10,151.3129047338198,151.78148246152148,145.16276433644302,145.4263458251953,140893200,-0.01092501528955947,0.10804131688541334,42.61675185712696,-0.017246719313124048,147.37908730355002,143.0862850837124,147.20013351440429,51.685316603104226,0.014166135454376403,2.7020188976144977,152.9627227783203,133.80416870117188,-0.11919773279801804
2021-09-13,147.04688016056696,147.818081410703,145.21159606216116,145.99256896972656,102404300,-0.007072848819593633,0.12021407426494121,41.2107072175283,0.0791708013546577,147.24703793842397,143.200257000811,147.22209854125975,49.63968854445437,0.014188880159504185,2.7278184827361724,152.9627227783203,136.42630004882812,-0.36910315737183375
2021-09-14,146.7735217186003,147.4763957492906,143.4153491043727,144.5965576171875,109296300,-0.01384767825310351,0.12551734235747278,39.73691225270548,0.13517042170657811,146.99461124116334,143.25501388772773,147.07566680908204,46.81387912076237,0.01398825327592549,2.898655388063509,152.9627227783203,138.43426513671875,-0.6134539305442404
2021-09-15,145.02608811276684,145.88515965134906,142.88818092204215,145.4849090576172,83281300,-0.007940720232036931,0.11931497625185711,43.91873803065926,0.1996568196529045,146.8508300808256,143.34246075713517,147.01904525756837,51.444522555689076,0.014015815735381302,2.9370067682056873,152.9627227783203,138.8534393310547,-0.6943330021735861
2021-09-16,144.9089906791146,145.4263821295721,143.71801019803328,145.2506561279297,68034100,-0.00933494479831673,0.1176877301856024,49.90870049498566,0.25318022052956857,146.6984325615022,143.41729194814673,147.13765487670898,52.764343310326524,0.012711829118317704,2.9509493775774973,152.9627227783203,138.8534393310547,-0.7385708265990445
2021-09-17,145.27992686740734,145.27992686740734,142.29270460935308,142.5855712890625,129868800,-0.022917351594071014,0.11621654874794202,40.3395161841937,0.12154728192603348,146.3067314879365,143.38467545171204,147.10641632080078,44.76930128597988,0.013411207764430135,3.0304419503323174,152.9627227783203,138.8534393310547,-0.9109702685460206
2021-09-20,140.37933813407227,141.3945924183066,137.9095220938746,139.539794921875,123478900,-0.036578808032261184,0.11494836263829594,24.152884427517485,0.10838353861484773,145.6622613387878,143.233895823091,146.85015945434571,27.7535675955953,0.013978231256400013,3.023469102594104,152.9627227783203,138.8534393310547,-1.176880024289162
2021-09-21,140.50624891873463,141.16032435989862,139.38361057442205,140.0181427001953,75834000,-0.03130560876781769,0.11268579120323147,27.56078980056113,0.04281799222305094,145.12472623035043,143.10778785748724,146.54362945556642,30.978367824847197,0.013752139064287485,3.0227699919269173,152.9627227783203,138.8534393310547,-1.2598770867293643
2021-09-22,141.01386330488788,142.9467594818777,140.28170408222925,142.3805694580078,76404300,-0.014693771798262095,0.10681640648088495,30.881271739595036,0.025639273799588747,144.8633779663178,143.07926948888021,146.35961227416993,36.02023179420686,0.014389329775431552,3.012309488886958,152.9627227783203,138.8534393310547,-1.1007681398090339
2021-09-23,143.16153904107028,143.581318108749,142.1755699033987,143.33726501464844,64838200,-0.008243156365697106,0.09578302549695036,30.746325242513336,-7.28553493312134e-07,144.71803387568264,143.08938696047898,146.2849319458008,35.587543378778236,0.014386397071095234,2.9509472276530198,152.9627227783203,138.8534393310547,-0.885454198468244
2021-09-24,142.1951028511181,143.96204492535793,142.09747565204063,143.4251251220703,53477900,-0.007061757216496888,0.08133044890208196,29.701228609923373,-0.017718591816963558,144.59489970867193,143.10255316289434,146.25467071533203,34.02599546781083,0.014337093247185876,2.976746786389376,152.9627227783203,138.8534393310547,-0.6996280874747344
2021-09-27,142.0095839613355,142.48793328173883,140.39883985731234,141.91195678710938,74150700,-0.014685928362358946,0.06261461459430148,21.458669418968533,-0.012223556221728327,144.33938133518978,143.055863108942,146.09700927734374,24.573232172511723,0.01441026267097217,2.9865115580338863,152.9627227783203,138.8534393310547,-0.6426049900369879
2021-09-28,139.84240736288436,141.30672576458994,138.31951860844126,138.53428649902344,108972300,-0.0347429316782213,0.06208770847689159,21.5522111917362,0.002306602301579863,143.7865151603168,142.87854637914126,145.54984130859376,22.659526939090014,0.013241497249472328,3.0297423201474425,152.9627227783203,138.53428649902344,-0.7868259032348661
2021-09-29,139.0810122042103,141.0139090076542,138.65147627104002,139.4324493408203,74602000,-0.02585911395255678,0.060912191321376194,25.036840272386073,0.014584450815330774,143.37184222512667,142.74340531881495,145.1105484008789,26.603042556486685,0.013381007657525654,3.056242368468184,152.9627227783203,138.53428649902344,-0.774955348355885
2021-09-30,140.2426397437822,140.94551367693097,137.91925008166186,138.13401794433594,89056700,-0.031321717557951614,0.059511170647023735,29.79803865799363,-0.0512746391237765,142.8730018174323,142.5626450296197,144.5731430053711,31.555652983375353,0.01333249003852565,2.7996384734818025,152.9627227783203,138.13401794433594,-0.804287192028707
2021-10-01,138.52453927839463,139.52028013802934,135.80091312494108,139.25669860839844,94639600,-0.02162606152572373,0.058113429606331785,31.492746513763894,-0.032793103493487186,142.52859198800053,142.43300007192474,144.03622665405274,33.42952851846903,0.013361920285047322,2.879130020949404,152.9627227783203,138.13401794433594,-0.7015634284306975
2021-10-04,138.3878720570302,138.82717957779718,134.98090012736012,135.8302001953125,98322000,-0.038409814386553075,0.05422974304364945,27.331763210005594,-0.030819274739164793,141.89064991250643,142.17406674343013,143.29625778198243,30.393206123334906,0.014010082227478302,2.894469437815149,152.9627227783203,135.8302001953125,-0.8101736939951096
2021-10-05,136.17185207930245,138.8564357660988,136.04493972017434,137.75331115722656,80861100,-0.023982667018148687,0.05182366368370078,30.344284791228482,-0.04395855946403626,141.4966176500988,142.00070377926528,142.53578720092773,33.47254677088756,0.013910112622349815,2.896559212206534,152.9627227783203,135.8302001953125,-0.7023043828476931
2021-10-06,136.15233067899587,138.76857249312508,135.07849119061893,138.6221466064453,83221100,-0.01648973582650084,0.050397553137203774,32.41850473836206,-0.007300789360625171,141.22285850308418,141.86821134111548,141.89587936401367,36.20483129097369,0.014084660284496122,3.03392938670098,152.9627227783203,135.8302001953125,-0.5300852609498805
2021-10-07,139.65692980871162,140.7893396562003,139.32502120039112,139.88145446777344,61732700,-0.007542632747047583,0.04953964396152231,38.60248766796107,0.0627643176092394,141.09510573781648,141.79029930686679,141.36970138549805,44.02245882739447,0.014382744830799089,2.9753558718224604,152.9627227783203,135.8302001953125,-0.3004337266241963
2021-10-08,140.60387247260306,140.75029837603776,139.16883903566588,139.50074768066406,58773200,-0.010226616414534767,0.052666020965105705,49.862658665718534,-0.04335208229763887,140.94326211332577,141.70051296858432,141.07342147827148,49.90215638308204,0.012586294454806954,2.7543137393356028,152.9627227783203,135.8302001953125,-0.15080053600552557
2021-10-11,138.88572424122802,141.36529686032225,138.43666004151856,139.41287231445312,64452200,-0.00985310479628085,0.05455894487279875,48.54593719076545,-0.019995195339499228,140.79751070390932,141.6108015703831,140.74443664550782,48.453056643389914,0.0125152171009141,2.8365939560018245,152.9627227783203,135.8302001953125,-0.0401337900193246
2021-10-12,139.82286975119803,139.84239816609858,137.68496264197734,138.14378356933594,73035900,-0.017097418615220256,0.0566547913511659,38.56216587799161,-0.03971941304011861,140.54477478633092,141.47484008014595,140.42179794311522,38.53068595636686,0.01250147058923216,2.781509580461742,152.9627227783203,135.8302001953125,-0.034982595602286004
2021-10-13,137.88027267230362,138.0364553671229,135.88879063118128,137.55812072753906,78762700,-0.01947126777557551,0.05858175612795773,34.39787266807371,-0.0632049872427316,140.26033154263646,141.32124324278882,140.02545852661132,34.03468393275668,0.012351199752949618,2.842169918519196,152.9627227783203,135.8302001953125,-0.05254216190216909
2021-10-14,138.72954178771872,140.45744186952987,138.1438084019397,140.3402862548828,69907100,0.0004813174606574918,0.058280263875629235,39.74104931638394,-0.019922022135982043,140.2679462771361,141.28277434130231,139.779940032959,42.58215590358652,0.013377328665075395,2.9160807662815893,152.9627227783203,135.8302001953125,0.13163080131497362
2021-10-15,140.35006796929892,141.45317790755652,140.09624319922384,141.3946075439453,67940300,0.007016094136898463,0.05921076201072987,47.07995091886557,0.015440398412018164,140.37524735016555,141.28715995709223,139.72039184570312,48.72790387222985,0.01291856307376023,2.7968414408226403,152.9627227783203,135.8302001953125,0.3220241588113175
2021-10-18,140.03768477656104,143.34704466516118,139.75458969636082,143.06394958496094,85589200,0.017698849050619563,0.061738591964503035,63.59995472561432,-0.014013749059824554,140.63131422966987,141.35683798171453,139.89659957885743,62.15939234168328,0.012186096391737174,2.7968426401178,152.9627227783203,135.8302001953125,0.5448508339150413
2021-10-19,143.51295730034732,145.62157933226283,143.06390800766076,145.22132873535156,76378900,0.029201974664148093,0.06241495052832824,64.03651374711673,0.0075167726293103865,141.06845846830623,141.5083866387199,140.15675888061523,64.55559733273992,0.012564882073612473,2.8024175555443214,152.9627227783203,135.8302001953125,0.8062287045588896
2021-10-20,145.16276563549152,146.18779152686344,144.59656071553547,145.70944213867188,58418800,0.030606507296918346,0.06194287169341816,72.0554724419307,-0.05005144265233563,141.51045691310296,141.67313391322784,140.32320251464844,69.85685202442995,0.012071109114784307,2.699915213834239,152.9627227783203,135.8302001953125,0.9697016592510631
2021-10-21,145.27017952577518,146.0804376870695,144.35253739380764,145.9242401123047,61421000,0.029216154591917707,0.06112529743649566,70.97347464319455,-0.12290920726078525,141.93081721778884,141.83984396025048,140.45255126953126,68.35048706289066,0.012002256077583293,2.557667590989496,152.9627227783203,135.8302001953125,1.0435876885070043
2021-10-22,146.12922747617256,146.6075619891813,145.1042015405824,145.15301513671875,58883400,0.021130171479849073,0.05932679706828117,82.52680845679876,-0.15632103110426454,142.23769321006787,141.9697722416806,140.53894577026367,80.05046282178657,0.012083506432030888,2.3596363029581084,152.9627227783203,135.8302001953125,0.9921449122142928
2021-10-25,145.14325947301697,145.8168484447923,144.1084766625064,145.10421752929688,50720600,0.019214815259722365,0.05765344318588182,81.24695881431899,-0.18997831958373645,142.51069552618492,142.09269166472438,140.69855880737305,76.95084223305045,0.011796839492529578,2.2655031752080794,152.9627227783203,135.8302001953125,0.9086875119335045
2021-10-26,145.77777738990952,147.25185252804923,145.4653823192533,145.7680206298828,60893400,0.025106526601837743,0.07405316045801721,93.19793223470656,-0.2309038904778662,142.82091696463235,142.23682221237766,141.06024551391602,76.59902444343976,0.010237674778157572,2.155328439225666,152.9627227783203,135.8302001953125,0.8529443701644457
2021-10-27,145.80708231384622,146.16827612937263,144.9577823061733,145.30921936035156,56094900,0.019127481223223036,0.08539899393053851,86.88430119955494,-0.22701543756177123,143.05789814517703,142.35730837504332,141.35408401489258,71.48405036624727,0.010271750059657572,2.0869927801859762,152.9627227783203,135.8302001953125,0.7439081152739462
2021-10-28,146.25616571377768,149.5264686918417,146.1585385042387,148.9407501220703,100077900,0.041736420839360154,0.08856288126990873,89.77512260453624,-0.11041469898086353,143.61816976202402,142.61548256120125,141.8944206237793,79.71749501874336,0.011094067139574835,2.27526349383728,152.9627227783203,135.8302001953125,0.8665245475944005
2021-10-29,143.7179883048137,146.373287179863,142.92725865743117,146.2366180419922,124953200,0.017087079236268624,0.0876707160790616,71.0205270997704,0.0576249615779898,143.86754578868766,142.75748787417345,142.243416595459,68.44339268584193,0.012072029083047942,2.495610254254099,152.9627227783203,135.8302001953125,0.7216064543803713
2021-11-01,145.44585011354084,146.13895238181297,144.28415529948526,145.41656494140625,74588300,0.011649999032792823,0.09001463101778985,83.97423933527146,0.09510742179991793,144.0150714222799,142.8617654062218,142.72273483276368,70.14606913493833,0.01046611160282703,2.480969341281648,152.9627227783203,135.8302001953125,0.5351925813220931
2021-11-02,145.12372094423125,147.96450225059075,145.11394928812004,146.4513702392578,69122000,0.018755161330414504,0.09249425148572166,90.86789038893036,0.17082357245057178,144.2470998810397,143.0025342232036,143.15763778686522,74.03676111543689,0.010202661823189617,2.5235093430185094,152.9627227783203,135.8302001953125,0.4496949981740045
2021-11-03,146.81257403590004,148.35499132920407,146.25614074482093,147.88641357421875,54511500,0.027728117457232748,0.09083428659620574,87.66658689248486,0.1817639706440104,144.59370118515199,143.19405890363558,143.6208511352539,71.99761939287401,0.01028965381544498,2.4663328746179616,152.9627227783203,135.8302001953125,0.45644902568942136
2021-11-04,147.97426542713765,148.80403696262286,147.0566234619275,147.3690185546875,60394600,0.02110252631565807,0.08371077373144686,82.75668353408207,0.09623532557234449,144.85801712510775,143.35778281151997,143.9952293395996,67.97873073161324,0.010301388681684794,2.494224216929581,152.9627227783203,135.8302001953125,0.3950301240837333
2021-11-05,148.49328605752575,148.79635114627666,146.7042085245969,147.8969268798828,65463900,0.023250822358241396,0.0864171882861444,80.53964461774746,-0.04349685804942871,145.14743710175298,143.5357884612597,144.41503829956054,65.61666124308493,0.010224184911597142,2.38705904927811,152.9627227783203,135.8302001953125,0.3599098954282349
2021-11-08,148.0240232040466,148.18044870579655,146.80197694204415,147.07571411132812,55020900,0.01453330934426464,0.08748601495290814,68.47245943408475,-0.07180210940140186,145.33108253123632,143.67460907498787,144.7981803894043,56.558336922019215,0.010373721039437959,2.302830509217419,152.9627227783203,135.8302001953125,0.25619616204327555
2021-11-09,146.84107977637362,148.0435691533501,146.70421118808,147.43743896484375,56787900,0.016406530341946546,0.08919906600677867,70.36963160326502,-0.09457850910556398,145.5316879058656,143.8221710314528,145.2628631591797,56.16647063948424,0.009994834680140242,2.2848395916418576,152.9627227783203,135.8302001953125,0.1898345866598743
2021-11-10,146.66515060177312,146.77269130050686,144.54367946999045,144.6121063232422,65187100,-0.006454128156565928,0.08719870287791238,51.95971310307008,-0.03982334531172582,145.4441087075205,143.85314888603278,145.61556243896484,46.0529649580841,0.011085502445663815,2.368115248898389,152.9627227783203,135.8302001953125,-0.05345983149432776
2021-11-11,145.62882237351127,146.0882980655143,144.37743321812488,144.5631866455078,41000000,-0.0066511931677633316,0.07917564504293306,58.4017258577686,-0.04461797159416414,145.3602113682812,143.88099350405142,145.8267074584961,48.145130409496474,0.010285769738818295,2.3829369916691405,152.9627227783203,135.8302001953125,-0.2175923973970313
2021-11-12,145.11064651980587,147.03659252052734,144.18189439318962,146.63577270507812,63804000,0.009316186428449055,0.07183334992440712,63.736908737807276,0.03257497782995067,145.4816934003571,143.98902406095442,146.08876571655273,54.272537965534326,0.010602857050257774,2.4648174448871276,152.9627227783203,135.8302001953125,-0.18761827058897662
2021-11-15,147.00730510695527,148.48354686753203,146.08832372641191,146.6455841064453,59222800,0.008685450418518162,0.06886931847733176,63.09309864380129,0.07802215675992152,145.59254013427025,144.0932028862678,146.26784744262696,52.54082586560025,0.010345951676262453,2.4825023121991103,152.9627227783203,135.8302001953125,-0.1687669621973491
2021-11-16,146.58689139053743,148.1022316953491,146.00030323462437,147.62318420410156,59256200,0.01573238309031964,0.06296426677420458,70.5380196342773,0.11437854289361549,145.78593480758752,144.23163352618283,146.38794021606446,56.504265893950546,0.009917838747090292,2.546176214879497,151.42030334472656,135.8302001953125,-0.09572876992936874
2021-11-17,147.62317383397615,151.5337214852073,147.61340283516802,150.0574951171875,88807000,0.031054228684102975,0.057850095519462165,62.68833073381771,0.0662347964968033,146.19275007516848,144.4600986866144,146.60534286499023,53.365547775814704,0.010508497211300009,2.5249668804901506,150.40501403808594,135.8302001953125,0.10062599497859748
2021-11-18,150.27262482103686,155.12169711619316,149.62738067059388,154.33958435058594,137827700,0.051044213851799525,0.059847668945426015,73.58360992540871,0.04404059329159238,146.96863905377967,144.84752949696622,147.0261100769043,72.29913245038675,0.012120462203593132,2.4878829505587317,154.33958435058594,135.8302001953125,0.4816715059991319
2021-11-19,154.12446895909494,157.41911583313842,153.02952027938457,156.95962524414062,117305600,0.060853518599052206,0.06356994615927418,78.57106445788348,0.07998418753876457,147.92016154809977,145.32251364391425,147.6164405822754,78.90276722850763,0.01235142671851599,2.661963865647798,156.95962524414062,135.8302001953125,0.8513366942980047
2021-11-22,158.0643575600625,161.99446283900974,157.39957149925132,157.41912841796875,117467900,0.05750959955530692,0.06873026949373096,77.95406997722135,0.1351385989393512,148.82482505951586,145.79689069387717,148.232186126709,78.27692370636308,0.012312763773321703,2.817984196533398,157.41912841796875,135.8302001953125,1.0546696183781072
2021-11-23,157.51689191338718,158.18169292863084,155.502961782972,157.8004150390625,96041900,0.05385923476159023,0.07506565008329391,76.46779292590516,0.12301898820457202,149.67964315280602,146.26761713878642,148.83380584716798,77.02876749712125,0.012318290394109881,2.8594042366245196,157.8004150390625,135.8302001953125,1.135694250699925
2021-11-24,157.1551520319611,158.5140669022848,156.0699743356913,158.31854248046875,69463600,0.05188386545255099,0.07929693798831079,79.77411288957414,0.15216046971716435,150.50239546972628,146.74020244630339,149.48427200317383,79.85074378515093,0.012204057212314474,2.909167027045815,158.31854248046875,135.8302001953125,1.1419553546824184
2021-11-26,156.0015407986573,156.8618512011978,152.86331951425362,153.30325317382812,76959800,0.015029833811075649,0.09538171624762977,55.29953331208222,0.2658903631090006,150.76914382249788,146.9975769846377,149.70239715576173,61.841522146726874,0.013655825055096375,3.1493870516554847,158.31854248046875,135.8302001953125,0.745295433058307
2021-11-29,155.80598568259293,157.5852919747901,155.23895449884512,156.6565399169922,88748200,0.03172578447208155,0.1060424926049941,62.09172875135873,0.26101813044467037,151.32984821244972,147.37635984473005,150.22339324951173,68.88970852359255,0.013551252530648214,3.356784697170454,158.31854248046875,135.8302001953125,0.6492502809316343
2021-11-30,156.41217318635103,161.8185054389282,156.34373142534065,161.60342407226562,174048100,0.050664951824249266,0.12464421439044178,61.14590062355151,0.29602272513002514,152.30828400862265,147.93428393208438,151.0327362060547,73.65328563857976,0.014730526873807331,3.6521715577645586,161.60342407226562,135.8302001953125,0.8468793792182923
2021-12-01,163.73466976035556,166.49161375206606,160.8506430799377,161.0852813720703,152052500,0.042785874403073056,0.1381151446308973,65.8466054473581,0.3458750876416463,153.1441885194272,148.45000932188776,151.76443176269532,79.80180822801164,0.014847388234801235,3.8484009275699202,161.60342407226562,135.8302001953125,0.8675223083214281
2021-12-02,155.19014164372396,160.52803264766237,154.27116024660182,160.09786987304688,136739200,0.033450263892062876,0.1489254072841952,63.11540271594246,0.44815309467641984,153.8064438864386,148.90678816703127,152.37500457763673,77.1809944675859,0.014996007715991338,4.212919233146997,161.60342407226562,135.8302001953125,0.7442267016516677
2021-12-03,160.35203598315746,161.27101721338744,156.14819360952984,158.2207794189453,118023100,0.020755328942309467,0.15844508944107072,56.431761275201126,0.38913640146449,154.22685679429637,149.27204272592985,152.9175926208496,70.40988317547227,0.015324076338186656,4.37492819575556,161.60342407226562,135.8302001953125,0.47870309309479175
2021-12-06,160.61599065605895,164.12571914002814,160.6062196554979,161.6229705810547,107497000,0.033583605143049526,0.1673704657403954,57.203726127168125,0.37799193409114373,154.93124858351143,149.75639283789553,153.6038948059082,73.56917281534002,0.01583409524232428,4.625622237181468,161.6229705810547,135.8302001953125,0.47377327288813653
2021-12-07,165.29885432698077,167.74294665807955,164.57539762665544,167.3518829345703,120405400,0.05216839348632632,0.18165115562013784,55.80901574993321,0.3451245541577763,156.11416614075515,150.44641205737298,154.61770324707032,77.00743710296389,0.01706146797211975,4.912625638345763,167.3518829345703,135.8302001953125,0.7798431056673492
2021-12-08,168.28069194116756,172.02504411674911,166.882663021836,171.1647186279297,116998900,0.061824405186896525,0.1904460803230668,55.681145506319204,0.29921905411679983,157.5475520919146,151.25889466798304,155.8040672302246,77.84367015201587,0.017402696448852888,4.999915812979607,171.1647186279297,135.8302001953125,1.1407398531523163
2021-12-09,170.9985358177286,172.79738478635073,170.03066956515224,170.65635681152344,108923700,0.056829375407710575,0.19376805613662715,56.23216273804629,0.14055999846560008,158.7960096842583,152.0195794579258,157.10627975463868,73.90430195886623,0.01644053531252836,4.805087154093836,171.1647186279297,135.8302001953125,1.2387135379029965
2021-12-10,171.29179439045112,175.61294836881706,170.78341894665584,175.4369659423828,115402700,0.07004267160543313,0.1919056267801443,56.29990034013893,0.10758089088946687,160.38086266122255,152.9379083396692,158.64996871948242,75.45794322576197,0.0168605290350058,4.845586868632391,175.4369659423828,135.8302001953125,1.5014626892846659
2021-12-13,177.06961358561998,178.0570365302883,171.6046261840087,171.8099365234375,153237000,0.04474806479710837,0.19480481689315707,47.67949229854344,0.06944359299344138,161.4693458861954,153.67798787628757,159.9086769104004,68.23585280700914,0.018140180547844695,4.94684206516171,175.4369659423828,135.8302001953125,1.3137381785761368
2021-12-14,171.3308817563336,173.76520322122326,168.35887188331523,170.43145751953125,139380400,0.03461904602055499,0.19234194772753196,45.47044682006272,0.04662374641144651,162.3228803274655,154.33498668582655,161.09797058105468,65.61136013542364,0.018417041771021568,5.141670650322366,175.4369659423828,137.55812072753906,0.9940092920590864
2021-12-15,171.19404218690133,175.4858686850592,168.45665517933287,175.29034423828125,131063300,0.048594294411489776,0.18360448550821365,46.70483864260178,0.09385427543280933,163.55787689040034,155.1567654133738,162.48132858276367,68.94368384909691,0.018990946386815703,5.469179288831853,175.4369659423828,137.55812072753906,1.0040918972454476
2021-12-16,175.27077720416733,177.08918279763162,166.93153397693786,168.4077606201172,150185800,0.016047854282218114,0.1920792436179271,39.70138300823803,0.2081085449033413,164.0197705789448,155.67641228422647,163.39884185791016,66.18477499168597,0.021700931790003805,5.805066849866042,175.4369659423828,137.55812072753906,0.468763673869514
2021-12-17,166.12987292514003,169.59071677301714,165.89524955752734,167.3128204345703,195432700,0.011251775496669789,0.19863973413302916,38.47688670978472,0.18936447446287508,164.33339437471864,156.1327420156125,164.04750366210936,61.999138169207484,0.021195004066102165,5.763168879475172,175.4369659423828,137.55812072753906,-0.012069224782888632
2021-12-20,164.51679054709132,166.76535914150864,163.71513578207376,165.95391845703125,107499100,0.005617025789942326,0.19972715823002732,34.8662862537052,0.13791606722432515,164.48773000160554,156.5178861897858,164.4972183227539,55.32934919710409,0.021145258531772158,5.629091067968671,175.4369659423828,137.55812072753906,-0.45035737125988184
2021-12-21,167.72344617879446,169.32677069078633,165.3380088741713,169.12147521972656,91185900,0.016003466665484783,0.1964033724910288,37.29847940039399,0.0718454223380085,164.92903906999803,157.01214458311682,165.08233566284179,59.24427450366394,0.02144880479710327,5.511076149717719,175.4369659423828,137.55812072753906,-0.5491090247111501
2021-12-22,169.17029609354066,171.92723953166936,168.30019977990446,171.712158203125,92135300,0.02348611438894847,0.18799509926834826,39.846420605814934,-0.033963378937622024,165.57505041601013,157.5886157054701,165.7779228210449,62.88499027981011,0.02159820962007434,5.283427480167463,175.4369659423828,137.55812072753906,-0.4654322637673154
2021-12-23,171.91746810959268,172.89510508509778,171.35043687369296,172.3378448486328,68356600,0.02364114542788104,0.17245239097816303,42.4569506337866,-0.13388681264693014,166.2191260762599,158.16701684833922,166.47888793945313,66.10887738479207,0.021597331045972543,5.027844952135122,175.4369659423828,140.3402862548828,-0.39614004240230827
2021-12-27,173.12973764737882,176.38527073958,173.11019564746687,176.2972869873047,74919600,0.037830289243162486,0.16052107933460535,46.147948398516526,-0.1506121900620927,167.17895092493083,158.878007834181,167.62858963012695,66.53447513439798,0.020194429157747256,4.895165392839719,176.2972869873047,141.3946075439453,-0.1258408139138627
2021-12-28,176.13111784462515,177.27495155456995,174.5375644683696,175.2805633544922,79144300,0.030750145217914505,0.14469068058685755,42.270636119961274,-0.17330314302866578,167.95053306107954,159.52124530556577,168.55979080200194,59.99512952538649,0.020083291322523678,4.653551893495112,176.2972869873047,143.06394958496094,-0.061004277354614445
2021-12-29,175.31963018526795,176.59056116138325,174.15623986676752,175.36851501464844,62348900,0.029667486929468183,0.13698407717372765,41.636880408362714,-0.19069907048096635,168.657007532848,160.1427068627847,169.2480453491211,55.84870555726807,0.01916711932951661,4.460119050616727,176.2972869873047,144.5631866455078,-0.05770977644417741
2021-12-30,175.45653864701077,176.53194546765312,174.10739462067014,174.21493530273438,59773000,0.022268765001818777,0.12937253710661115,41.10543843531063,-0.1604543159108205,169.1863339871229,160.694558958469,169.9045280456543,54.863697999630446,0.01925098348449114,4.435678738172762,176.2972869873047,144.5631866455078,-0.17226143386051884
2021-12-31,174.1073747963206,175.22188041192248,173.29593427269404,173.59901428222656,64062300,0.017869698760130396,0.12284834010010451,35.805144504661534,-0.16083250266854454,169.60658925332325,161.2006160299889,170.57958526611327,47.16526167648041,0.019187050832714745,4.219204065453821,176.2972869873047,144.5631866455078,-0.3199670528177698
2022-01-03,173.8531968520303,178.79026689432098,173.73588518068755,177.93971252441406,104487900,0.03366465766270322,0.11823419587761781,45.0810957503057,-0.15648991631730147,170.4002200410462,161.85705118663304,171.5655319213867,59.25052766930667,0.019336637926218654,4.1291213701548815,177.93971252441406,144.5631866455078,-0.16366082853724961
2022-01-04,178.54585013474667,178.84891521802436,175.11433471652768,175.68136596679688,99310400,0.021401246407065682,0.11691116521091156,44.18106297768972,-0.1383548120027619,170.90318631968913,162.39918117801201,172.26845169067383,57.71775196455458,0.01941160308397612,4.009710596125499,177.93971252441406,144.5631866455078,-0.2457623075822566
2022-01-05,175.59335905952486,176.140833320671,170.73450261552068,171.00823974609375,94537600,0.00043605046124623657,0.12207110878010617,34.24168969691471,-0.12697612958426796,170.91319140791813,162.7367913179368,172.45126953125,43.670421277229195,0.01913773122844269,3.8937903960843556,177.93971252441406,144.5631866455078,-0.6265346758700865
2022-01-06,168.83789205056922,171.37975399378487,167.80159930862231,168.15354919433594,96904000,-0.011790867821647013,0.12954682553010044,39.94983789156018,-0.2281166578192919,170.65036833995794,162.94921319544264,172.30071105957032,49.573445688319374,0.01883388237128518,3.423826529260698,177.93971252441406,144.5631866455078,-1.0570711391204872
2022-01-07,169.02367835082143,170.24572473108867,167.2052727402814,168.3197784423828,86709100,-0.010085304229081533,0.13499597098310426,42.17845379678632,-0.1996026560676859,170.42840739733174,163.15982359728343,172.1838821411133,51.74398016061361,0.01882977462159441,3.3770397274976602,177.93971252441406,144.5631866455078,-1.3010320170177403
2022-01-10,165.2988731483881,168.64239004792708,164.40921985835627,168.33932495117188,106765600,-0.009766464779891577,0.14867284835798683,47.790399778420685,-0.1711477467551361,170.22944716436413,163.36294129743592,171.82900009155273,54.332347864836734,0.017597813281049278,3.4224315515743933,177.93971252441406,144.5631866455078,-1.421657734843047
2022-01-11,168.46644539148625,171.26247339503044,166.9999896269401,171.1647186279297,76138300,0.004428021398744698,0.16231692482605292,47.91148245142889,-0.1415881428293524,170.31852063708465,163.66889334961215,171.79673919677734,53.75761732276571,0.017489223572503904,3.441983119536914,177.93971252441406,144.5631866455078,-1.2763531074427608
2022-01-12,172.18141648353657,173.21770927349675,170.91050037060046,171.6046142578125,74805200,0.006171966657497337,0.17455585520964098,45.008164703309795,-0.14024404322293016,170.44100574382063,163.9800980911102,171.85539703369142,49.78523195436484,0.017394956296837558,3.3477094874748707,177.93971252441406,144.5631866455078,-1.1213134457364293
2022-01-13,171.8490383580425,172.6702498945838,167.94826118313495,168.33932495117188,84505800,-0.010671404673017701,0.1882927786143891,40.86849724470818,0.04405434130905039,170.24084566833028,164.1510481640538,171.50784606933593,42.77641387363418,0.016593789267212652,3.57466095176373,177.93971252441406,144.5631866455078,-1.2022000348836825
2022-01-14,167.5083232130091,169.89375992557677,167.2639139583208,169.19964599609375,80440800,-0.006248808558656489,0.2019555027527476,40.13390056891182,0.028535499492743144,170.14168379478394,164.34903239276125,171.54744033813478,35.56081888590542,0.01411500501533039,3.473405242928643,177.93971252441406,144.5631866455078,-1.1606935472348439
2022-01-18,167.67449730684277,168.6814621081761,165.62146879237642,166.00274658203125,90956700,-0.02405351775607197,0.2091177336135783,35.61395599483265,0.03244188427046013,169.74749929833132,164.41388392959536,171.4819366455078,32.66339911211476,0.014690907249723037,3.5334616798941414,177.93971252441406,144.5631866455078,-1.3009261647741837
2022-01-19,166.1983152453234,167.25416515581253,162.22911080921511,162.5126190185547,94815000,-0.040734164870308856,0.20952595686444725,30.179952653511343,0.08034058030193547,169.05846308120974,164.33932452131927,171.30987167358398,28.68722079157328,0.01532262927396884,3.718514040749976,177.93971252441406,144.5631866455078,-1.563466168620472
2022-01-20,163.24578825290368,165.8854046223724,160.5084022366735,160.83102416992188,91420500,-0.04877252631789101,0.20791755607158213,31.08469734990035,0.17375878972593695,168.27489747061088,164.20174411538213,170.89534912109374,28.193632177026956,0.014699149019336643,3.929403436372541,177.93971252441406,144.5631866455078,-1.7699235034336027
2022-01-21,160.74307541554964,162.61036568511253,158.67048972769118,158.7780303955078,122848900,-0.05868748530236074,0.20382344051236667,30.788258413110437,0.13948025315064538,167.37043393964868,163.9890494597008,170.2486427307129,26.932430365629727,0.01425126795210095,4.073255566243462,177.93971252441406,144.5631866455078,-1.9500742712578358
2022-01-24,156.44149634340394,158.67050778679211,151.24045969712583,158.00570678710938,162294600,-0.058843972993702295,0.19614036253994843,17.455752047475737,0.22094872859933856,166.47855516321636,163.75440857057956,169.53203582763672,15.09759299640875,0.014143588252100513,4.2408497152640034,177.93971252441406,144.5631866455078,-2.01811879976216
2022-01-25,155.4247355135648,159.1202024043847,153.5085752311325,156.20684814453125,115798400,-0.07265987504491794,0.20101475261107588,19.85495828124503,0.23814119802859235,165.50029735191302,163.45842580877374,168.52751388549805,15.34449088294457,0.01267479844819645,4.374924477532255,177.93971252441406,146.63577270507812,-2.0732416694373086
2022-01-26,159.84367643647036,160.71377291639465,154.29070450112417,156.11888122558594,108275300,-0.06659431383638477,0.20187907358190973,23.681391703185035,0.19605534655630397,164.60682914940568,163.17060053100167,167.56942977905274,18.33685835013638,0.012732142688309052,4.447548599683695,177.93971252441406,146.6455841064453,-2.0034654117923427
2022-01-27,158.81715723147198,160.17607231774176,154.74041197266266,155.65939331054688,121954600,-0.06435351300090143,0.2043637319319733,26.57781603623745,0.16562924870353668,163.7546924028477,162.8760433851015,166.58397369384767,20.416729591833047,0.012667036864928942,4.58022757539202,177.93971252441406,147.62318420410156,-1.8782058866639273
2022-01-28,162.0042414218655,166.5404767176366,159.1593140383979,166.5209197998047,179935700,0.012072969023466816,0.1998669342141033,37.322820834946015,0.26195682862483394,164.0181426311293,163.01897971508987,166.19927291870118,47.172692851174624,0.021124564402245624,5.140272676555052,177.93971252441406,150.0574951171875,-0.9979753331891115
2022-01-31,166.3547503312831,171.08651082179728,165.71927719769477,170.87142944335938,115541600,0.028953439881676583,0.19873534892493358,41.139669720639034,0.23118656829554585,164.67083661324645,163.32691892012005,166.06289367675782,53.50287924075857,0.022036255629493736,5.221277207593031,177.93971252441406,153.30325317382812,-0.10393000200753666
2022-02-01,170.1186576369502,170.93009836904957,168.45667724529795,170.7052459716797,86213900,0.026691031973767997,0.19412237740737553,39.8377976584629,0.1642457018103216,165.24554226643056,163.61626507900473,165.7011703491211,49.31389177754709,0.021199454631788323,5.093487018711694,177.93971252441406,153.30325317382812,0.46389890530535416
2022-02-02,170.84207875406224,171.94681342176997,169.45383589849953,171.90769958496094,84914300,0.02975585874752193,0.1890440123589025,41.30608734725149,0.14821819063302955,165.88003343962393,163.94141937335596,165.5124870300293,50.44250508269319,0.021128179098413722,5.106756205881276,177.93971252441406,153.30325317382812,0.883781050319713
2022-02-03,170.57810026310062,172.2987509371964,168.27087633720052,169.03343200683594,89418100,0.014554647298291444,0.1840407695451293,43.25657028393479,0.1041321731833238,166.18035711269175,164.14110614329635,165.41374664306642,51.02510191526329,0.020604117448174177,5.057176626491777,177.93971252441406,153.30325317382812,0.9267409768107551
2022-02-04,168.05455952783922,170.42346859121156,167.0756769166009,168.74957275390625,82465400,0.012157911348885513,0.17985317002134293,42.93378935273173,-0.006189207426438692,166.42504431661695,164.32183032410458,165.44354782104492,49.32378898254726,0.02024908360862304,5.108458462731398,177.93971252441406,153.30325317382812,0.8944029060948022
2022-02-07,169.20964451994723,170.27662295458384,167.3399751947351,168.0349884033203,77251200,0.007671628169195728,0.17599013720591122,46.760993864710734,-0.03038380653986872,166.5783723248744,164.46744436642678,165.4293083190918,53.299443342028795,0.020274305276682274,5.062634931026499,177.93971252441406,153.30325317382812,0.7870383299750572
2022-02-08,168.10348925040896,171.64705409326743,167.8098215101135,171.13803100585938,74829200,0.02140769856717354,0.17656719163600632,55.624496322869945,-0.02271459590153102,167.01262553258726,164.7290359993457,165.56924362182616,64.18202974820453,0.020685872081730308,4.977790519351964,177.93971252441406,155.65939331054688,0.8801150361851876
2022-02-09,172.33228001362485,172.9196005956565,171.20655609241282,172.5574188232422,71285000,0.026476320495196427,0.17681832055730082,61.40737985819977,-0.07554351515032531,167.54070108407822,165.0360314042044,165.6388786315918,69.44840497979747,0.020430953285820484,4.720973891073267,177.93971252441406,155.65939331054688,0.9844923449647122
2022-02-10,170.4626223841964,171.7743215374217,167.92731993059743,168.4852752685547,90865900,0.0043908261864731,0.1784467709550708,56.05792569349028,-0.056731476548663395,167.63066053021885,165.17129586947306,165.4829116821289,65.08901507065704,0.0211242297731468,4.77027552930351,177.93971252441406,155.65939331054688,0.7377804613606982
2022-02-11,168.690860750742,169.4250227899619,164.4914455219278,165.0787811279297,98670700,-0.01193067470246148,0.1804902473145213,52.03767585054247,-0.10261069322402827,167.3876243966675,165.16766784039294,165.31988449096679,60.16223944985384,0.021180160652403232,4.584275998564375,177.93971252441406,155.65939331054688,0.3247443579271918
2022-02-14,163.8355528500562,165.99888966269845,163.04266044585623,165.3136749267578,86185500,-0.009790329590401275,0.17813915933271401,55.566655442869646,-0.13195306874070556,167.19010539953322,165.17339360848567,165.1255859375,63.699914654575984,0.021142293816387048,4.394604715963662,177.93971252441406,155.65939331054688,0.060756204060911756
2022-02-15,167.35955476472148,169.29773807776493,166.654758116967,169.14111328125,62527400,0.009168131386848381,0.17636792923447883,58.77387900419238,-0.15215595396730386,167.37591567398243,165.328990458398,165.28250427246093,67.60890315056842,0.02135392120829155,4.220390054230565,177.93971252441406,155.65939331054688,0.13315643771470886
2022-02-16,168.22095896225642,169.67948428764964,166.45896752351717,168.9061737060547,61177400,0.0074424701901006805,0.17451400986049556,61.25455430549599,-0.13954925266259333,167.5216545341798,165.46927215438456,165.60218200683593,68.02198491132256,0.020722898566898528,4.062165512734377,177.93971252441406,155.65939331054688,0.15304809638284267
2022-02-17,167.41826624498145,168.27968759105596,164.91232953264935,165.3136749267578,69589300,-0.010553205624446308,0.1704355862382329,42.383112443098,-0.25156946778988964,167.31137076204436,165.46317030232078,165.82631454467773,47.952621342340095,0.021207256135710097,3.570219853185492,177.93971252441406,155.65939331054688,-0.07563476821209503
2022-02-18,166.23389408651346,166.93867600251053,162.68054453288332,163.76710510253906,82772700,-0.01712850130932757,0.16324102901131948,32.719056685476865,-0.23848427280202544,166.97382165161528,165.39665794154502,166.0757682800293,36.68542837843789,0.02109926813302822,3.490998270722971,177.93971252441406,155.65939331054688,-0.3173926014708494
2022-02-22,161.49607262837773,163.16996871038384,158.7258326412145,160.8500213623047,91162800,-0.029291313230955126,0.15398127304248338,29.25406982140584,-0.16388015284760038,166.39060257644283,165.21835846784933,166.21798400878907,33.25630398060457,0.021507744374783953,3.6744162234067517,177.93971252441406,155.65939331054688,-0.6414118210875752
2022-02-23,162.04423283731927,162.6413518716535,156.37650867254357,156.68975830078125,90009200,-0.04549337994746252,0.13218611074106287,22.73350064557143,-0.06552826881508567,165.46671264542744,164.88390355933686,166.24212951660155,26.50643449255493,0.02218344937957671,3.9438352002524306,177.93971252441406,155.65939331054688,-1.0778801538035074
2022-02-24,149.3579234730035,159.4110529381091,148.7901697172211,159.30337524414062,141147500,-0.028757278941205774,0.1024893980368018,29.638232595793212,0.08680071592830996,164.87972813101916,164.6650593116821,166.4013542175293,34.856798718381654,0.022477865248441288,4.4147643874590115,177.93971252441406,155.65939331054688,-1.1271991170819335
2022-02-25,160.38012393186045,161.6330924831591,157.47284137265066,161.36880493164062,91974200,-0.016395416019039714,0.04928465422330489,33.22106689158767,0.25280721866975386,164.5453544929831,164.53579443403342,166.68682479858398,39.11660411660412,0.02260297557283069,4.472797204308853,177.93971252441406,155.65939331054688,-0.9636898895825801
2022-02-28,159.61662156600548,161.92678549313706,158.99992064321486,161.63311767578125,95056600,-0.01914056494472184,0.0855000703374733,48.24838362109663,0.2810371355761896,164.26799860563054,164.4219639729255,166.44243469238282,40.43300735938297,0.016037358314064637,4.472098425028386,177.93971252441406,155.65939331054688,-0.7881021305574886
2022-03-01,161.22197083806662,163.0818568508139,158.5496253630897,159.75364685058594,83474400,-0.031990786145787,0.11221636092069776,41.50188875154883,0.23060125173677504,163.83806034324533,164.23889271322594,165.88654556274415,32.34132835476821,0.014805689953478345,4.521741203926262,177.93971252441406,155.65939331054688,-0.7491633973987275
2022-03-02,160.91847532377236,163.82575721391015,159.50888229381948,163.0426483154297,79724800,-0.005275307668453859,0.12608642458435118,43.27585501332605,0.1924520683580695,163.7623068167867,164.1919811682143,165.50341567993163,36.05042392787634,0.015736226669856333,4.702834441804372,177.93971252441406,155.65939331054688,-0.4663675370773339
2022-03-03,164.91235266773373,165.3430634011942,162.05401727070716,162.7196502685547,76678400,-0.006944576659615324,0.13666790119824765,48.79867312526683,0.04355398260444088,163.66300619314555,164.134242701561,165.04401321411132,40.50300953177577,0.015586610828827669,4.607044958793106,177.93971252441406,155.65939331054688,-0.27499780463906665
2022-03-04,161.01643666085187,162.05405003585454,158.67690737340956,159.72430419921875,83737200,-0.0259908587337231,0.14495212198468968,48.898669681812585,0.015788045964010733,163.28789171753348,163.96130393676327,164.57855682373048,41.059141327384154,0.01567128782860097,4.54341393215818,177.93971252441406,155.65939331054688,-0.32088034761547646
2022-03-07,159.91028134097652,161.5352302369313,155.68150083148916,155.93601989746094,96418800,-0.04642418896640012,0.14922321749167441,40.853633983961664,0.062225778564732215,162.58771344895516,163.64658691561417,163.9378791809082,36.00235232380803,0.016354787452674893,4.750378231343889,177.93971252441406,155.65939331054688,-0.5629348960865781
2022-03-08,155.4661583222758,159.44041971330986,152.50992837199067,154.11529541015625,131148300,-0.05316149587208388,0.15193285567663534,29.330997274959074,0.0971077653641963,161.78081649287907,163.27281077814524,163.24189453125,26.14233022768107,0.016449247835871088,4.9608373877947525,177.93971252441406,154.11529541015625,-0.7884092444332769
2022-03-09,158.06998280822745,159.95923428896205,156.04370327606966,159.50894165039062,91454900,-0.013020266052964365,0.1501240870650424,38.0496365887068,0.0947067657616143,161.56444746026114,163.1252080672529,162.66044006347656,37.17950159148488,0.017990495926098648,5.148224681699991,177.93971252441406,154.11529541015625,-0.5294704767418876
2022-03-10,156.81701649151432,157.00300660733848,152.6861300144377,155.17250061035156,105342000,-0.03565471369211525,0.14835467080753975,36.16029290318953,0.16132875498772536,160.9556906174126,162.81333718659013,161.79119415283202,36.43981065861422,0.01852240008055448,5.350293786167675,177.93971252441406,154.11529541015625,-0.6002296192894809
2022-03-11,155.5737819765236,155.9163968116597,151.23733985445327,151.4624786376953,96970100,-0.05316942289318781,0.1448967858714401,34.12900467673976,0.1842108099245081,160.05157519077287,162.36820547879034,160.94005432128907,34.44682577889695,0.01853880139302808,5.380359892423333,177.93971252441406,151.4624786376953,-0.8325830673210719
2022-03-14,148.2517595892854,150.86537421208124,146.9302771053436,147.4392852783203,108732100,-0.06992485022801218,0.14124842176865343,32.61846205706535,0.12496256570693332,158.85040472292025,161.7827576277915,160.0580795288086,33.50980196437055,0.01886167727640004,5.343997683210986,177.93971252441406,147.4392852783203,-1.1721285847866887
2022-03-15,147.71337523300835,152.28477002224423,147.2043670461277,151.8148956298828,92964300,-0.03626513008326897,0.1396328102391961,39.685586807360835,0.06018286813428375,158.18035623786906,161.3918610788539,159.38314056396484,44.03731709037782,0.02040015665842979,5.259394810140029,177.93971252441406,147.4392852783203,-1.02239692778305
2022-03-16,153.73349374971625,156.62119402728206,151.19819175617425,156.2198486328125,102300200,-0.009916093334944004,0.13872786343861065,40.97048478885387,-0.050523646177124015,157.99364122786366,161.1890370613621,158.73707733154296,46.38672657260233,0.020848842832148533,4.888117599441443,175.68136596679688,147.4392852783203,-0.5696421687075492
2022-03-17,155.26058530967927,157.60011436017203,154.30128444798586,157.22813415527344,75615400,-0.003857943276467113,0.1398642483712757,39.606122865998046,-0.09788364774933245,157.92073579237888,161.0337075356331,158.1531753540039,45.02470203729012,0.02096920328253331,4.826587513846996,172.5574188232422,147.4392852783203,-0.16616160603865904
2022-03-18,157.1204422875064,161.0066074424884,156.3862803303168,160.5171661376953,123511700,0.012954858330207437,0.14059013245754245,42.52210023839592,-0.08044272076021397,158.1680148728852,161.0134510102238,157.9133499145508,48.74997051615697,0.02119436636365394,4.947549104007668,172.5574188232422,147.4392852783203,0.3312143538535772
2022-03-21,160.05709828830467,162.83713639325782,159.56765695852218,161.8876190185547,95811400,0.018549461130725014,0.14164353649060518,45.80052314569167,-0.0910638782545995,158.52226288675848,161.0477321085897,157.81937561035156,52.417934890102664,0.021212227225994088,4.857352528794199,172.5574188232422,147.4392852783203,0.7381747193556372
2022-03-22,162.01483036264074,165.842264360941,161.42750984935597,165.25494384765625,81532000,0.03339497992243623,0.1420857028874932,45.812086588967574,-0.07511337258646666,159.16347059732018,161.21272080423938,158.03962173461915,52.50223930440905,0.021297543286437105,4.864343928186652,172.5574188232422,147.4392852783203,1.1928840602823327
2022-03-23,164.4424952526729,168.9942934206818,164.1096638130363,166.61561584472656,98062700,0.038666427670761123,0.138764040863331,49.789522919317456,0.01845221095416738,159.87319871612078,161.42459904112124,158.5359146118164,54.305506372444874,0.020328823344719107,4.978314176555115,172.5574188232422,147.4392852783203,1.5229061990285413
2022-03-24,167.4476727675763,170.46263328488442,166.61563143205333,170.3941192626953,90131400,0.05376549774582301,0.1349430445095995,55.965506689024174,0.02853906049998889,160.8751911491279,161.77634493216337,159.09045181274413,61.59078514869374,0.020579721916674006,4.9643337869131665,172.5574188232422,147.4392852783203,1.9083058506985717
2022-03-25,170.20807683974928,171.5785062279276,169.10193494578817,171.03033447265625,80546200,0.052055259276879255,0.13041920404353669,61.98694824295378,-0.045364056548444665,161.84234765613058,162.13924648277094,159.57352828979492,67.60266788997748,0.020461131117821763,4.723108206677257,172.5574188232422,147.4392852783203,2.103328860524121
2022-03-28,168.53422465828777,172.0190445148475,168.36781639958284,171.8917999267578,90371900,0.051418708007493076,0.12586512841945122,65.55531394842959,-0.07585972142395381,162.79943834857127,162.52169955900573,160.08646240234376,71.20500765381809,0.020462374626689872,4.488875119101934,172.5574188232422,147.4392852783203,2.1783850834372904
2022-03-29,172.95874922006587,175.2297488255487,172.6161343745908,175.18081665039062,100589400,0.06338949334574323,0.11381283642986845,64.65862983225574,-0.11398620277620741,163.97861723445882,163.01813552337376,160.857820892334,69.6827523719216,0.02043893126992677,4.309875834815155,175.18081665039062,147.4392852783203,2.324269547798962
2022-03-30,174.77950323773482,175.81711647524634,172.96856432856262,174.01597595214844,92633200,0.05189661870155711,0.10428613385917869,71.36361206278912,-0.1912924708588568,164.93455615995308,163.44942338332572,161.40648727416993,75.71463910725083,0.02023932981397889,4.026000157010212,175.18081665039062,147.4392852783203,2.2173680209531303
2022-03-31,174.0845168128981,174.27050693821633,170.71715752826566,170.9227294921875,103049300,0.03024616365476917,0.09219440941457167,71.15496288710094,-0.20521208999591667,165.50485838207064,163.74249421112424,161.81664123535157,77.01101029273663,0.020764012165809607,3.945592475063372,175.18081665039062,147.4392852783203,1.8295089059279912
2022-04-01,170.35494237968112,171.18699858724577,168.30908127405286,170.6290283203125,78751300,0.02667842833171293,0.07757142694438231,82.05585883331896,-0.18963759688142834,165.9928745666651,164.01255437226888,162.36187744140625,85.90486090603036,0.020200179404530928,3.82742931655203,175.18081665039062,147.4392852783203,1.4603738525706236
2022-04-04,170.8835430731966,174.72076108227714,170.75628355518236,174.67181396484375,76468400,0.04656973574814337,0.06624266122377552,84.84466067867905,-0.16308431046467053,166.8194402236345,164.43056455236987,163.29866714477538,85.75807937025527,0.019611181293665292,3.756810015541179,175.18081665039062,147.4392852783203,1.3957413181708922
2022-04-05,173.75165021722813,174.53475923368862,170.7366902126206,171.36317443847656,73401800,0.023969681150996066,0.05274307086674905,72.68265013014098,-0.1529841883172125,167.25217681552422,164.702431606727,164.16106109619142,74.53220053245266,0.020016476158571356,3.6505329784779894,175.18081665039062,147.4392852783203,1.053021250782479
2022-04-06,168.72020734548278,169.963392443072,166.5373033062765,168.20140075683594,89058800,0.005191100696008973,0.05166583674445785,67.38290233111364,-0.06616810613140045,167.34257909564914,164.83964608320187,164.59568405151367,66.61726389031381,0.01943156474896984,3.759607351336125,175.18081665039062,147.4392852783203,0.5609398440883298
2022-04-07,167.54556668896316,169.69910564386342,166.26323274049562,168.50486755371094,77594700,0.006852741607503045,0.06117940088469918,69.07229715812376,-0.06858006687077212,167.45327323451218,164.98338025851595,165.26230239868164,63.298604195542694,0.018110534497659266,3.6750034792787107,175.18081665039062,147.4392852783203,0.22090242052636766
2022-04-08,168.15248323813117,168.15248323813117,165.6269638660641,166.4981689453125,76575500,-0.005923104217080253,0.07476446411212805,65.9806460770702,-0.04713229652963502,167.36231092125507,165.04278373642956,166.0140869140625,57.516788307367456,0.017308292315865097,3.6470337830580815,175.18081665039062,147.4392852783203,-0.15394429685876831
2022-04-11,165.14731642594322,165.46055114101816,162.0050962053992,162.24981689453125,72246700,-0.03185414437954795,0.08626071029015757,51.98631284215081,-0.027731525652298528,166.87540672823377,164.93325562498256,166.75461349487304,45.23742273725346,0.017209527190398085,3.652627942224387,175.18081665039062,147.4392852783203,-0.6736649365034402
2022-04-12,164.47185939466212,166.28278325109693,163.1209966207163,164.1194610595703,79265200,-0.01806339010968439,0.09913077946986854,55.65043183210328,-0.016090287627243183,166.61293571217058,164.90134211261346,167.3698417663574,46.10685700360214,0.016290187895415073,3.591794852861542,175.18081665039062,147.4392852783203,-0.8649734848206532
2022-04-13,163.85517369033073,167.42808955183875,163.24827119923606,166.80160522460938,70618900,0.0012924455834556919,0.11132150051405505,55.76213655242396,-0.03831277877391448,166.63090423716474,164.9758622346525,167.89892959594727,44.19850920963469,0.015494217541643552,3.6155663466076016,175.18081665039062,147.4392852783203,-0.7865876850782012
2022-04-14,167.01697710019764,167.65325987659003,161.55480933143042,161.79953002929688,75329400,-0.029830897198089883,0.11252098571766528,41.88515390745941,0.054222677637382866,166.17077336022496,164.85130018738366,168.12749938964845,36.93551354802039,0.017168101612385193,3.874272008251901,175.18081665039062,147.4392852783203,-1.0318679413640994
2022-04-18,160.45842830966066,163.0818413516457,160.11582837374732,161.5841522216797,69023900,-0.02931699381326969,0.11325308418633152,41.14352010752614,0.048887478816006524,165.73395229941113,164.72317673774822,168.18084869384765,35.13967153914112,0.016558686782542267,3.825328069868594,175.18081665039062,147.4392852783203,-1.1593301343255362
2022-04-19,161.53522902332887,164.27610359926777,160.44866861751814,163.86495971679688,67723800,-0.01178145444962568,0.11138964825311903,38.29216652150569,0.056853154104070436,165.55595300582883,164.68952116829914,168.27971572875975,33.197708930909954,0.016747745399889494,3.8602913615085037,175.18081665039062,147.4392852783203,-1.0443214065730502
2022-04-20,165.1962674744082,165.31374357546795,162.59245039656437,163.69857788085938,67929800,-0.012162503501030148,0.1093065631645572,40.949610414894366,0.07222199290426778,165.37906013678412,164.65066064722308,168.20189743041993,34.21213741509624,0.01606918045113388,3.851201435238494,175.18081665039062,147.4392852783203,-0.9371592370084637
2022-04-21,165.34306268686478,167.90773030576432,162.40641490220864,162.9056396484375,87227800,-0.01624304677214518,0.1093104508306186,44.11441645535247,0.10365610275612247,165.1434962807511,164.58222845119226,168.01639862060546,36.803051477864926,0.015967261189518318,3.9903418633531373,175.18081665039062,147.4392852783203,-0.8783821461133058
2022-04-22,162.9447609842284,164.32497373265443,158.08949800288954,158.3733673095703,84882400,-0.04428737232022473,0.1066465372183119,38.41178827284801,0.09186124658436956,164.49872209301958,164.33874370054042,167.4153610229492,32.296341816620455,0.016018012066626723,4.23016746453685,175.18081665039062,147.4392852783203,-1.0896466337002573
2022-04-25,157.71758646013552,159.72429911751857,155.11376965466397,159.4404296875,96046400,-0.032836172922991576,0.10263928860399155,30.512545201979837,0.11551853692116443,164.01697995916058,164.146652954931,166.83586578369142,25.928376717706726,0.01610354860833881,4.267224371743276,175.18081665039062,147.4392852783203,-1.0992731319175864
2022-04-26,158.82370741856425,158.91180327087787,153.4104876456948,153.48880004882812,95623200,-0.06250460956405607,0.09596411281653354,25.596509234143948,0.14417639394052695,163.01429615817653,163.7286979390054,165.91571578979492,23.92933368645717,0.017650364802985024,4.416854249570567,175.18081665039062,147.4392852783203,-1.4274232695589049
2022-04-27,152.61762090114706,156.41567600749497,152.0988142121799,153.26368713378906,88063200,-0.06119482599557777,0.08902611274349058,29.425149765688296,0.13743633342871253,162.0856667272825,163.31830535840868,164.81985931396486,26.171307173060683,0.01671353378901833,4.380496439793068,175.18081665039062,147.4392852783203,-1.5693093756209384
2022-04-28,155.88703274270952,161.0457475218325,155.57378318397548,160.184326171875,130216800,-0.00981559401076076,0.09100153165792486,36.06610448583452,0.1755730620639926,161.90458667438654,163.19540421383874,164.12827682495117,39.040710726374606,0.020318955522173977,4.690938402984186,175.18081665039062,147.4392852783203,-1.127408921712884
2022-04-29,158.42235165998022,162.69028026576655,153.9292842451666,154.32083129882812,131747600,-0.03736439139798036,0.09719476913020482,31.106494051553476,0.20826405260743397,161.1823242576667,162.84738174658344,163.2981819152832,35.44005283553116,0.021401292296438636,5.111159283909408,175.18081665039062,147.4392852783203,-1.1560514809971432
2022-05-02,153.40067973909794,154.88857035171824,150.0333216240582,154.62428283691406,123055300,-0.03237748591216982,0.10571194467754601,34.986082526071726,0.20383381556786406,160.55774888426168,162.5249072795376,162.4979446411133,39.932765173262226,0.021445739788448298,5.13702899731989,175.18081665039062,147.4392852783203,-1.0819248067124767
2022-05-03,154.81028218380573,157.31623426694395,153.0189401124905,156.11219787597656,88966500,-0.022807760053345998,0.1114587947461422,35.705385425163236,0.1673261699348949,160.1343630739488,162.27342847939795,161.56996383666993,39.32117230965841,0.020682692623520012,5.155909554311874,175.18081665039062,147.4392852783203,-0.8692145915572249
2022-05-04,156.29821776928353,162.96440737050813,155.89687222909777,162.51412963867188,108256500,0.011052658355401736,0.1271711328565966,36.87711753334064,0.2241021338394269,160.36100750868434,162.28286774054595,161.12751159667968,44.7981531466486,0.022847391145574898,5.362175039226707,175.18081665039062,147.4392852783203,-0.2652113356176762
2022-05-05,160.38988547136523,160.6150242386814,151.67782324411957,153.4593963623047,130525300,-0.028850074846839668,0.15778473198061876,30.095451184040513,0.2152351671377397,159.70371120902914,161.93684925512474,160.39041137695312,40.78718179075346,0.025581306043401628,5.700593314183329,175.18081665039062,147.4392852783203,-0.433419813989381
2022-05-06,152.93986371222095,156.3023722983105,151.14587460582203,154.18487548828125,116124600,-0.023182587664402492,0.18070608166253896,30.97844371906106,0.1459350379710127,159.17810780705315,161.632850283876,159.67441177368164,41.917572133133994,0.025626110946560508,5.857056508082621,175.18081665039062,147.4392852783203,-0.45167972222645236
2022-05-09,151.8811126841976,152.76341048572758,148.50882129057032,149.06759643554688,131577900,-0.041647570721546026,0.20068896077884577,25.052734335637027,0.16586858686583206,158.2152019621478,161.14009523100034,158.80288314819336,34.77960753686915,0.026396859258339504,5.989100737794142,175.18081665039062,147.4392852783203,-0.7468392648913045
2022-05-10,152.45952464307155,153.6555174482576,149.92048190900607,151.46939086914062,115366700,-0.028253453912175982,0.21407191558334998,27.6995735159508,0.18745901821175703,157.5727437628138,160.76085192269213,158.26386184692382,37.974225037557474,0.026350214508181865,6.122431297351795,175.18081665039062,147.4392852783203,-0.7185294812981149
2022-05-11,150.47928231405317,152.39090538432075,142.94061098912724,143.61703491210938,142689800,-0.05577017992764144,0.2281763180354017,23.01147155025479,0.19438496104176695,156.24362863417528,160.08854537325752,157.23874053955078,33.34465563001861,0.028240967228378055,6.404501225325926,175.18081665039062,143.61703491210938,-1.1417176846174772
2022-05-12,139.96043637411066,143.32293029647687,136.0685607235715,139.7545623779297,182602000,-0.06780806093704948,0.2329198228110224,23.716206646436692,0.13993166524543543,154.6732413716757,159.29113427540153,155.8863883972168,33.734873270316854,0.02807342657971202,6.498286829523997,175.18081665039062,139.7545623779297,-1.5684846097605272
2022-05-13,141.74459868206603,145.18553469561974,140.2937279042498,144.2150115966797,113990900,-0.042515807410458,0.24054744285225957,25.855118130711606,0.11948550974970007,153.67721948834273,158.69991377819676,155.00716247558594,37.44372842666103,0.02896973188814165,6.556889890583672,175.18081665039062,139.7545623779297,-1.440398464889741
2022-05-16,142.68570084334092,144.61693408926746,141.34265112461745,142.67588806152344,86643800,-0.045618156402538496,0.24165627454889368,28.248309607146393,0.06193857438784489,152.62947363816946,158.07152061283702,154.06174926757814,40.38274930127054,0.028977091237429427,6.3600570993583005,175.18081665039062,139.7545623779297,-1.350851409985263
2022-05-17,145.9305738468132,146.8226694807634,143.7934664467187,146.3031005859375,78336300,-0.02621263161820716,0.24041738498421475,30.746421797091056,0.036828049636580706,152.02696191890928,157.61001394511547,153.18365631103515,44.162377304974704,0.02949188025022496,6.347908501067222,175.18081665039062,139.7545623779297,-0.9573717532017518
2022-05-18,143.9601314929513,144.46008977155722,137.14688920750964,138.04879760742188,109742900,-0.05533345906778104,0.2378984798647678,20.994345363245742,0.006489329371546004,150.6957081749581,156.84290742206866,151.9011672973633,31.841834499505566,0.031601172741616466,6.446062143237536,175.18081665039062,138.04879760742188,-1.1500884016447088
2022-05-19,137.12729010884627,138.87226008655338,133.91183880440775,134.64707946777344,136095600,-0.06461221733780247,0.22937044483993735,22.02514147302515,-0.049812253437492515,149.1672673457024,155.97248279641002,150.48823928833008,33.18201561874301,0.03180629870602077,6.174592519062228,175.18081665039062,134.64707946777344,-1.3878171005336641
2022-05-20,136.3528361484188,137.93115346240322,130.00036063657,134.88235473632812,137426100,-0.05919518426924427,0.21420036688443692,22.41041583267568,-0.024800729147044565,147.80679947814295,155.14541895091662,149.31368865966797,33.10404160943516,0.03157155324827277,6.3942742403603114,175.18081665039062,134.64707946777344,-1.4060288108595707
2022-05-23,135.07838767461445,140.4407432989188,134.94114336987113,140.293701171875,117726300,-0.0301542101427245,0.19648019632576866,24.34733205182886,0.01954311275355569,147.09126630611743,154.56299864585617,148.35635223388672,37.31383721422571,0.03320497235598337,6.484352412370113,175.18081665039062,134.64707946777344,-0.9521674438545027
2022-05-24,138.0389654521871,139.1761411372566,134.62745335548652,137.5978240966797,104132700,-0.039613612592537296,0.17892894503943635,19.386686258687636,0.005726604205070318,146.18712895283764,153.89769768314338,147.5618034362793,28.75464514247099,0.032541598462304755,6.384260460582835,175.18081665039062,134.64707946777344,-0.7414258626774171
2022-05-25,135.70583264997845,138.9997119005548,135.61760734755066,137.7547149658203,92482700,-0.0357509866081796,0.1466241831106623,23.308747730568708,-0.09218723898902015,145.38404190645502,153.264639537366,146.78635482788087,34.2137279346623,0.03256147108914712,5.851817471900822,175.18081665039062,134.64707946777344,-0.51036763002611
2022-05-26,134.68626677474316,141.49949297179575,134.4411865880973,140.9505157470703,90601500,-0.0199033322142153,0.13059588398707128,26.847924614016144,-0.030274316667981194,144.96180131984696,152.7817327220603,145.8246643066406,37.32629913445102,0.03112666312363917,5.987660949844391,175.18081665039062,134.64707946777344,-0.08358840598214101
2022-05-27,142.52887188890233,146.7344424649416,142.40142537012454,146.6952362060547,90978500,0.007656635466057788,0.11759550134848656,33.83482670655928,-0.06238520518663093,145.12689035662865,152.54304658417772,145.44338455200196,47.75511936743964,0.031908601317169695,5.995366129855845,175.18081665039062,134.64707946777344,0.6063490855547116
2022-05-31,146.13644955191023,147.69515625482543,143.95032308788612,145.9109649658203,103718400,0.003494998182631519,0.10136934651082315,31.886711828077935,-0.08469725394301475,145.20156412893263,152.28296495208528,145.00771865844726,44.574161727298,0.0319021424583003,5.935145569443601,175.18081665039062,134.64707946777344,1.0070144280124174
2022-06-01,146.95010821381516,148.75391017683245,144.773794451972,145.78353881835938,74286600,0.002627233349297582,0.07191827361574148,38.04322033985903,-0.1315488213874495,145.2569902898304,152.02808549586075,144.4912857055664,52.49041258508699,0.031779909628679104,5.544418521562668,175.18081665039062,134.64707946777344,1.2449891819717598
2022-06-02,144.92085472708317,148.29316134885798,143.96994216366954,148.23434448242188,72348100,0.014110925774025078,0.0594383597373382,45.799963909610135,-0.09189868110250099,145.54054783198197,151.87931133847098,143.7772964477539,60.07453689989874,0.030451854413217003,5.314043164180565,175.18081665039062,134.64707946777344,1.530216745874304
2022-06-03,144.0091506541789,145.05810131692076,141.61717995046743,142.51907348632812,88570300,-0.01511044635898737,0.07040556940561402,38.572940916803304,-0.09835055379589097,145.25278837049112,151.51224318740657,143.23028030395508,48.04345124321691,0.029135489722183022,5.3987711794851645,175.18081665039062,134.64707946777344,1.3054817468922053
2022-06-06,144.13656879270374,145.6462712304333,142.0484806619193,143.2640838623047,71598400,-0.010028877982807926,0.08039872606408134,40.98628758743994,-0.09565508627146768,145.06338794114004,151.1887859589712,142.68424072265626,50.69124804091396,0.02914293931892963,5.421878865475449,175.18081665039062,134.64707946777344,1.1821976809115715
2022-06-07,141.50933876771822,146.06782531945106,141.26425852389363,145.78353881835938,67808200,0.0037237616876227577,0.0929937676644458,40.952222011609884,-0.07857489885396995,145.13197373897046,150.9768154828688,142.52003784179686,49.37308796431995,0.02860509849112455,5.468792106640982,175.18081665039062,134.64707946777344,1.2395102887867555
2022-06-08,145.6560576230458,146.92066479832334,144.5581031788664,145.0482635498047,53950200,-0.0004398267477041345,0.10501191272744406,50.83399535035673,-0.10116247714881244,145.12400134000228,150.7443232501996,142.19898147583007,60.31786947377892,0.028339792093145154,4.983531409571632,175.18081665039062,134.64707946777344,1.1964785975197358
2022-06-09,144.18557316361037,145.03844740252498,139.72511089989996,139.83294677734375,69473000,-0.0293820871252821,0.12021506980600949,50.82287777445077,-0.057320266656987084,144.62009138165385,150.31642613361703,142.0097770690918,57.25646420395417,0.027056407350890665,5.009440792982995,174.67181396484375,134.64707946777344,0.8041760365732729
2022-06-10,137.5194322486073,137.98998215242344,134.3627973500884,134.43142700195312,91437900,-0.05585419647086841,0.13034048583515076,43.03920479707079,-0.10467023151583521,143.64974239311093,149.69348499119883,141.74362030029297,49.44872994482823,0.02776574453607068,4.833680550227434,174.67181396484375,134.43142700195312,0.1998064890087381
2022-06-13,130.25520640425938,132.53935542645704,128.853354985689,129.28469848632812,122207100,-0.08002017640919593,0.13808688267643732,31.933559106118828,-0.1082267547524568,142.28164297341732,148.89314042238038,140.9971046447754,36.45358229434768,0.027746858708659627,4.835086511204109,174.67181396484375,129.28469848632812,-0.48999570343683985
2022-06-14,130.5101288143863,131.25516732822615,128.89259032192393,130.14739990234375,84784300,-0.06836079059194913,0.14466169235926368,35.50097136778959,-0.1590263562616533,141.12600077617222,148.15801334316328,140.3706802368164,40.39923315145259,0.02783384315036572,4.5991100247693755,174.67181396484375,129.28469848632812,-0.8125602733791024
2022-06-15,131.64731188113106,134.63729418113485,129.55923814253225,132.76487731933594,91533000,-0.04815274525835243,0.15044783284751348,39.26129081586132,-0.052830407061972284,140.32970330409256,147.554360950072,139.69376907348632,43.953438663497195,0.027560194978395992,4.720249416597838,171.36317443847656,129.28469848632812,-0.774200354209515
2022-06-16,129.48077097128098,129.78466802101963,126.50058741056864,127.50051879882812,108123900,-0.07905073415950889,0.15420215164062626,32.665382362235576,-0.06905098855839764,139.1078762083531,146.76793576767028,139.16635513305664,34.4796997707854,0.026114146471356934,4.663533954102756,168.50486755371094,127.50051879882812,-1.0128666447970796
2022-06-17,127.51032472551074,130.4610847422451,127.25543176187765,128.9709930419922,134520300,-0.06390817985452953,0.1563820310977464,26.287821277818935,-0.07330004584802519,138.14245876393778,146.07001644509467,138.88255081176757,27.309246048179773,0.025834338956013118,4.479371544281055,168.50486755371094,127.50051879882812,-0.9805464942953961
2022-06-21,130.79441426737327,134.36278178825876,130.69639115129178,133.19619750976562,81000500,-0.03019031443554677,0.15473026609533236,32.54385925185738,-0.04923909471603305,137.67138626354043,145.56516080057196,138.79824295043946,35.04040271661367,0.026966495312291703,4.597011228518716,166.80160522460938,127.50051879882812,-0.6020362569073994
2022-06-22,132.1374396483602,135.04899374439103,131.27476747959807,132.68643188476562,73409200,-0.03283173712954666,0.15005756251541322,34.683353668675686,-0.0036540083113845157,137.19662870365713,145.06011260779525,138.417879486084,34.727960366415644,0.025236170543917337,4.582304838513896,166.80160522460938,127.50051879882812,-0.3271854791363369
2022-06-23,134.12750324123766,135.8626603415122,132.9609190593017,135.54896545410156,72433800,-0.010839360211610147,0.14540748952849036,35.22258919948627,-0.04658069263993181,137.03970839417565,144.68712644490532,138.31543655395507,35.348742124509855,0.025459618018482243,4.500376929339477,166.80160522460938,127.50051879882812,0.08424340379059103
2022-06-24,137.14689423988725,139.1173489130396,137.01946268880786,138.8722686767578,89116800,0.011851203613391257,0.13692829282501764,44.66613513497284,-0.08168206882512075,137.21423794489775,144.45909280693874,138.37131423950194,45.541707939030694,0.02606538772426147,4.282606852695447,166.80160522460938,127.50051879882812,0.5889222502496727
2022-06-27,139.89179587794544,140.6662578013618,138.19584483125837,138.8722686767578,70207900,0.01102345554508862,0.13403020325154558,44.95261269123472,-0.061904144400496186,137.3721456336463,144.2400016645787,138.26740188598632,44.53130106325574,0.025523367340557296,4.202079881380407,163.86495971679688,127.50051879882812,0.9121645474623787
2022-06-28,139.33304472180774,140.5976523771425,134.61770255675322,134.73533630371094,67083400,-0.018488982729439715,0.1291042462257841,39.08068095217197,-0.067631766112072,137.12102093555723,143.8672696896427,137.66940689086914,36.77545886950451,0.024380818734000206,4.286107240296969,163.86495971679688,127.50051879882812,0.8386526683299826
2022-06-29,134.7548943447595,137.90171551636791,133.98043259004706,136.49005126953125,66242400,-0.004401714340931176,0.12051795836369,42.271985909071574,-0.04034222264276843,137.0609285864119,143.5779670065011,137.1983612060547,39.99999286823021,0.024670070538790626,4.3974444765015335,163.86495971679688,127.50051879882812,0.8943962821778526
2022-06-30,134.5490335635321,135.64698810352084,131.1375212724895,134.0294647216797,98964500,-0.021138052469284255,0.10878277048914076,45.064533504789765,-0.022405694563540357,136.7722177421517,143.2035159365081,136.61065750122071,42.7522249057576,0.02488803131219763,4.399542858439893,163.69857788085938,127.50051879882812,0.7571833576463987
2022-07-01,133.36284196732555,136.3038045198631,132.9903302157903,136.1959686279297,71051600,-0.004051217720282735,0.10105231467251402,55.66398090338272,-0.008665800671537882,136.71733687413055,142.9287101597011,136.00873870849608,52.397391335715234,0.02486010706271725,4.245494635355426,162.9056396484375,127.50051879882812,0.799786270304959
2022-07-05,135.05880629688934,138.82323473193733,134.2353254229341,138.7742156982422,73353800,0.015077517161178075,0.09988314629267636,70.83745958378597,-0.006499437054371393,136.91323009547452,142.76578880827134,135.8214958190918,63.86026893029181,0.023952659528462636,4.174768727693935,162.51412963867188,127.50051879882812,0.9773145631562068
2022-07-06,138.5683715462856,141.28384979355582,138.30368070277723,140.1074676513672,74064300,0.02342514341370158,0.09663431630032268,71.57158083907997,-0.015684346777715463,137.21744319603573,142.6615409197653,135.6636650085449,64.3502956269547,0.024033013202320073,4.218882448013675,162.51412963867188,127.50051879882812,1.1484249664872617
2022-07-07,140.4701612232241,143.66601661315485,140.46036340026106,143.46995544433594,66253700,0.04537047061592581,0.09310113020357048,71.95355674591737,-0.06528752092141477,137.8129205530167,142.6932434501406,135.54798583984376,65.09953752328741,0.024332670573318418,4.11034622824118,162.51412963867188,127.50051879882812,1.4334264687458753
2022-07-08,142.40142264422445,144.64636610420064,142.1465445700594,144.14639282226562,64547800,0.045980847253076024,0.08911352621393949,85.48829094808289,-0.1268511857580108,138.41610838818326,142.75022970002786,135.5028923034668,76.96959658239678,0.024334936846661118,3.8414556300536042,162.51412963867188,127.50051879882812,1.6001879244250947
2022-07-11,142.8033484830433,143.7542609845207,140.95054251842944,142.0190887451172,63141600,0.027595370454367916,0.09173237079948686,83.04640648455612,-0.09533381413606323,138.75924937455792,142.72155750571764,135.61219940185546,70.69991227373693,0.02311901374268899,3.8407554388727982,162.51412963867188,127.50051879882812,1.501521516955434
2022-07-12,142.89155544175705,145.5286208059207,142.19553604555907,142.98959350585938,77588800,0.03530820439148776,0.09694099508155114,86.43065715495439,-0.1122122506614659,139.16213929182473,142.7320687214095,136.04010772705078,67.32573306784954,0.021166821728081108,3.706308532768294,162.51412963867188,127.50051879882812,1.43593497489852
2022-07-13,140.17610485424197,143.56800712971256,139.3232154144063,142.6269073486328,71185600,0.03233034273265366,0.10848027508923895,97.36403821082662,-0.1135281921820499,139.49211720199693,142.7279447460065,136.70721817016602,67.67793150571183,0.018852783670209258,3.7399203506621013,162.51412963867188,127.50051879882812,1.3061664904548063
2022-07-14,141.24462523992875,146.0187828364424,140.43095716603992,145.54823303222656,78140700,0.05527081950487095,0.11337428973991974,95.71693611955007,-0.04821222416373183,140.06889013820927,142.8385442866426,137.47725982666014,67.74537892040316,0.019164016641407843,3.9121772944946662,162.51412963867188,127.50051879882812,1.3495736323093237
2022-07-15,146.83245817528143,147.8912065060331,145.2835494113212,147.21478271484375,76259900,0.06565450383154882,0.11645430606539785,93.947516155275,0.0005462389554125036,140.749451335984,143.01016147990538,138.19975509643555,65.7301854644783,0.018919481073725354,3.843553982764228,162.51412963867188,127.50051879882812,1.4160956033597538
2022-07-18,147.77358792071823,148.58725611818477,143.8130828380742,144.17581176757812,81420900,0.03498437819735057,0.12797417999167537,93.88671684781308,0.04357289976218803,141.0757713770882,143.05587325589255,139.03351974487305,58.97187166852089,0.01691061070205212,4.008108290621881,154.18487548828125,127.50051879882812,1.1900954079250283
2022-07-19,145.0090524915063,148.25391198084102,144.01893385798232,148.0284423828125,82982400,0.06790968787010956,0.13384558574623495,111.25056627199444,0.047799291599548877,141.7379305204905,143.25087596675215,139.98639221191405,72.70602377106135,0.017489125380951053,3.8834674550839816,154.18487548828125,127.50051879882812,1.2296887328405206
2022-07-20,148.1460756395822,150.6949157224323,147.41083503397255,150.02828979492188,64823400,0.08476153352526719,0.13637906359633395,117.46595762274264,0.02621249910924406,142.5274885466268,143.51665690119017,140.82799682617187,72.93269191004359,0.01650207570633144,3.8379530095224754,151.46939086914062,127.50051879882812,1.3126323784463967
2022-07-21,151.4595528168205,152.50850317822432,148.9499341408544,152.29283142089844,65086600,0.09879091026008743,0.140667531062424,130.15845458825763,-0.05172678492995508,143.45752120131934,143.8608206078454,141.8083168029785,81.14352622814322,0.01644543847427588,3.709812940974487,152.29283142089844,127.50051879882812,1.4322995339115678
2022-07-22,152.3320525114364,153.2045374479934,150.3910214648786,151.05763244628906,66675400,0.07611293521665563,0.14182847907078142,121.56842504382014,-0.044087412636710455,144.18134131988788,144.14304852307848,142.5837501525879,76.1741319576946,0.016404517927866284,3.67410163233463,152.29283142089844,127.50051879882812,1.3421013544144045
2022-07-25,150.97921649648936,151.9889458272938,149.28326552705713,149.94007873535156,53623900,0.0583161700371774,0.13963298545184527,114.57771861768384,-0.1168759807665225,144.729792502313,144.37038304120685,143.13714065551758,70.73181787790153,0.01601086289596732,3.5396567031370187,152.29283142089844,127.50051879882812,1.1295409117655661
2022-07-26,149.26366918886245,150.07733740905363,147.8324089141252,148.61666870117188,55138700,0.03833964664165662,0.13600015312918656,104.09715515062068,-0.10205517155705413,145.09997118791858,144.53690404748,143.62436065673828,65.80493177333773,0.016245774655542035,3.4871395177191493,152.29283142089844,127.50051879882812,0.835717220915404
2022-07-27,149.5773707705413,154.2338952339947,149.1656377708993,153.7045135498047,78620700,0.08679712807810894,0.13471713189557458,110.40779415209812,-0.053092128373295466,145.91945141286013,144.89641814561037,144.57281951904298,67.86459670606084,0.01563266925630191,3.6341879156502324,153.7045135498047,127.50051879882812,0.9136085639843756
2022-07-28,153.8907653704556,154.53778073211737,151.37134852302864,154.2534942626953,81378700,0.08303906424040822,0.13066644484832501,109.41696833617618,-0.007550239745069742,146.7131697795111,145.26336230706468,145.46099166870118,67.72096935491379,0.015574948067612969,3.6818029638607674,154.2534942626953,127.50051879882812,0.9286584918337608
2022-07-29,158.06690844043507,160.4098742170783,156.36114510873213,159.31190490722656,101786900,0.12332248728163915,0.12374247091116358,124.00952711758566,0.05965206112095456,147.91304931548402,145.81428554628673,146.72511367797853,77.49390346267793,0.015551127986989502,3.8932693674712544,159.31190490722656,127.50051879882812,1.1891963788128939
2022-08-01,157.84144361325252,160.37067302404677,157.72380990621818,158.33160400390625,67829400,0.09848298439165601,0.11416657621944754,115.72128824711947,0.08249202637729303,148.90529261914327,146.30516077991888,147.83189544677734,74.38471552854804,0.015793085405453915,3.83165015725876,159.31190490722656,127.50051879882812,1.2018566535789539
2022-08-02,156.94933946867826,159.21387773959583,156.488587574071,156.86109924316406,59907000,0.07293234388607521,0.10553379704975577,108.96047624390488,0.06767002391391763,149.66298848809762,146.71911915102655,148.73623962402343,71.85432821834368,0.015993891252712337,3.7231143322743714,159.31190490722656,127.50051879882812,1.0244654312746744
2022-08-03,157.67479700322565,163.3116417148104,157.58657171952115,162.86070251464844,82507500,0.10826781415862015,0.09500551699389287,101.65157294575354,0.04142577345439191,150.91991363348342,147.35212242018818,149.8739013671875,74.28501345041155,0.017518423660875505,3.7847369609346475,162.86070251464844,127.50051879882812,1.2116426326506797
2022-08-04,162.7430582477967,163.89984462441896,161.19414951620604,162.5469970703125,55474100,0.09512619025967989,0.0813587113432585,99.46934015631335,0.02985947738188388,152.02725491318142,147.94799985744797,150.82775344848633,72.3557041962722,0.017205017827380712,3.791739676184721,162.86070251464844,127.50051879882812,1.2118499290803921
2022-08-05,160.22042780912037,162.81206933981915,160.01426786699392,162.32122802734375,56697000,0.08219267420327946,0.06507829835120317,106.43314165488634,-0.06233812335730238,153.0076333050064,148.51165586411057,151.73649520874022,78.82210142503837,0.01729041988355244,3.6505702613786246,162.86070251464844,127.50051879882812,1.0977070890567386
2022-08-08,163.32251461167718,164.7361398246356,161.19226535966965,161.84999084472656,60276900,0.07157483758971746,0.05190105164734927,102.67662346116143,-0.060142349487704916,153.84976259450357,149.03472782413473,152.7280403137207,74.59620856117682,0.0167320928742345,3.601205714386284,162.86070251464844,127.50051879882812,0.8997082554072202
2022-08-09,161.0156004495246,162.78263230320212,160.25970057725633,161.89910888671875,63135500,0.06379458410377493,0.047998398957990865,98.46546843706544,-0.04734649145655334,154.61636700328597,149.53921335600077,153.67351608276368,72.70086768959263,0.01679271108759874,3.5468379313495717,162.86070251464844,127.50051879882812,0.690686773234586
2022-08-10,164.60853143111325,166.23812814464867,163.8428202002786,166.1399688720703,70170500,0.08731813502695895,0.052700142334181396,97.31066926776067,-0.04812820207573387,155.71385289555116,150.1902233762388,154.84916915893555,74.61932376795679,0.017215038167725995,3.6025843756752858,166.1399688720703,127.50051879882812,0.7516467232829065
2022-08-11,166.94492022851418,167.85789272456063,165.10917878344554,165.4036865234375,57149200,0.07230363856958674,0.05710329811980029,98.1359780411538,-0.05110688874878555,156.6366941934451,150.78682977416818,155.8419418334961,75.96704263676583,0.017150182923585586,3.597955658389592,166.1399688720703,127.50051879882812,0.6592874321569777
2022-08-12,166.70933581222894,169.01628078921996,166.29701596444957,168.94757080078125,68039400,0.08848957040586643,0.06334039238711535,102.33692714865533,0.0033323467588677325,157.80915863223902,151.49901569678048,156.92858123779297,81.62653584861205,0.01744267818788562,3.6627352273571483,168.94757080078125,127.50051879882812,0.7473198230097902
2022-08-15,168.3782005294128,170.21394216296972,168.21131628811554,170.01760864257812,54091700,0.09264919763185889,0.06411928155826836,114.5565330669045,0.012279826944875616,158.9718681570332,152.22523502798822,158.22067108154297,85.91178781060107,0.01618615007358888,3.645427897351845,170.01760864257812,127.50051879882812,0.7842250287599546
2022-08-16,169.61511402434292,170.52808660786044,168.51563433427114,169.86053466796875,56377100,0.08351977528564837,0.06472944156475789,111.8940857391208,-0.04479875109399334,160.00888401521755,152.91681540602667,159.3122756958008,82.48647063119054,0.01571268764584655,3.387944021692308,170.01760864257812,127.50051879882812,0.7070512566785103
2022-08-17,169.6052979143018,172.92337473871223,169.40896440067246,171.35269165039062,79542000,0.08570015958740038,0.06378341288966517,111.81356358438157,-0.052680174439507454,161.0892466471388,153.63979094502133,160.3784957885742,83.12649468048942,0.015645314777943172,3.412799602331668,171.35269165039062,127.50051879882812,0.6660591219631886
2022-08-18,170.5673396933382,171.69626861182405,169.94887490568271,170.9600067138672,62290100,0.07324041380279124,0.06272095516735274,103.04271680729505,-0.13899105289192892,162.02931903444627,154.3190150928192,161.31185455322264,77.54571527133271,0.015642144462959393,3.0978720131715494,171.35269165039062,127.50051879882812,0.5280895206306591
2022-08-19,169.86053968443733,170.55754092380556,168.1720444080825,168.37820434570312,70346300,0.04521366421226264,0.06258024640917309,92.27785771224667,-0.15146732327700085,162.6339747783755,154.87035584783425,162.17788314819336,72.08556565888321,0.016044940330937597,3.107950526596984,171.35269165039062,127.50051879882812,0.19566093332512136
2022-08-22,166.58172694573366,166.74861119438174,164.07843325743647,164.5005645751953,69026800,0.012368083575120719,0.06506869652700822,77.7255555156245,-0.11658835661257139,162.81174523521548,155.2480110920445,162.90590744018556,65.18668342684086,0.017058211730916425,3.2204134496499717,171.35269165039062,127.50051879882812,-0.3243675897832601
2022-08-23,164.01951691966545,165.61966421752064,163.59738564765863,164.16676330566406,54147100,0.008990351150619793,0.06662384958098566,63.748777258645646,-0.14281084142996647,162.9407945752582,155.5977660808139,163.68341217041015,53.3512706747959,0.016839141048789124,2.904108885236805,171.35269165039062,127.50051879882812,-0.7078205703210836
2022-08-24,164.25514348994625,165.03066617037743,163.2047358944321,164.46128845214844,53841500,0.010895026164013933,0.061419502665989736,70.930019905358,-0.16746692711355127,163.0856035159144,155.94535519341525,164.22125091552735,54.91679214536037,0.015386983295430843,2.8412685400748336,171.35269165039062,127.50051879882812,-0.9438578175756058
2022-08-25,165.68839353539587,167.0234825149317,165.26627719342727,166.91549682617188,51218200,0.02667914085126021,0.05578031910603476,76.24730363747645,-0.08826464510199816,163.45035525974845,156.37555682607237,164.85435104370117,60.58815999729924,0.015597701786274025,2.82443943935755,171.35269165039062,127.50051879882812,-0.9351470955345818
2022-08-26,167.4456477244252,167.9168512892463,160.56404149028532,160.62294006347656,78961000,-0.018231929080247122,0.053424617693399484,55.556761534358486,-0.0036822586364948506,163.18107762200827,156.54212087459803,164.91990280151367,47.77034708012399,0.01669099867084289,3.0965062489286237,171.35269165039062,127.50051879882812,-1.3295564459340374
2022-08-29,158.19816763869952,159.9161124345619,156.89254277561915,158.42396545410156,73314000,-0.030033319183760815,0.05274823596123049,50.12445173504845,-0.011694045244065476,162.72801932030288,156.61591870124522,164.92452087402344,44.14298154069775,0.016933445515833867,3.182753789065168,171.35269165039062,128.9709930419922,-1.6916848803746287
2022-08-30,159.16019500251252,159.58231130465205,154.8309714061125,155.99917602539062,77906200,-0.041701475257869415,0.05358295046490312,35.29986248363249,0.10608981630263492,162.0871771017398,156.59173271395682,164.88142471313478,31.794182023389155,0.017162189187255827,3.2122052633944276,171.35269165039062,132.68643188476562,-2.025152173345582
2022-08-31,157.37351363125413,157.63857209111154,154.261582013457,154.34011840820312,87991100,-0.05553150510380796,0.052180400878798903,39.33932064146258,0.1463478669300009,161.34936198806963,156.50343411373117,164.4553955078125,30.774521657969544,0.014714354317283886,3.257082130290103,171.35269165039062,132.68643188476562,-2.269691364804334
2022-09-01,153.77076113952282,155.5181549609377,151.83684522830168,155.06658935546875,74229900,-0.044429909429098705,0.05040712804704652,29.2253205624437,0.154916027749731,160.7510026897267,156.447087260466,164.0813751220703,23.260326929792285,0.01480434280159337,3.261990377922499,171.35269165039062,134.0294647216797,-2.2882610508752723
2022-09-02,156.82384189990486,157.42266906282578,152.13139887739348,152.9560089111328,76957800,-0.05397987218690615,0.04945049786167754,22.53441621757229,0.12930291814321437,160.00862232986063,156.3101822271588,163.61311416625978,18.40014107824247,0.015017716135706674,3.4968935429637935,171.35269165039062,134.0294647216797,-2.340062557237259
2022-09-06,153.60388383195894,154.21252227519972,150.87480729194033,151.6994171142578,73714800,-0.056954076294791385,0.04753813526886653,21.325780143055127,0.1284426641553038,159.21726945218418,156.12936790900582,163.10558547973633,17.68006000144463,0.015065434095489817,3.5915551650830855,171.35269165039062,134.0294647216797,-2.3501445678671975
2022-09-07,151.9841081371773,153.80021196934476,150.79626559392008,153.1032257080078,87449600,-0.040940971832081195,0.046864589224093756,20.45276440506127,0.10674541691988715,158.63497957178643,156.01069566582945,162.6657913208008,17.420385410180003,0.015303687358845406,3.555093453467722,171.35269165039062,134.0294647216797,-2.158412098551452
2022-09-08,151.80741774838046,153.4959132532277,149.88331299426738,151.63072204589844,84923800,-0.05174428770758972,0.04655554232744872,21.63531765396281,0.1324008254671427,157.96790742646377,155.8389319944596,161.9403289794922,16.773682161880856,0.013765541067612193,3.6883224929547924,171.35269165039062,134.0294647216797,-2.0288772266709434
2022-09-09,152.62220516793604,154.92916542303703,151.91539245059826,154.48739624023438,68028800,-0.023826881835902498,0.04662969303317772,31.42367903746618,0.14187505022475766,157.6364301706324,155.78593059233313,161.39451446533204,26.345750098738236,0.014719270109263374,3.7247854266229297,171.35269165039062,134.0294647216797,-1.6642147972766
2022-09-12,156.6667134786447,161.2511691580026,156.38203213199495,160.43637084960938,104956000,0.016802645801071946,0.05707157775147886,45.595948780525816,0.11550023167004997,157.90309118767783,155.96830079850082,160.96895446777344,43.53525463501207,0.016604658648700955,3.9007855573016132,171.35269165039062,136.1959686279297,-0.9701587066660524
2022-09-13,156.9710748828432,157.59935128029267,150.56068735003652,151.02207946777344,122656600,-0.03316150421860649,0.10042897913042773,28.29182368740205,0.2422872118623698,157.24775673816313,155.77433133455074,160.0191780090332,33.777606034515884,0.02066243032024447,4.461743052280959,171.35269165039062,138.7742156982422,-1.0842651739969917
2022-09-14,151.95463927472932,154.22233860679495,150.79626102566698,152.46511840820312,87965400,-0.02274994342354052,0.12812346675222547,29.34889169230327,0.28717833954599925,156.79226737340502,155.64455827861553,159.14940719604493,35.60316364482061,0.020921183670604155,4.576039288365434,171.35269165039062,140.1074676513672,-1.0035699102461266
2022-09-15,151.81719923234522,152.39640331677907,148.6071081028978,149.57896423339844,90481100,-0.03442806996776297,0.14727789435081476,24.217047583884035,0.26577803332555505,156.10528612197584,155.40669184546977,158.06072082519532,29.40758755110643,0.020865526282919752,4.668597591402725,171.35269165039062,142.0190887451172,-1.0789985264612927
2022-09-16,148.44019701186863,148.57763194380593,145.6522077108374,147.9395294189453,162278800,-0.039017179826920406,0.16157350021197664,27.121063915245802,0.18768707282078378,155.3275950074015,155.1138619463904,156.90969696044922,33.06229307233481,0.020862170474278272,4.423879500231302,171.35269165039062,142.0190887451172,-1.166306500400482
2022-09-19,146.5750321533895,151.72886599832884,146.36888718799335,151.65032958984375,81474200,-0.016692794300256494,0.1792615180234144,32.117743318772646,0.16393944596869003,154.97737925334837,154.97803714809444,156.07330322265625,41.30541143473824,0.021947327230714266,4.540278180408308,171.35269165039062,142.0190887451172,-0.9123856512815347
2022-09-20,150.59008188296497,155.1843635395565,150.2759512881002,154.02597045898438,107689800,-0.004309486640749084,0.19450991870256737,36.80465932206025,0.020116483817065767,154.88676889198038,154.9407011995019,155.5495735168457,47.46400827733139,0.021978624179502203,4.551497634188075,171.35269165039062,142.6269073486328,-0.5410273730724346
2022-09-21,154.45792171393398,155.83228620825895,150.78643873263653,150.90423583984375,101696800,-0.01783894805342893,0.20744300016639744,34.991352728940996,0.020686545659292843,154.50748002987214,154.7824084402996,154.88644714355468,45.74416210037377,0.022309815553880376,4.6707017340429235,171.35269165039062,142.6269073486328,-0.4651253540036546
2022-09-22,149.58879338602387,151.6405063427645,148.14571882351763,149.94219970703125,86652500,-0.020622645841493835,0.21337212983220918,33.60823012493056,-0.0024030498200450223,154.0726914276968,154.59259633311262,154.16049270629884,43.68952726698761,0.022273596766666345,4.657378718800842,171.35269165039062,144.17581176757812,-0.4395014767718586
2022-09-23,148.42058784002563,148.6954577569954,145.83875792782328,147.67449951171875,96029900,-0.029587937268715406,0.21544612332855473,34.13718870380659,0.03360270830226897,153.46333981665128,154.32129841854817,153.19844284057618,43.52111236605774,0.021914055284018737,4.572533832641962,171.35269165039062,144.17581176757812,-0.5290569282118263
2022-09-26,146.91863241520423,150.95334879982894,146.89899456754617,148.00830078125,93339400,-0.026922375087327744,0.21474976385383632,37.84904150195956,0.018378647013548077,152.9438122894702,154.07372988375215,152.56771087646484,45.36717877100322,0.020644687232826746,4.623722350429347,171.35269165039062,144.17581176757812,-0.5188823330598411
2022-09-27,149.9422080635759,151.88593544780034,147.20330517830297,148.9801483154297,84442700,-0.01970460938976142,0.2134347064378557,37.52889774924065,0.0422126350746328,152.56632048241872,153.87398158695518,152.09552001953125,44.76828341765985,0.020634793488141952,4.7436283428631105,171.35269165039062,147.67449951171875,-0.40483098607307255
2022-09-28,144.93560783080054,147.8806554147203,142.18689375661808,147.09530639648438,146691400,-0.027489206967726956,0.2115864303842135,37.40955120120419,0.06425505603992598,152.04527152185355,153.60815118732887,151.65032653808595,44.30467015016604,0.020558964747707794,4.970817935709631,171.35269165039062,147.09530639648438,-0.41303501897816064
2022-09-29,143.42383363893248,144.03247205665744,138.1031007730531,139.87013244628906,128138200,-0.055527739375855235,0.20612654244596976,25.448690717225062,0.15462271026154095,150.88573446703788,153.0694053543469,150.92682723999025,33.45919642619725,0.022994324143232246,5.377515239016252,171.35269165039062,139.87013244628906,-0.8373024104461453
2022-09-30,138.69211755301987,140.4787870882612,135.47219979960417,135.6685333251953,124925300,-0.068961711393856,0.19909959879499436,15.583053690643466,0.14859772984106567,149.43647721543383,152.3870182159488,149.95692443847656,20.81886278087015,0.02355547626417896,5.2520019797940245,171.35269165039062,135.6685333251953,-1.3052435933118227
2022-10-03,135.67835835777296,140.44933637961338,135.1678792129988,139.84068298339844,114311700,-0.04180511389333698,0.19337806702222576,25.009064161218642,0.06490887272979884,148.52259205047807,151.8950050695743,149.30115814208983,34.969606272208665,0.02489095102562005,4.923842956011291,171.35269165039062,135.6685333251953,-1.2386604138181672
2022-10-04,142.3734205948832,143.54162523892447,141.61752082886468,143.423828125,87830100,-0.02178868568398902,0.1860355455208097,26.92457682983141,0.04212973482150817,148.03699548614682,151.56280205214,148.88737869262695,38.50763093461105,0.025737500630958598,4.943476147039724,171.35269165039062,135.6685333251953,-0.8753038543371532
2022-10-05,141.431060587486,144.68042854372132,140.39046414563674,143.71836853027344,79471000,-0.01878862505052781,0.17425795151145498,29.832297682594035,0.0007065386713944743,147.62569768082554,151.25517720814523,148.41813583374022,42.025195134389,0.025614753945715635,4.974330010809671,171.35269165039062,135.6685333251953,-0.5528593179544985
2022-10-06,143.13912691743977,144.8374334955695,142.5599378213271,142.76608276367188,68402200,-0.02146843436064584,0.1439923343345792,30.773065205765214,-0.09688295641359534,147.1628772125252,150.92227154365608,147.97490386962892,42.82607527302627,0.025581822310440306,4.856525664501196,171.35269165039062,135.6685333251953,-0.35127017572201424
2022-10-07,139.9290453992253,140.47880029356153,136.8956494527264,137.52392578125,85925600,-0.04243057008836942,0.11135980513592937,22.206408931021432,-0.06835779592547919,146.24488183811803,150.39684621964017,147.1267303466797,31.20921811635091,0.026131124168250044,4.892986700259052,171.35269165039062,135.6685333251953,-0.5089674324180518
2022-10-10,137.84786987304688,139.29094450363405,136.03176603772727,137.84786987304688,74899000,-0.04066932988419733,0.08185101189981939,21.206875911603607,-0.03019159431644447,145.44516641287316,149.90472950016593,145.99730529785157,27.23763927950364,0.024100265428430787,4.775184287005516,171.35269165039062,135.6685333251953,-0.5272160857882948
2022-10-11,137.33739611427865,138.76084793369003,135.68817645989057,136.4342498779297,77033700,-0.0509421099424678,0.08932289675974649,25.850289931072595,-0.06255375647088712,144.5869838857357,149.37647539733314,145.26791381835938,28.612945290655375,0.02088216688726361,4.6342431440181615,171.35269165039062,135.6685333251953,-0.5667900802540982
2022-10-12,136.58147619996143,137.78894134975735,135.6292430799311,135.80593872070312,70433700,-0.050847938271996615,0.09882897798204965,26.587100514149686,-0.08753950454855108,143.7506938700183,148.8442974884457,144.43495483398436,28.898027274847664,0.020606008893855568,4.538879626202403,171.35269165039062,135.6685333251953,-0.566247446543005
2022-10-13,132.5173428390662,140.9598044199806,131.90868942611982,140.3708038330078,113224000,-0.018372148782266437,0.10145404113176125,34.293432392243275,0.00736312207318246,143.4287995807792,148.512003619605,143.97454681396485,39.79710813438986,0.022107242049911345,4.892284855820462,171.35269165039062,135.6685333251953,-0.20788196344906495
2022-10-14,141.66663200393148,141.8727919675868,135.65873850521228,135.8452606201172,88598000,-0.040052217972000544,0.10211522643533662,28.981460136752638,0.03138418223661188,142.70655777500187,148.01526860001724,143.36983337402344,34.79012499270148,0.02300738803767817,5.0465490865413,171.35269165039062,135.6685333251953,-0.2236809787549161
2022-10-17,138.48597103526853,140.282437004532,137.7006219624551,139.80142211914062,85250900,-0.015280363449687648,0.10328124523464126,32.55657538182106,0.053156561907670596,142.42987818872936,147.6931569733162,142.7773880004883,39.319198017878726,0.023292117302325117,5.0290166661782605,171.35269165039062,135.6685333251953,0.06862155170433493
2022-10-18,142.8249846575733,144.01281203046764,138.03436952113134,141.11685180664062,99136600,-0.007028349937152084,0.10496612397548791,36.15979536803288,0.0726273203678871,142.30482805710187,147.43526265305442,142.1319320678711,42.94975700482536,0.023057774384411412,4.970815805501453,171.35269165039062,135.6685333251953,0.37003144309918223
2022-10-19,139.09458913180654,142.2948685353432,138.9080670690917,141.22483825683594,61758300,-0.005896873268264018,0.10701468364987088,44.55606182401624,0.006951091606348658,142.20197188564796,147.19171659830076,141.6479621887207,51.91983994630278,0.022759932304591137,4.570429794274326,171.35269165039062,135.6685333251953,0.5834496642206681
2022-10-20,140.40022528755236,143.21764906737312,140.03699260265552,140.76344299316406,64522000,-0.007911238405313254,0.10903610908775832,50.15094032080692,-0.09244733394651738,142.06496913398283,146.939627437315,141.18902435302735,58.07650889697964,0.022746723899746493,4.440006163992938,171.35269165039062,135.6685333251953,0.6928622646846883
2022-10-21,140.25299045906925,145.1417806685085,140.03701908535325,144.57240295410156,86548600,0.013412827308534561,0.10989900523324171,48.451374051303766,-0.1226905802430136,142.30377235494652,146.84679510463997,141.03391952514647,57.58815134703402,0.023497530827251402,4.427385050888698,171.35269165039062,135.6685333251953,1.0022954885855118
2022-10-24,144.49386606815804,147.47817461798252,143.3256613631015,146.71246337890625,75981900,0.0234127241856621,0.11002666691044001,46.519011598420654,-0.11321826545859381,142.72364769056173,146.8415271938269,140.9691276550293,55.529857907457675,0.02374944146951614,4.459640122271198,171.35269165039062,135.6685333251953,1.3120870595976912
2022-10-25,147.34071401880695,149.69676086548404,146.6240900308621,149.54949951171875,74732300,0.03582975597609195,0.10979148856489689,49.103811483479504,-0.12032737620565459,143.3737288163862,146.9477221866854,140.99759521484376,59.03273918562133,0.024109059925943206,4.372690582023866,171.35269165039062,135.6685333251953,1.647352299184119
2022-10-26,148.19481318791426,149.20594507644813,145.32828678897533,146.6143035888672,88194300,0.016945016483605174,0.1092476584657669,46.18378755233862,-0.012887689531620006,143.6823549851939,146.93464694755528,140.9735450744629,55.61609169703742,0.024358015871701867,4.511527514059653,171.35269165039062,135.6685333251953,1.6088837689464057
2022-10-27,145.35775035197634,146.31979510961392,141.48991849585923,142.14764404296875,109180200,-0.008690484237733843,0.11236757593108812,51.119697926078715,0.004106343768272902,143.53619203831533,146.74692134345386,141.08742065429686,56.90412871545202,0.022672193721473922,4.458238355635544,170.9600067138672,135.6685333251953,1.2367813339327713
2022-10-28,145.48537216958695,154.6150242142885,145.11234293200243,152.88726806640625,164762400,0.04477469108533145,0.11130831220579124,51.30898747543822,0.15552792225569156,144.42677070765734,146.9877192541579,141.94835739135743,67.12882409493494,0.026943030901725454,5.115967048879327,168.37820434570312,135.6685333251953,1.6426804733907514
2022-10-31,150.35455427074947,151.41477358412882,149.13726210073048,150.53125,97943200,0.02966248423314731,0.10554741406337906,51.18019154147549,0.15801902001528734,145.00814968788046,147.12668124419093,142.4828857421875,65.71808603850421,0.02671726719834954,5.164348084013349,166.91549682617188,135.6685333251953,1.6754607382803646
2022-11-01,152.2393339638939,152.60255171953904,146.3983256985316,147.89047241210938,80379300,0.01415709674634574,0.09545847551911762,49.605572197744856,0.24711383554137534,145.2826566139975,147.15663383901128,142.70621795654296,62.895475221575545,0.026623979104691,5.453242923383432,166.91549682617188,135.6685333251953,1.4506675241076783
2022-11-02,146.22160672381153,149.38262560122348,142.34396380900958,142.3734130859375,93604600,-0.01374486113081377,0.08836905728718919,39.44591383229113,0.1768732983621426,145.0055858018013,146.969056554577,142.63897018432618,52.09443309090341,0.028027003370552344,5.309496266122941,166.91549682617188,135.6685333251953,0.8893523292805007
2022-11-03,139.45783369878677,140.1842842462697,136.2084665510831,136.33609008789062,97918500,-0.03957285168903598,0.0867240524942853,36.73201231159844,0.1901536448215626,144.1799195433336,146.55207747745206,142.3174705505371,50.49759994307309,0.029564995980021193,5.3059886284429325,166.91549682617188,135.6685333251953,0.11130772057130289
2022-11-04,139.71867839937045,140.28900066971147,132.13735779737468,136.0706024169922,140814800,-0.039191041672830704,0.0779783397616588,35.16937258999528,0.0890038207957029,143.40760362653918,146.14103923978698,142.24480438232422,45.911790052177956,0.02840894845203081,5.571307663294503,160.62294006347656,135.6685333251953,-0.3937009482579137
2022-11-07,134.82177198830993,136.827719829141,133.40580174577732,136.6015625,83374600,-0.033387064383094744,0.07834513106452007,34.80444309337734,0.04344220956100431,142.75940923353545,145.7669421127365,142.18248901367187,44.965620164059594,0.028418238076353488,5.388698775725028,160.43637084960938,135.6685333251953,-0.6493778315425386
2022-11-08,138.06672226567505,139.069688836373,135.19545550623369,137.17190551757812,89908500,-0.027884480501064426,0.07490587865909644,35.716152172064184,-0.005451359194849292,142.2272660224919,145.42988185410283,142.2193717956543,45.52724558833881,0.028329228885108096,5.423515337431299,160.43637084960938,135.6685333251953,-0.7313819869871063
2022-11-09,136.18857977969958,136.2377483327938,132.3438299914245,132.61915588378906,74917800,-0.04715154876146504,0.06943228817559934,32.00571157418176,0.04363725856428835,141.31220791404402,144.92750044350228,142.0600326538086,41.756503130324546,0.029312134814340977,5.5411881275338715,160.43637084960938,132.61915588378906,-1.0255094849275026
2022-11-10,138.88288280173376,144.41891479492188,137.1719158689749,144.41891479492188,118854000,0.013034458002252067,0.09228696193210441,32.74563070458922,0.13445441441811656,141.60808475984192,144.90755590826384,142.2624382019043,49.866274010256184,0.034826594688871525,6.019402222389412,160.43637084960938,132.61915588378906,-0.39125689851686496
2022-11-11,143.38645323831483,147.5065147597333,141.96063992686575,147.20169067382812,93979700,0.024310341275743625,0.10257359451437427,34.42703119031262,0.09829297163067108,142.1408091326025,144.99752197750166,142.83025970458985,50.42151678731164,0.03405851168102446,6.11892804938845,160.43637084960938,132.61915588378906,0.2170867322362311
2022-11-14,146.48384590068005,147.77198095425382,144.96953850636208,145.80535888671875,73374100,0.016321448862215107,0.10740328805902832,32.751368611294374,0.13192929789329044,142.48981387108975,145.0292018562945,143.13045654296874,46.691933027606055,0.03368518082589506,6.099626021764864,160.43637084960938,132.61915588378906,0.510105080496287
2022-11-15,149.67960607049233,151.02673737922098,146.08068410249945,147.53598022460938,89868300,0.02273245308927682,0.10876858787623561,36.185461637021675,0.137835158554793,142.97040114285352,145.12750689034607,143.4514129638672,50.83204102474813,0.03371571678471709,6.171066433890494,160.43637084960938,132.61915588378906,0.7885153551926798
2022-11-16,146.64119143040293,147.36883205309908,144.83188757505272,146.30685424804688,64218300,0.015187955830202248,0.1068045779534191,38.92118596919238,0.08247333679409263,143.28815858144335,145.17375580633433,143.70551376342775,53.987817302847525,0.033805177482379566,5.9981884022154,160.43637084960938,132.61915588378906,0.8524935006402933
2022-11-17,143.98620818910433,148.95193124541828,143.71088233685353,148.20462036132812,80389400,0.022638974346729873,0.10232083910761203,32.626476519388376,-0.08927470188707731,143.7563930366705,145.2926132398635,144.07757263183595,44.59367184675781,0.03385943317724511,5.482021883447187,160.43637084960938,132.61915588378906,0.9763238446663086
2022-11-18,149.76811828911318,150.15160903599656,147.46717380781297,148.76513671875,74829600,0.023662399857699485,0.09825889493177997,36.05370615511657,-0.11652667848377152,144.2334162444876,145.42879063119238,144.28720932006837,47.87274710862399,0.03338969504197159,5.405909687912031,160.43637084960938,132.61915588378906,1.043611601086
2022-11-21,147.65398361312236,147.86047052115927,145.25470236836378,145.53985595703125,58724100,0.006202565104329505,0.0938595583483985,35.76053035297916,-0.14527612372456544,144.35783907425366,145.43314613416646,144.22857894897462,47.2080353485742,0.03364594760613455,5.213495997153373,154.02597045898438,132.61915588378906,0.8279528938557527
2022-11-22,145.65786938764137,147.9096450709946,144.47788413446048,147.67364501953125,51804100,0.01592549289661782,0.08962260474418354,43.657163654401174,-0.19691996920809407,144.67363011666106,145.52100883555332,144.13478622436523,56.84557547168323,0.0335214082591589,4.955860221747675,154.02597045898438,132.61915588378906,0.7863702548804219
2022-11-23,146.95585380028717,149.29613922514196,146.84768896962234,148.548828125,58301400,0.018909994466531726,0.0856557537152622,53.35144184418881,-0.21803119754244216,145.04269659364573,145.63974684690416,144.23151245117188,68.20042769210897,0.03322409969167558,4.690396201795189,154.02597045898438,132.61915588378906,0.7739613649985682
2022-11-25,145.83487333926465,146.3953678932279,144.66473067745702,145.63821411132812,35195900,0.0029725055577528373,0.07158228736977656,50.60456083670203,-0.20000838708109803,145.09941254771073,145.63968673962668,144.40604095458986,63.21646082485396,0.03276510030756788,4.385571528595632,154.02597045898438,132.61915588378906,0.5371237680330736
2022-11-28,142.717800718595,144.192767660707,140.98717824134044,141.8131561279297,69246000,-0.019145228556997535,0.09308621295374936,52.7665458537694,-0.17250455252436558,144.78643574582682,145.48962671563856,143.85233535766602,56.5986388775009,0.02829254625482567,4.473365656211633,154.02597045898438,132.61915588378906,0.1124521320062547
2022-11-29,141.8819517027843,142.39327767480953,138.007718580844,138.81402587890625,83763800,-0.034909998835296205,0.10883802654183942,48.41083135975006,-0.13495878245254,144.2176348061201,145.2278384475314,143.26647415161133,51.958696614424085,0.028449612244723983,4.509888925056363,154.02597045898438,132.61915588378906,-0.3552357745226
2022-11-30,139.0401533008067,146.23799618945276,138.20434805005414,145.55950927734375,111380900,0.00735198659523032,0.11510889122619015,56.52617991466684,-0.043786913796398985,144.34543237480807,145.24084514673973,143.14992599487306,64.66779919104414,0.030520319418696047,4.738858397431007,152.88726806640625,132.61915588378906,-0.20268034118697842
2022-12-01,145.73651677852905,146.6411610165093,144.16321331865586,145.8348388671875,71250400,0.00854904442276029,0.12507877179071997,47.82351887711331,-0.13162671891540256,144.48728061217753,145.26413901812984,143.32299728393554,52.17252865909791,0.02925543129980494,4.073014739339622,152.88726806640625,132.61915588378906,-0.0818137575457984
2022-12-02,143.52408428382984,145.53003217962117,143.21924526160134,145.34320068359375,65447400,0.00526094918064885,0.13842500192567153,46.09430929252213,-0.11899534366317677,144.56879680945525,145.267239475599,143.7733528137207,46.93276654897833,0.0274091268803355,3.863708937390951,152.88726806640625,132.61915588378906,-0.035904778436608
2022-12-05,145.3038811249747,148.4013049961633,143.33725898348703,144.1829071044922,68826400,-0.002373965239123135,0.15024124534142783,46.48512936281498,-0.10017370398239533,144.53204540898258,145.2247166375164,144.1789680480957,47.30129578614427,0.027505901987539733,4.025252049161275,152.88726806640625,132.61915588378906,-0.08197458921139716
2022-12-06,144.61557170242608,144.8417290558683,139.55151049910586,140.52499389648438,64727200,-0.024210538900165376,0.1584543496022244,37.58211542321426,-0.10637063050104578,144.15042145541133,145.0404137849269,144.37513961791993,39.040923375763484,0.028238327412054103,4.030169196608434,152.88726806640625,132.61915588378906,-0.34248528110399434
2022-12-07,139.8169835109002,140.97728320609625,137.6635301739463,138.5878448486328,69721100,-0.03368245752634533,0.16537142476529773,36.713207849888455,-0.14035912763249458,143.62065225476576,144.78737186585656,144.44593658447266,38.19548058089082,0.02844314624958091,4.073716366793669,152.88726806640625,132.61915588378906,-0.6131512200128592
2022-12-08,139.98414879173407,141.1247931057231,138.7451823842777,140.26930236816406,62128300,-0.02124060961459793,0.17345612118692913,37.928871843650526,-0.047249625006523854,143.3014760750894,144.6101926698686,144.8284439086914,37.78386334625773,0.02737052510285538,3.8805663202597804,152.88726806640625,132.61915588378906,-0.6436650021760381
2022-12-09,139.96449489513216,143.14060047218985,138.54852454565471,139.78750610351562,76097000,-0.03296407926761209,0.19912963984243762,53.57969624570292,0.03962964996387086,142.96681226827286,144.42106770648223,144.59687347412108,36.14568135429745,0.018474454897909637,4.0168263701420335,152.88726806640625,132.61915588378906,-0.65864324213991
2022-12-12,140.3184631007223,142.08842573001988,138.70583381716978,142.07859802246094,70462700,-0.008377592671059477,0.21849326613470874,66.28348118400544,-0.004361784426406556,142.88222043533838,144.3292061502461,144.34071884155273,44.49999054385445,0.01831490657513969,4.007694767460882,152.88726806640625,132.61915588378906,-0.4846384940542126
2022-12-13,147.00500937638787,147.4671667934874,141.83279839446703,143.04226684570312,93886200,0.0015026676032511717,0.23187468232586478,62.809636401601836,0.033461293741522624,142.8974629506112,144.2787379422248,144.20256423950195,42.35640398777919,0.018308040772347812,4.165023871924185,152.88726806640625,132.61915588378906,-0.28491293839691956
2022-12-14,142.9242617747897,144.21239680146076,138.80418622868987,140.81997680664062,82291200,-0.019396750864156688,0.23954944503118783,55.645009241260944,0.07431026834129173,142.6996071273759,144.14310025063327,143.86676406860352,37.787389993972276,0.018335599705218673,4.376435323156419,152.88726806640625,132.61915588378906,-0.2822070998999081
2022-12-15,138.75505030022137,139.43353745953314,133.7598273780729,134.22198486328125,98931900,-0.06970385650341307,0.23610375167843015,43.63983966134625,0.18624339826660563,141.89221453079546,143.75403690210968,143.26252059936525,33.84356782352641,0.02086589778242243,4.603296178943899,152.88726806640625,132.61915588378906,-0.6817351137673893
2022-12-16,134.40882419317708,135.35279464023196,131.49821613912175,132.26519775390625,160156900,-0.08044663095485215,0.23045508312976218,46.526054365999165,0.1318404003408451,140.97535579013933,143.30349419041542,142.46554946899414,35.73314144718091,0.02058750674092823,4.5464063668812225,152.88726806640625,132.26519775390625,-1.0146869330273383
2022-12-19,132.8551821275431,132.94367653807714,129.12843913282236,130.16090393066406,79592600,-0.09063607817681218,0.22363277986634375,47.59530239574428,0.12425455650568384,139.94540799399883,142.78809849395458,141.53533782958985,36.71496769701681,0.02059251757650779,4.505669103401884,152.88726806640625,130.16090393066406,-1.295557055866121
2022-12-20,129.19723960857664,131.0261987808424,127.72227301817315,130.09205627441406,77432800,-0.08405272204860478,0.2138906054331251,26.381265009037538,0.0006741663290574795,139.00699354451456,142.29021448534516,140.762947845459,20.129151802579386,0.020310727050727454,4.167831790778357,152.88726806640625,130.09205627441406,-1.3962094486245247
2022-12-21,130.76070405901197,134.5267873201525,130.5345467103143,133.18948364257812,85928000,-0.04846268797465638,0.20057848526361965,35.66791359918426,-0.01572816417032641,138.45294498242538,141.93332307974646,140.03873977661132,27.979467633729286,0.02088127736166228,4.307602029912999,152.88726806640625,130.09205627441406,-1.1733819759977278
2022-12-22,132.10785363301125,132.31434056379908,128.12544063659777,130.02322387695312,77852100,-0.06985419448031858,0.18483528049671363,32.26864336828963,-0.02624313132363243,137.65011440095182,141.46626036591144,139.112459564209,25.595236937748055,0.021122349187886656,4.482491272798299,152.88726806640625,130.02322387695312,-1.1565440798030062
2022-12-23,128.7350936895975,130.21006041152802,127.4764566205478,129.65940856933594,63814900,-0.06721888579451951,0.16763696123572389,33.424328650295735,-0.05067194486918081,136.88909479794077,141.0032465699673,138.3135192871094,26.261648305714587,0.020904049760663963,4.316031114105725,152.88726806640625,129.65940856933594,-1.0882176735849902
2022-12-27,129.1874232542848,129.2169213883547,126.57181200307966,127.85994720458984,69007800,-0.07802838882818385,0.16309737733105384,36.32832323338259,-0.07700701572008528,136.0291759795264,140.4878230654427,137.6158588409424,27.960292139813944,0.020437496252447465,4.158700971926712,152.88726806640625,127.85994720458984,-1.080340359133661
2022-12-28,127.505939784758,128.8432433891337,123.76936236247,123.9365234375,85438400,-0.10268368811077679,0.15635462905817887,33.105194346152224,0.02797440376213811,134.8774947850477,139.8387524917979,136.87198371887206,26.15237125436188,0.020939976884175742,4.284424400106266,152.88726806640625,123.9365234375,-1.2438483104936293
2022-12-29,125.8539710621533,128.30241331797103,125.59831560715068,127.44693756103516,75703700,-0.07139558199231695,0.14368544898955643,43.1761041464509,0.024946839757101325,134.1698226684751,139.35279896510133,135.96635513305665,30.30211611375796,0.018539918544967844,4.415063087490603,152.88726806640625,123.9365234375,-1.0289607199022357
2022-12-30,126.26698223669044,127.78127473228464,125.30333405560762,127.76160430908205,77034200,-0.06161000508048197,0.13230746144622307,44.60699668765878,-0.04873134886785424,133.5595161580567,138.8982423119241,135.06269340515138,31.430298840597573,0.01855405027174458,4.264053426786453,152.88726806640625,123.9365234375,-0.7897668189763567
2023-01-03,128.10575347623433,128.71540148347327,122.09772277878758,122.98270416259766,112117500,-0.09589781592298394,0.12343328689095828,30.042977015864277,0.041496443360578894,132.55220072991776,138.27410356097013,133.94466857910157,22.617072891620197,0.019779105667250652,4.495131054774709,152.88726806640625,122.98270416259766,-0.8711366345341585
2023-01-04,124.77235918676688,126.51282423450829,122.99256829233606,124.25120544433594,89113600,-0.07393372391485553,0.11210436633173518,30.206060741945258,0.044755954363642436,131.76162975033853,137.7241859877688,132.94808349609374,23.287722934723547,0.020204878329104958,4.3448276028383,152.88726806640625,122.98270416259766,-0.7612475091242383
2023-01-05,125.00832719533364,125.637645647583,122.67788488068354,122.93354034423828,80962700,-0.08062137852380011,0.094964041280698,31.586458685482793,-0.026721458572844803,130.92085933070993,137.14416066841468,132.06851081848146,23.902476492413143,0.019771742059657912,4.169938330990341,152.88726806640625,122.93354034423828,-0.7005496140290397
2023-01-06,123.9070259079166,128.11558844506558,122.80571484542136,127.45677185058594,87754700,-0.028575415580635845,0.07312365793069962,47.02210650086326,-0.08383673148747806,130.5909462373648,136.76426306771552,131.5119571685791,39.49295351414275,0.021907253026979896,4.0449186289243775,152.88726806640625,122.93354034423828,-0.29951664276115597
2023-01-09,128.29256430946583,131.18350053047544,127.72224223148623,127.97789764404295,70790800,-0.021788731597597675,0.05135423893145969,51.69067840629163,-0.05353284893554899,130.34208446657223,136.41969971776757,130.89738693237305,43.03060113599916,0.021669017082061228,4.035786498837184,152.88726806640625,122.93354034423828,0.03908657190307263
2023-01-10,128.0860909010472,129.06940194282927,125.98180587179893,128.54824829101562,63896200,-0.01490552555873384,0.05110789442484921,56.47590996052371,-0.11374950601505485,130.17124292604302,136.11101534809103,130.33542404174804,47.24087968546859,0.021758236158192744,3.983812117821153,152.88726806640625,122.93354034423828,0.3238622135148743
2023-01-11,129.05959971999454,131.2818777117784,128.2827904454057,131.26222229003906,69458900,0.008918567954341355,0.05016876413959409,61.014968423970586,-0.08810238249130575,130.27514572261407,135.92086660071644,129.79460525512695,51.83588761939326,0.022014778337113287,3.9620379395142566,150.53125,122.93354034423828,0.6960342523857572
2023-01-12,131.64572074057682,132.0193688291939,129.24643878440378,131.18356323242188,71379600,0.00743540319834956,0.04770962313001596,54.86657087070096,-0.07832261224228387,130.3616616759291,135.73508999803823,129.2016700744629,46.52358887484973,0.02189095949777582,3.843337868017948,148.76513671875,122.93354034423828,0.9236690662170872
2023-01-13,129.82658137088367,132.66835024455597,129.46276101465787,132.51101684570312,57809700,0.017464778416716748,0.04431845583143121,64.03016302106995,-0.08265369216757834,130.56636216828852,135.6086557567702,128.786222076416,54.60503831412213,0.021936511610031753,3.7105911697263587,148.76513671875,122.93354034423828,1.136407351535445
2023-01-17,132.57984966159466,134.99878678874634,131.89153482883353,133.67132568359375,63646600,0.02821279261907788,0.04464305731809195,75.19138603526056,-0.07396480816640727,130.86207297926998,135.53268202841033,128.75868911743163,57.213567130551766,0.019442037366597702,3.737280324650115,148.76513671875,122.93354034423828,1.3153997976154006
2023-01-18,134.53662257229425,136.29674271738915,132.7764874230637,132.9534912109375,69672800,0.019070887434504146,0.0449497088739849,78.63188721026394,-0.054125945685131294,131.06125566800023,135.43153729047023,128.7931037902832,59.529011043656496,0.019186615033520968,3.7681845195121975,148.76513671875,122.93354034423828,1.3410011450210635
2023-01-19,131.84235433638028,133.9761376268957,131.53753029546905,133.0124969482422,58280400,0.01799729284648431,0.04567680238237158,93.45751467163358,-0.09643705113610734,131.2470881708804,135.33667296332405,128.9356834411621,69.84939497694035,0.018797942916893712,3.579950684138123,148.76513671875,122.93354034423828,1.3156375730150756
2023-01-20,133.02231973826562,135.71659745917918,131.98001240951498,135.569091796875,80223600,0.038595152152057687,0.04553523094813647,89.06073795548573,-0.0802264956987685,131.65870756383228,135.34578742738486,129.20953521728515,68.53672967420853,0.019213590476877367,3.5350003390804923,148.76513671875,122.93354034423828,1.416051475338652
2023-01-23,135.81491475833332,140.9281441212582,135.59858513124948,138.75502014160156,81760300,0.06264376832015965,0.04559825530999862,93.19995278959645,0.00813963519409544,132.33454685695315,135.47948282794238,129.48781204223633,72.18245126162938,0.019195442780117183,3.740794028202363,148.76513671875,122.93354034423828,1.6269715249043575
2023-01-24,137.96839974299797,140.77084282048162,137.95857203194126,140.15135192871094,66435100,0.07152286718952336,0.046477447892100864,121.28551459383705,-0.0717904797858877,133.07900448283485,135.6626933809137,129.9942184448242,90.11935277868801,0.01825146207545263,3.468979177049125,148.76513671875,122.93354034423828,1.7781818404834737
2023-01-25,138.53871015801215,140.05300275817604,136.49342112366645,139.49252319335938,65799300,0.05749694481345811,0.04686383210993204,114.79738852023958,-0.0769803078591369,133.68981578859908,135.81288278532335,130.4858741760254,86.66018016377991,0.018293214084033185,3.4781085151301148,148.76513671875,122.93354034423828,1.7488321775463112
2023-01-26,140.78062529691158,141.8426029112318,139.53181620357194,141.5574493408203,54105100,0.0705162123438181,0.047282266649869786,124.1787829138455,-0.04061251905264285,134.43911422214396,136.03815990514676,131.1707492828369,93.24192041528008,0.017953743228492167,3.4345598687710415,148.76513671875,122.93354034423828,1.7776873070804349
2023-01-27,140.77079221891566,144.77285978471076,140.69212554632242,143.4945526123047,70555800,0.08968923998080826,0.052638370171012853,136.7391945981666,-0.053249256270099354,135.30153692596878,136.33056746229022,132.14865074157714,92.31956089688872,0.01590317422982591,3.346764200109907,148.76513671875,122.93354034423828,1.8293023730610407
2023-01-30,142.54077586673455,143.12092578303154,140.46598895897412,140.6134796142578,64015300,0.05055980345842801,0.05277617804045939,113.79505790627934,-0.11866431437131719,135.80743622961535,136.49852480158307,132.80697784423828,79.64933612753056,0.016242404313932125,3.2968952696414116,148.76513671875,122.93354034423828,1.5808230757032793
2023-01-31,140.31846671250062,141.931096037562,139.90547792238985,141.88192749023438,65874500,0.056662620830139766,0.052340794092457114,112.90420154557442,-0.07147332486850111,136.38595920681715,136.70963863251058,133.5129940032959,80.29490728157225,0.016253603472860412,3.2210397013658274,148.76513671875,122.93354034423828,1.4184858531446938
2023-02-01,141.56728874190614,144.16322923439725,138.96152054070433,143.00291442871094,77663600,0.07682799579590485,0.06963155614773464,138.48062536342675,-0.028676135715423934,137.01614541842608,136.95643376177333,134.51400451660157,78.75720015727101,0.012757875661789937,3.378369803317272,148.76513671875,122.93354034423828,1.3060071709518573
2023-02-02,146.41502317640206,148.65697138188685,145.6972102432423,148.30299377441406,118339000,0.1136054171839703,0.07411797538681711,128.10796972247925,0.0435586274319848,138.0910833570916,137.40139689952395,135.71659393310546,83.3908627870446,0.014354421100016602,3.5841645824876855,148.548828125,122.93354034423828,1.4943984341092338
2023-02-03,145.55951636317744,154.7534795979514,145.36285717719954,151.92153930664062,154357300,0.13916653266999243,0.07838717815800174,131.40448626326244,0.20293884684689112,139.40826963800103,137.97081424882265,137.16599388122557,84.7535021566444,0.01396916401542423,4.02595266754867,151.92153930664062,122.93354034423828,1.750775772952606
2023-02-06,150.02379246889225,150.5449461888697,148.2636570715711,149.1977996826172,69858300,0.09617805048534753,0.07848319342494345,116.31421422454196,0.23306416158333043,140.34060583272637,138.41108818740284,138.25304527282714,76.32549405754574,0.013955365111090433,4.065283401488435,151.92153930664062,122.93354034423828,1.6275855491117892
2023-02-07,148.12597415973434,152.63936822302708,148.12597415973434,152.0690460205078,83322600,0.11078284442599338,0.07696276668294949,118.44771180771214,0.2841263282884108,141.4576001363246,138.94669437693636,139.45760269165038,80.2051843404083,0.014142163808511547,4.136221884986099,152.0690460205078,122.93354034423828,1.62629690201093
2023-02-08,151.3119247541495,152.00023955919008,148.64714493246836,149.38462829589844,64120100,0.06764018990936545,0.0733445576260107,99.099873014115,0.24511447775350148,142.21255519914115,139.35602511885645,140.49942169189453,73.8881932706505,0.015311652347974337,4.206457153315585,152.0690460205078,122.93354034423828,1.3432251935649062
2023-02-09,151.213581264491,151.75440537570756,147.9096553354024,148.35214233398438,56007100,0.05156235740461093,0.06821933826689673,92.14812104529959,0.1757783793373371,142.79727778341194,139.70881402925363,141.3539176940918,69.51959998508798,0.015297107775639097,4.214183224075654,152.0690460205078,122.93354034423828,1.0007373519820941
2023-02-10,147.19009004770194,149.04152741969745,146.95372962642622,148.71653747558594,57450700,0.04905359801631193,0.06267945581543286,87.51265822359235,-0.011284405247925622,143.36101680171421,140.06205808597255,142.23056640625,66.64547008477273,0.015240265873704948,3.9805221861390834,152.0690460205078,122.93354034423828,0.7258272136249029
2023-02-13,148.65744714640496,151.91717418893083,148.6279039729175,151.51341247558594,62199000,0.06518652682621787,0.05684388316607476,86.79547344566627,-0.01246895300193629,144.13743543732105,140.51113080713387,143.18068618774413,68.13684178733959,0.015473816659107971,4.014593573815724,152.0690460205078,122.93354034423828,0.6612655889789432
2023-02-14,149.8096612758476,151.43461079325414,148.56880303013764,150.87326049804688,61707600,0.05225203662750687,0.0593807987875061,84.6300401618326,-0.04172402778541884,144.7789425859616,140.9174888342285,144.0407829284668,68.17749333437318,0.015660168798321723,3.963642048130282,152.0690460205078,122.93354034423828,0.5110805744238354
2023-02-15,150.78463194852628,153.13833305811258,150.5581292969133,152.97091674804688,65573800,0.06306280766367253,0.06197236849742195,84.4777959901135,-0.053816707330696545,145.5591306013983,141.39017228182922,145.04165420532226,68.21073031068089,0.015503782465111637,3.9800794797964847,152.97091674804688,122.93354034423828,0.4886570935585999
2023-02-16,151.17855953849067,153.95573796607766,151.02100096105386,151.3755340576172,68167900,0.04287295900244273,0.06705404963201536,74.65210572834792,-0.07497554632043724,146.11307378770485,141.781755096566,145.959806060791,62.713112655810015,0.015935960074244943,3.8982225345561607,152.97091674804688,122.93354034423828,0.3106926768506568
2023-02-17,150.03619479649413,150.6763169294936,148.55897600306773,150.233154296875,59144100,0.029878676910756678,0.07200134807259322,78.01987761502984,-0.02447993104473334,146.50546240762583,142.11318251618596,146.69300918579103,66.44007191089058,0.015944871900234803,3.8830792775003675,152.97091674804688,122.93354034423828,0.07276886089929935
2023-02-21,147.9188390818426,149.00213887625634,146.15603126407484,146.22496032714844,58867200,-0.0019017041297172217,0.08194068126946313,62.329549270918996,0.0037417907823784624,146.47874792377084,142.27442870485115,147.06650619506837,56.7867234164312,0.01684753285755492,4.029615343045224,152.97091674804688,122.93354034423828,-0.373319408015063
2023-02-22,146.60902132895072,147.67262055430007,144.9250004924314,146.64842224121094,51011300,0.0011429431732970633,0.0910207122368589,60.88568582403967,-0.027580379077603356,146.49490738257467,142.44595786313977,147.39135971069337,55.8236788786337,0.016760001015488905,3.8543232979149207,152.97091674804688,122.93354034423828,-0.6428276432557931
2023-02-23,147.81048914517564,148.05669224456878,145.00378282832062,147.13096618652344,48394200,0.004295680275494519,0.09828542618109373,52.27727569643318,-0.07827794296590063,146.55548441152217,142.62968367974304,147.77328186035157,47.78708030585022,0.016676823320532195,3.668527045277224,152.97091674804688,122.93354034423828,-0.782295255843446
2023-02-24,144.87576101262292,144.9545478123535,143.50687229977612,144.48184204101562,55469600,-0.013702484624445689,0.10609832760967192,37.86055551711119,-0.1645853665042305,146.35799466195013,142.70231734096942,147.91950149536132,35.41925096204571,0.01704364575325457,3.2566321499911846,152.97091674804688,122.93354034423828,-1.0310175350248718
2023-02-27,145.46664446890208,146.9044621404894,145.21058363066865,145.67344665527344,44998500,-0.004563254678223799,0.1097316906028426,45.97198290567599,-0.1840498444972909,146.2927996136952,142.81883221604016,148.02844619750977,42.65144939893659,0.016875915480743527,3.1683991403057723,152.97091674804688,122.93354034423828,-1.087723855422575
2023-02-28,144.8166705381309,146.8158385647427,144.6000106018143,145.17120361328125,50547000,-0.0077835435319271685,0.11090411168061565,38.1691566653415,-0.25444812463820365,146.1859809469891,142.9110820747555,148.25633239746094,34.04083759504566,0.016183998023486985,3.004287275994035,152.97091674804688,122.93354034423828,-1.1267239113984213
2023-03-01,144.60000744430354,144.9939263960711,142.8076416515582,143.10308837890625,55479000,-0.020968874505101216,0.1126586961053895,38.430898475610775,-0.24015413400878183,145.89237213098122,142.9186117337418,148.31739044189453,35.04011547325648,0.016465378196265465,2.928691624114291,152.97091674804688,122.93354034423828,-1.249943849931202
2023-03-02,142.1872231725768,144.481837933212,141.71450238763347,143.69398498535156,52238100,-0.0149657294903052,0.10151512906547146,42.38570939798208,-0.2226489240168512,145.68300192663554,142.9490185279226,148.35194396972656,38.66795153244744,0.01639829945329115,2.8517334459195314,152.97091674804688,122.93354034423828,-1.2469509878349663
2023-03-03,145.7915968006226,148.81497757802083,145.0923885282298,148.73619079589844,70732300,0.02093244725405079,0.09557801408929631,55.34967189277416,-0.057802639050464566,145.9737818189463,143.17596646000007,148.37360382080078,50.03894702720487,0.0161702980242517,3.068390217305106,152.97091674804688,122.93354034423828,-0.8780930703599117
2023-03-06,151.4542972077173,153.92618602775224,151.1293223291666,151.4936981201172,87558000,0.03849826783084175,0.08602607367088355,56.42096357105058,0.011285557146034408,146.49948813334353,143.50215201529878,148.35221176147462,49.96087096625696,0.015757882283026863,3.2041562898651392,152.97091674804688,122.93354034423828,-0.4430569338981529
2023-03-07,151.3656586110283,151.69064849711955,148.83469862838186,149.2975616455078,56182000,0.019596657961285322,0.07470565749905105,53.45828359558276,0.0644200002142501,146.76597132497824,143.72942298118934,148.35719985961913,47.05448790903869,0.015570204084851515,3.1978234629572393,152.97091674804688,122.93354034423828,-0.304467043249671
2023-03-08,150.48919246419973,151.13917230662574,149.52408044265695,150.54827880859375,47204800,0.027151350915878992,0.06250896037467792,52.906705790140606,0.07388117856299581,147.12619108532257,143.99682909206794,148.28116149902343,45.323185359393335,0.015049629562673202,3.145066812951429,152.97091674804688,122.93354034423828,-0.13828493877744985
2023-03-09,151.22781194000862,152.19292402611515,147.94838436334126,148.30291748046875,53833600,0.00846941481158868,0.05648310382414395,51.78697020866287,0.13566860545186077,147.2382602658127,144.1656953033778,148.22707595825196,44.21363518548424,0.014896050339939172,3.2386241456478637,152.97091674804688,122.93354034423828,-0.18631649223448576
2023-03-10,147.92866457828163,148.64757336129242,145.3681465462101,146.24462890625,68572400,-0.006998444096104283,0.05008847878527957,48.95650510640744,0.06625493117530601,147.14362870775912,144.24722211133357,148.12170028686523,42.73926439330725,0.015139322083563275,3.271686199971638,152.97091674804688,122.93354034423828,-0.35373192398081144
2023-03-13,145.56510332314932,150.81415467329558,145.4567733693173,148.18470764160156,84457100,0.00713746192536358,0.04313024594937478,60.09112238739599,0.049615847385227285,147.24277908241078,144.40163330859897,148.09510879516603,53.858030810416565,0.015444312355638486,3.363133219341504,152.97091674804688,122.93354034423828,-0.33122597682671095
2023-03-14,148.98245037600438,151.07024829967136,147.8203787096759,150.27255249023438,73695900,0.021017071546160965,0.03716440542401511,64.13025611856509,0.06291301724735798,147.53132893077492,144.631865433369,148.03306579589844,56.69581112541365,0.015174582580660926,3.399008185636274,152.97091674804688,122.93354034423828,-0.18067576856317036
2023-03-15,148.8937927615987,150.92250395033966,147.64307677577528,150.6664581298828,77167900,0.021640848852586332,0.032395864874352254,63.7832191997177,0.08588727318994072,147.82991266402328,144.86851612734995,148.02272567749023,56.55351092053831,0.01515864101682329,3.4151880255160045,152.97091674804688,122.93354034423828,-0.06545343509840862
2023-03-16,149.84902704990262,154.0837224896345,149.33692050143603,153.4829864501953,76161100,0.03801452120736934,0.02666058727899032,73.42230843575415,0.07927975094952511,148.36830064365873,145.20633849295174,148.04832916259767,66.58192508071721,0.015424729115188577,3.495381461333945,153.4829864501953,122.93354034423828,0.17634122715115552
2023-03-17,153.7095036146111,154.3594833307599,151.936838491952,152.64590454101562,98944600,0.02878590917900137,0.02377906711065796,69.72985209305214,0.06837361983540546,148.77569149102604,145.49808618111112,148.1118476867676,63.01467325393747,0.015282387047969706,3.495383228429241,153.4829864501953,122.93354034423828,0.2512269105543623
2023-03-20,152.71487589238697,155.42311016638172,151.80883520237765,155.0094757080078,73641400,0.04096791073755743,0.022123428791323386,72.87858878509033,0.06902464620137572,149.36938522597669,145.87108184883257,148.3506637573242,67.17081466702103,0.01550791322089528,3.595272299934645,155.0094757080078,127.45677185058594,0.42125725337919895
2023-03-21,154.93070734117964,156.9791040860205,154.16253977805687,156.86093139648438,73938300,0.05326430514207474,0.02463023617680518,87.5052702679619,0.06726121628957804,150.08286581364408,146.30205634089737,148.88246231079103,74.19465118725353,0.014134482565630824,3.627629610380402,156.86093139648438,127.97789764404295,0.6083670100026692
2023-03-22,156.88062840402722,159.67749219321786,155.41325242402124,155.43295288085938,75701800,0.036840548716866976,0.024604857492406488,80.29080074217643,0.09351265954810195,150.59239791528364,146.66013071501354,149.32168884277343,70.05381745232779,0.014418267244259549,3.734551340638837,156.86093139648438,128.54824829101562,0.5857007886601897
2023-03-23,156.41777837205046,159.09646969740976,155.28523492873595,156.51625061035156,67622100,0.04020373246278597,0.024221506841963305,74.11929241490245,0.04165947283016447,151.15657436243296,147.04664522071306,149.79095306396485,65.36968710435883,0.014445460291375464,3.640997210353447,156.86093139648438,131.18356323242188,0.5916681017333634
2023-03-24,156.44730394409444,157.9048221395663,155.45264879499626,157.81619262695312,59196500,0.04736446558439197,0.024737126445999912,75.47428486884502,-0.014288769226827314,151.79082372095868,147.46898041311462,150.45767059326172,63.25348952805729,0.013585589797377718,3.445438504118893,157.81619262695312,131.18356323242188,0.6277467440394631
2023-03-27,157.51093700805714,158.32833330749588,155.47236761782167,155.8761444091797,52390300,0.027739665247938194,0.022872697432519677,73.02482853027418,-0.04167491451247862,152.17990188174164,147.79867311884266,150.96780548095703,63.939979073897085,0.01405648216604722,3.4454396341857865,157.81619262695312,132.51101684570312,0.4726079127489182
2023-03-28,155.57082346557496,156.0829301456233,153.6110412861723,155.25567626953125,45992200,0.020619363020563376,0.02280414046302628,68.06542112390493,-0.03781259930523251,152.47283277581684,148.0911046149481,151.47202911376954,60.248689447142695,0.014070807477145038,3.490459505495291,157.81619262695312,132.9534912109375,0.2888856561714235
2023-03-29,156.94957673019417,158.60406968566105,156.929891297985,158.3283233642578,51305700,0.03938811062844604,0.021852866391684846,80.85720807007544,-0.08250048084215256,153.03049854614454,148.49256417374457,152.2332908630371,71.0678525781004,0.013873921680700644,3.426449059306427,158.3283233642578,132.9534912109375,0.33190644427476723
2023-03-30,159.07672328299577,160.00244921246374,158.8206775049261,159.8941192626953,49501700,0.04554358802960682,0.020728713095043483,89.36900380854136,-0.09041822522900134,153.68417670962558,148.93968398115442,153.0432975769043,79.28994237838,0.013911159978458246,3.3117847045295434,159.8941192626953,133.0124969482422,0.41786995424814855
2023-03-31,159.97295363930863,162.49407137264149,159.4510041879724,162.3955841064453,68749800,0.0643898562275173,0.02799290070384151,100.70263718259375,-0.08677036336918498,154.51383455694173,149.46736633900898,153.72626724243165,79.77717412851335,0.012318725911140452,3.1464765531503156,162.3955841064453,135.569091796875,0.5850025771545475
2023-04-03,161.7751634166065,163.76447396805997,161.7259197832038,163.64630126953125,56976200,0.06884009429624025,0.0360867370514196,102.32498978567126,-0.11188285121851738,155.38359329147406,150.02340300295103,154.33389739990236,79.04192291379493,0.01189867098370226,3.059954024211795,163.64630126953125,138.75502014160156,0.7130959250615034
2023-04-04,164.06977129650792,164.3061166832112,162.60239523685718,163.114501953125,46278300,0.06082502517715816,0.04664078774833128,104.36067239546993,-0.1555829224164913,156.1198703068694,150.53677943236963,155.0247444152832,76.87077115435669,0.011228747894650023,2.9474036150539127,163.64630126953125,139.49252319335938,0.6946240194583604
2023-04-05,162.2380152446489,162.54330471265868,159.34266411557562,161.27288818359375,51511700,0.038385727624956574,0.05054463429719291,87.10613642943628,-0.16013246694480654,156.61063391417647,150.95780330496666,155.56097488403321,67.55440631866337,0.011721281461739931,2.8777633185789773,163.64630126953125,139.49252319335938,0.5000836931296369
2023-04-06,159.9630677767464,162.45465692468338,159.5396056660462,162.15921020507812,45390100,0.043896631606143884,0.05840563195262138,98.09356387308063,-0.12043340204887032,157.1390697514052,151.39707416379457,156.25378952026367,71.39059596577856,0.010891708662861306,2.912935205709638,163.64630126953125,140.6134796142578,0.3783359144050431
2023-04-10,158.96841666370352,159.56915283203125,157.64877164706385,159.56915283203125,47716900,0.018686926915398024,0.06263012463703978,80.45155406961922,-0.05387920719908046,157.37050623527435,151.71754783705876,156.92001571655274,60.14903119534023,0.011086271667480071,2.9769468909960812,163.64630126953125,140.6134796142578,0.08587859845091605
2023-04-11,159.88429605818737,159.8941387722609,158.0722298566841,158.3578338623047,47644200,0.007468668063346252,0.06428511150369794,70.34156132269581,-0.05034518353500805,157.46453743784866,151.9779512105978,157.42867202758788,53.42957007403741,0.011191603526949057,2.9059000772541657,163.64630126953125,140.6134796142578,-0.21045292326199583
2023-04-12,158.77145737665472,159.59869619161648,157.35332510698044,157.66847229003906,50133100,0.0015551634321128605,0.06609050107826993,73.40430133729487,-0.06300746965609971,157.48395980472395,152.20110889998767,157.79846801757813,55.3012446655382,0.011021669953105571,2.7616951712141247,163.64630126953125,141.88192749023438,-0.4598887675551957
2023-04-13,159.17521196081944,163.28187732223762,158.96839477228292,163.04551696777344,68445600,0.035414849191157144,0.06668721468490384,69.91161661981162,0.004398659176746422,158.01363191549058,152.62637980460673,158.41742095947265,62.8637239269558,0.013098067156337944,2.890421618608749,163.64630126953125,143.00291442871094,-0.2786634164598669
2023-04-14,162.09028798128088,163.79402444901268,161.3319931654023,162.7008819580078,49386500,0.030711201232495135,0.06508027544929694,68.85188433654365,-0.007487103920217342,158.4600366814446,153.02145832042638,158.8783157348633,60.000062476376115,0.012692683484010021,2.89112575711163,163.64630126953125,143.10308837890625,-0.20151720422923347
2023-04-17,162.5826774005875,162.8781241294329,161.53877864877254,162.72055053710938,41516200,0.02807345264744672,0.06335116712423108,75.4448579515056,-0.06521821044279641,158.8657999057936,153.40181487794337,159.38204803466797,65.2078215237691,0.012557839272662375,2.78279574218207,163.64630126953125,143.10308837890625,-0.1699416093811239
2023-04-18,163.5773508935462,164.8674527745674,163.13417327770642,163.9417266845703,49923000,0.03403895706480834,0.05972050834352339,81.25545388038891,-0.05035192584898107,159.34922150377236,153.81514475271305,159.8286605834961,68.79802710354998,0.012273069551783871,2.7595824120397157,163.9417266845703,143.10308837890625,-0.09151930214160098
2023-04-19,163.2819281451353,165.60608642613127,163.02586725800396,165.08413696289062,47720200,0.03868374159344854,0.05957814352415448,78.62149697633899,-0.020633105677768326,159.8954039284503,154.25706601585728,160.2398208618164,65.9535506504307,0.012129165786769978,2.7047128228966812,165.08413696289062,143.10308837890625,0.007336527165959339
2023-04-20,163.56749547193866,165.32046042282218,163.04554607797024,164.11898803710938,52456400,0.028675359380201285,0.05856247113434877,72.49503225838082,-0.04940294202984008,160.29765003403688,154.6438080559064,160.67412261962892,60.26812435333078,0.011984372434205666,2.7476262869428245,165.08413696289062,143.10308837890625,-0.020698719873804894
2023-04-21,162.5432913390932,163.9220227028112,161.991798793606,162.5137481689453,58337300,0.014627139711338525,0.057409061872370284,58.898603772992644,-0.07226227451203437,160.50870699926625,154.9524331583785,160.9739974975586,50.300266765928406,0.012259083074514444,2.682206434002416,165.08413696289062,143.10308837890625,-0.16759911330772104
2023-04-24,162.49407133338445,163.08496487632468,161.400928797878,162.81906127929688,41949600,0.01527588108015691,0.05768340033788503,56.13585332205661,-0.04524659433585154,160.72874074022155,155.26092837880668,161.2241409301758,47.791801961937566,0.01216768752324247,2.656883712116023,165.08413696289062,143.10308837890625,-0.2589920963659593
2023-04-25,162.68117729099055,163.78416246885476,161.24334444666383,161.28274536132812,48714100,0.0036927310645234637,0.05657895272862175,53.728172711869426,-0.015548036245164987,160.78150308508884,155.49707806439577,161.4944709777832,45.359264075757274,0.012011357973126465,2.7166763246758023,165.08413696289062,143.10308837890625,-0.4277413055961814
2023-04-26,160.58352244501583,162.7698073781101,160.32747660698578,161.27288818359375,45498800,0.0032764288768816667,0.05483338741755373,59.26208632349774,-0.030687653039231044,160.82830166589883,155.72358042201137,161.79533157348632,50.0,0.011944311480871654,2.621711534216869,165.08413696289062,143.10308837890625,-0.5377398466847092
2023-04-27,162.6811372537476,165.9999497127407,162.6811372537476,165.85223388671875,64902300,0.03116486662092495,0.056554661849883975,64.75389830263597,0.00127912312062195,161.30677140121503,156.12078251866657,162.17152709960936,58.549895645956475,0.01274787363686127,2.7511408392532815,165.85223388671875,143.10308837890625,-0.31105047735785085
2023-04-28,165.93105213681218,167.27039764589344,165.33031595199537,167.10296630859375,55275900,0.035863840939240166,0.05767090868935915,75.92916680881697,-0.042749324645932396,161.85878996382252,156.55145639278138,162.5319694519043,68.59505875263633,0.01268592793831484,2.567543920387838,167.10296630859375,143.10308837890625,-0.0969304562428408
2023-05-01,166.70902333840385,167.86125191507637,166.07874407354768,167.01431274414062,52472900,0.03263391681263907,0.05872445480284135,82.48363736143159,-0.03468505367395247,162.3497921333766,156.96176448499153,162.76290588378907,72.61960487231116,0.012298966036026171,2.564729557955829,167.10296630859375,143.10308837890625,0.012831255117581097
2023-05-02,167.50674796522142,167.76280882251325,164.9954731830596,165.98028564453125,48425700,0.022771949088007098,0.058864014732537974,80.45938897932216,-0.042207304267903756,162.69555342015323,157.31543198144408,162.87960510253907,71.3346957926952,0.01232104505372065,2.6020127404428,167.10296630859375,143.10308837890625,-0.008931466076530725
2023-05-03,166.925713661642,168.32414556576836,164.6212560883793,164.90684509277344,65136000,0.013678936806672789,0.05623345953825639,62.520692407361814,-0.059565741122935556,162.90615262706945,157.61313445639817,162.96922225952147,56.13248714019699,0.012397196745997126,2.4655473436706927,167.10296630859375,143.10308837890625,-0.11448523355924056
2023-05-04,162.3857237588548,164.50306450874902,161.81453073644045,163.2720489501953,81235400,0.0022604434590945597,0.05565583288850348,57.55868143360902,-0.08744491473133686,162.94099989593857,157.8350526718412,163.06918029785157,51.73436972952135,0.012331231372820377,2.5105675631508797,167.10296630859375,143.10308837890625,-0.3025877700143873
2023-05-05,168.38320830672657,171.65279246173276,168.16654839153733,170.9338836669922,113453200,0.037637484450124284,0.08675775115952852,57.1128884030435,0.17369932464531312,163.7022269217532,158.34873231870986,163.50791397094727,67.03424957957823,0.01608897657299125,3.013524565356385,170.9338836669922,143.10308837890625,0.06140929171521892
2023-05-08,169.86044681233005,171.20965008439242,169.49607101524845,170.86495971679688,55962800,0.03478431902990885,0.10048887324550794,57.421441351828484,0.16291906927372724,164.3843919498526,158.83956476569367,164.07270431518555,65.07932815180595,0.015500870341923687,2.9825729104768106,170.9338836669922,143.10308837890625,0.2588714363246454
2023-05-09,170.421798364417,170.9043468501181,168.993823309898,169.16123962402344,45326900,0.0229443945649585,0.11093199422837051,51.341097923189565,0.12787207490152985,164.83932982358317,159.24433632876543,164.61287460327148,58.66828701435798,0.01559962163893951,2.934737508483437,170.9338836669922,143.10308837890625,0.2366825382843376
2023-05-10,170.39224965147537,171.38690478906514,169.28924951921832,170.92404174804688,53724500,0.029167834361607206,0.11658465466646795,56.085532889696275,0.18887180059644693,165.41882619734162,159.70236399226667,165.27565307617186,63.99352874287421,0.015561987878883252,2.9312197099255632,170.9338836669922,143.10308837890625,0.2986697028269951
2023-05-11,171.20966280003566,171.9384144483228,169.5551699505623,171.11117553710938,49514700,0.030382075322186692,0.11833105406864311,67.33225859101476,0.17483767982812481,165.96095470589094,160.14976836657422,165.67893600463867,68.77421994694019,0.013878149297552508,2.949509370943929,171.11117553710938,143.69398498535156,0.3089311222849771
2023-05-12,171.2196142676148,171.6535334613317,168.63584185680983,170.18414306640625,45533100,0.022281119117485877,0.1194367379102344,63.69523579442625,0.01036856143537701,166.3631631211781,160.5432732567637,166.0530990600586,65.65798317801152,0.013955494297849194,3.0447704799493005,171.11117553710938,146.24462890625,0.21442632193318545
2023-05-15,170.76598190315437,170.81529363826058,169.09934457223466,169.69105529785156,37266700,0.017416141129708657,0.11996886143768898,66.2405993245915,0.0010991712243919594,166.68010523324224,160.90200980739462,166.4016242980957,68.7055949738857,0.013997030939222159,2.9858512687946575,171.11117553710938,146.24462890625,0.08641479861530277
2023-05-16,169.6121595312474,170.74625419954612,169.42478396654107,169.69105529785156,42110300,0.01574381634295041,0.11902355674602591,66.32619138976185,-0.009863814604754273,166.96686238225266,161.24667825800077,166.68909072875977,68.73574085733827,0.013947580346211332,2.905789801786138,171.11117553710938,146.24462890625,-0.02461676130302992
2023-05-17,169.3360433616003,170.53916250241704,168.06386972955488,170.302490234375,57951600,0.017421711724209102,0.1168046056959956,59.900629829022165,-0.06354710735520674,167.28454122531193,161.60180813942722,166.95000839233398,62.0292676488542,0.013902370626116555,2.7449491763372253,171.11117553710938,146.24462890625,-0.08010869547333099
2023-05-18,170.60822168470452,172.8172584115987,170.1940301198803,172.6298828125,65496700,0.027532973174985743,0.11348547396318912,61.24877707451292,-0.05281014211467305,167.7936213764727,162.03428165601832,167.37555313110352,64.11780296534198,0.01403286949531758,2.79374536189582,172.6298828125,146.24462890625,0.011810502497573427
2023-05-19,173.95136353170963,173.95136353170963,172.52141315393132,172.73837280273438,55809500,0.025897601811060014,0.11005853668356215,62.92890155991832,-0.09071547292466176,168.2645500837357,162.4540499362817,167.88678436279298,64.60657882440893,0.013738559885081238,2.7685626859136505,172.73837280273438,146.24462890625,0.04967348809711192
2023-05-22,171.57466634347682,172.2945846931845,171.0519949677244,171.7916259765625,43570900,0.018223789806157388,0.10581237244364539,62.483297288074695,-0.09863178976957832,168.60046207352875,162.82022938884174,168.33541259765624,64.89565081351691,0.01387212442615304,2.691351414167674,172.73837280273438,148.18470764160156,-0.015785717570339752
2023-05-23,170.73642708015296,170.9829707500323,168.9119979039132,169.18812561035156,50747300,0.0029612991588129343,0.10049806548039807,56.525303711038504,-0.09403390895767672,168.65643002941664,163.06995080929312,168.7306816101074,60.17564703475949,0.01419234805451274,2.6325470281148347,172.73837280273438,150.27255249023438,-0.24826795291665027
2023-05-24,168.7246024757336,170.03621645106807,168.16249079935005,169.4642333984375,45143500,0.004065831027575449,0.0934988665726929,61.70179540023158,-0.07265861250595684,168.7333636836091,163.32070698925958,169.1402488708496,65.73360907112189,0.014181379397755304,2.5455049777851935,172.73837280273438,150.6664581298828,-0.3889141665546516
2023-05-25,170.02637505144455,171.49576564962197,169.31632809947834,170.59835815429688,56058300,0.010295810096072701,0.09037069746908179,50.21714735553068,-0.24740651719791384,168.91098220462698,163.606105074163,169.3775550842285,48.72428585186655,0.012871443657679912,2.1025545519713496,172.73837280273438,152.64590454101562,-0.4089833815654824
2023-05-26,170.92379413047703,173.33991896491864,170.71669083708804,173.00460815429688,54835000,0.022050884399041227,0.0863538300084992,57.360421881687884,-0.2140391726396219,169.30085134269078,163.97467382240353,169.67263717651366,56.90751815253052,0.013115242724434723,2.1759818192197633,173.00460815429688,152.64590454101562,-0.27030899136786246
2023-05-30,174.5134895983742,176.51542312806916,174.1288820495124,174.84878540039062,55964400,0.029402764125833078,0.07951747161587062,67.84158276204195,-0.14901921089480963,169.82922601485268,164.4011095705599,170.06436080932616,68.19632596671597,0.013247843261822942,2.2902883501877773,174.84878540039062,155.0094757080078,-0.07466080666360453
2023-05-31,174.87834951174753,176.87042648421155,174.3162227478627,174.79945373535156,99625300,0.0264436786756785,0.07234101883208142,64.0186626654942,-0.12109627433614734,170.30258103585257,164.80888777310076,170.50531921386718,63.92549354604182,0.013111900333634996,2.313755390995431,174.84878540039062,155.25567626953125,0.025772099490368294
2023-06-01,175.24323239604442,177.62977324467488,174.4838737017158,177.60018920898438,68901800,0.03821253303725126,0.06486437698780835,68.90910313793518,-0.0696420662954973,170.9975913380556,165.31050743725308,171.13998641967774,69.62987649625279,0.013250493090259314,2.3682307513667586,177.60018920898438,155.25567626953125,0.24308694146303678
2023-06-02,178.52716847079088,179.26679934554073,176.78163539298924,178.44827270507812,61996900,0.03996285147341998,0.057305225624430314,76.4660738508893,0.10826758799457536,171.70718003967679,165.82571391834426,171.89879760742187,75.1197552577289,0.012851667267505354,2.3301930619403026,178.44827270507812,155.25567626953125,0.39710138154904584
2023-06-05,180.10507993454968,182.3929972823034,175.57852688511534,177.0972442626953,121946500,0.04372371245169181,0.10070465085961691,110.24214228975414,0.23823330380096097,172.22051948948808,166.26773471616195,172.20696563720702,71.39601395802366,0.008393899042650732,2.694373157023313,178.44827270507812,155.25567626953125,0.36211940385789765
2023-06-06,177.4818481362361,177.62976831057978,174.97695616659206,176.73236083984375,64848400,0.03608423061973152,0.12622991330231662,106.71109754880071,0.21795537560983758,172.65021866571243,166.67811221120832,172.50033569335938,69.92188545560198,0.008424976459366506,2.7894690078077895,178.44827270507812,155.25567626953125,0.27262007400996247
2023-06-07,175.97299569419778,178.70470351330488,174.8684849721747,175.361572265625,61944600,0.02184262538336293,0.1433668092730762,98.10766938177662,0.2476158899465981,172.90844281808506,167.01864005647957,172.81035232543945,63.72390590229946,0.008276415263279957,2.886677991255504,178.44827270507812,155.25567626953125,0.08882615369158042
2023-06-08,175.44044804834044,178.3398036598064,175.00654388250445,178.07354736328125,50214900,0.039490429370451136,0.15148622568379286,94.46148254507742,0.2403329043188922,173.4003575366752,167.4521658332169,173.16782760620117,64.46534862221645,0.008621520259583825,2.937394525940044,178.44827270507812,157.66847229003906,0.11591497855102562
2023-06-09,178.99070336218668,179.71060666093933,178.13273621096323,178.4581756591797,48900000,0.03825618582999049,0.16123574650184447,94.45695082350893,0.2669285083867454,173.88205450072323,167.88377406168604,173.5351776123047,64.97929648819527,0.00861836337690602,2.9521880202171706,178.4581756591797,157.66847229003906,0.12497095218391818
2023-06-12,178.7638742754878,181.34764691680863,178.468018885392,181.2490234375,54274900,0.053151989553353755,0.16633941339201966,101.05377930109627,0.12758073497377342,174.58367058994006,168.40790148818854,174.0884216308594,72.58594904714845,0.008927182872830645,3.0381232646899536,181.2490234375,157.66847229003906,0.27552402684194943
2023-06-13,180.27273686584888,181.60406367252176,179.91771337450308,180.7756805419922,54929100,0.04433050140142886,0.16934399028410893,112.01010471553862,0.05858467316375182,175.17338582346883,168.89291243147497,174.6426528930664,80.80763332765378,0.008917144488554987,2.9528891379306237,181.2490234375,157.66847229003906,0.2979315041683428
2023-06-14,180.8348467124019,181.84074910193183,179.50351991974284,181.4068298339844,57462900,0.04441874338477644,0.1707600340198815,112.35716761525069,0.03440582635459255,175.76704715780366,169.38365429039692,175.22844161987305,81.1632496070103,0.008885184290713891,2.985996532964265,181.4068298339844,157.66847229003906,0.3086522316397433
2023-06-15,181.4167083517838,183.9413132306641,181.23918907707676,183.4383544921875,65433200,0.05322376323393574,0.16997727269409235,110.99063357616201,0.029256119208418196,176.4976478563164,169.93481900419263,175.88523483276367,82.00597914146832,0.009055863136908742,3.023331290353101,183.4383544921875,157.66847229003906,0.40015113593233487
2023-06-16,184.14840773628853,184.40482280312972,181.72242626645283,182.36343383789065,101256200,0.040710301472065266,0.16725443353366728,101.84528703865335,0.02266700159684154,177.05629414027587,170.42221566433767,176.3719123840332,74.98696346511109,0.008984033122446273,3.0191052707856096,183.4383544921875,157.66847229003906,0.3383256047632144
2023-06-20,181.8604679443372,183.52710548415504,181.8604679443372,182.45216369628903,49799100,0.03721626168475168,0.16412762527187305,98.0041537238967,-0.04961778714659926,177.57018647894378,170.89397833225735,176.85760192871095,72.39981119777036,0.008985881348542835,2.8873783112174363,183.4383544921875,157.66847229003906,0.25713062907129913
2023-06-21,182.34367850052172,182.84663717983523,180.0656175699355,181.41668701171875,49515700,0.026356460790282952,0.15866990414268914,92.20639028721747,-0.01669879585207923,177.9365198630176,171.30663357458917,177.33885498046874,68.4240757309652,0.008995390480000755,2.903579445042498,183.4383544921875,157.66847229003906,0.09572134765846885
2023-06-22,181.19971869233248,184.46395407144703,181.1306792503188,184.4146423339844,51245300,0.046900422097882984,0.1506185797747418,98.25218505881918,-0.02311896169972516,178.55348390787157,171.82067313378116,178.10018081665038,68.7670823009714,0.008445755279894008,2.916963393483152,184.4146423339844,157.66847229003906,0.14968267420686088
2023-06-23,182.9847233686237,184.96692915011988,182.4521805899439,184.09909057617188,53117000,0.039448810817630346,0.13921614994571382,92.97379896010773,-0.03448338954573549,179.08163692390016,172.30217970014942,178.8319236755371,66.0326877519638,0.008535027350740406,2.9190765797420437,184.4146423339844,161.27288818359375,0.12400394551269978
2023-06-26,184.2470177435845,185.45015206010265,182.66913223239737,182.7085876464844,48088700,0.024518728237929655,0.13286196626185595,88.3277523863234,-0.12855871801001595,179.42706080224153,172.71027412941746,179.43743515014648,65.88510732042366,0.008901282632677098,2.6309729676361298,184.4146423339844,161.27288818359375,-0.019129008115326585
2023-06-27,183.32000947784528,185.78544616190248,183.10304984582177,185.4600067138672,50730800,0.040118418348774366,0.12308695335770702,94.94567492948055,-0.07831198155506891,180.00162707953922,173.21026364253314,180.060205078125,71.76599166310874,0.008963615847074651,2.6612619941668703,185.4600067138672,161.27288818359375,0.03599465592660778
2023-06-28,185.33178721386028,187.274552399172,185.00636283468697,186.633544921875,51216800,0.04431500370019644,0.1096356286665219,104.57773786207764,-0.1220285262870805,180.63323830261882,173.73666682995832,180.64944305419922,78.3906434474618,0.008833405633002863,2.549259924406503,186.633544921875,161.27288818359375,0.11171334416877121
2023-06-29,186.46591313429835,187.44223149955704,186.3278492789131,186.96885681152344,46347300,0.04209918633516315,0.09343370401544156,100.43041257156172,-0.18039126726760857,181.2366305415621,174.25557624100009,181.2579132080078,75.45167585692036,0.008801165996388726,2.390768670359502,186.96885681152344,161.27288818359375,0.14262303313407276
2023-06-30,188.9806243235532,191.79121262094537,188.61572952588827,191.28826904296875,85213200,0.06157360128970505,0.07132033180165855,98.63884438477793,-0.10304174000033195,182.193929446458,174.92352497833218,181.94231719970702,79.96329569062915,0.00945346130812983,2.6182898497712057,191.28826904296875,161.27288818359375,0.39775788196222983
2023-07-03,191.10092178559267,191.19954526937025,189.10884478636748,189.79917907714844,31458200,0.0446232213403202,0.04887792397928322,84.53177641537881,-0.0240978381668574,182.91823893509516,175.5068839625995,182.50986251831054,71.26066081698731,0.009793617632270943,2.5675722068406577,191.28826904296875,161.27288818359375,0.408466515482901
2023-07-05,188.9214865295673,190.31198136153697,187.98460856583768,188.6847991943359,46920300,0.03389947861603668,0.051506716750775644,82.32307699108075,-0.017999906122849962,183.46743515026094,176.02366495207934,183.08924026489257,69.05907027777533,0.009702798019642644,2.613359528103558,191.28826904296875,161.27288818359375,0.2883943126005999
2023-07-06,187.21536187872596,189.36523009534065,186.5842108059987,189.1581268310547,45094300,0.03347517335614241,0.05262285920093285,82.33610030248438,0.037579101349355826,184.00940578652703,176.53874188850975,183.7105285644531,68.82192223413645,0.009625449893203332,2.645058821471626,191.28826904296875,161.27288818359375,0.19331207413939477
2023-07-07,188.76369580404943,190.0062704618662,187.60987325439865,188.0437774658203,46815000,0.02384210182732639,0.05104907895887925,74.31835473750968,0.0972291945203605,184.39363166074543,176.98991975428663,184.3446388244629,61.70435869773448,0.009519645448803335,2.6232211824630696,191.28826904296875,161.27288818359375,0.017114994815695894
2023-07-10,186.6433878022031,187.36330604998784,184.4540791221688,186.00238037109375,59922200,0.009378176430932013,0.05182269138133515,69.93446618633845,0.026635173575117133,184.54684582363575,177.3433495823967,184.7410804748535,58.81508872677588,0.009603321173392777,2.688028454389829,191.28826904296875,163.2720489501953,-0.25988778213382213
2023-07-11,186.5447914459214,186.68285528837708,184.02018687082855,185.4797210693359,46638100,0.00536945282796073,0.05258610630509665,67.16685076004813,0.0746235333649996,184.63569108513101,177.6624229740414,185.09215774536133,57.18303128597595,0.00966914215986464,2.7591735170848772,191.28826904296875,163.2720489501953,-0.48803803940701806
2023-07-12,187.05759515232103,189.04967210294507,185.86433228601203,187.1463623046875,60750200,0.014945683636180183,0.05243117759973345,76.87358896128606,0.07735875273108705,184.87480262985068,178.0343421634785,185.38702468872071,63.19864969553468,0.009280994698235312,2.8155257616355516,191.28826904296875,163.2720489501953,-0.5327800872061648
2023-07-13,187.8662603208446,188.54672319895087,187.15621340871897,187.90570068359375,41342300,0.01799663331094479,0.05195577359478107,71.65513607243707,0.01224988246406955,185.16345958735002,178.42145426230655,185.74352569580077,58.96664325622508,0.009239806022625596,2.6774604811452036,191.28826904296875,163.2720489501953,-0.5169076055204429
2023-07-14,187.59998771190843,188.53685056119244,187.00829198764853,188.0536346435547,41616200,0.017047983217652593,0.05118372392699519,72.83467066969713,-0.006176697309581369,185.4387143546076,178.79918682627707,186.07586593627929,60.24530379925978,0.009236254026232989,2.607018339242913,191.28826904296875,163.2720489501953,-0.5017154374424186
2023-07-17,189.2468975888844,191.63345333608896,189.15814548736353,191.3080139160156,50520200,0.032862710433874974,0.053274651177634226,80.93761695689314,-0.008911011836313931,185.99769526521789,179.28972906509034,186.4693489074707,70.31695446843776,0.009653413724913067,2.6640754010164125,191.3080139160156,163.2720489501953,-0.2883564817187376
2023-07-18,190.6768691009351,191.64331601668744,189.75971887799713,191.05160522460935,48288200,0.0285104748331387,0.0537592147123041,75.54879597476763,-0.06535691591427828,186.47902002325517,179.75097911056167,186.90375747680665,64.97629219976167,0.009507931474567313,2.5788424455358574,191.3080139160156,169.16123962402344,-0.18536811490825045
2023-07-19,190.4303301514657,195.48939585264796,189.9865395225249,192.40267944335935,80507300,0.03276656990582451,0.054542300162321485,74.67979224062162,-0.0020016474576382004,187.0431780632651,180.24712422165177,187.40128326416016,65.30623315887642,0.009553101075174899,2.809890071652859,192.40267944335935,169.16123962402344,-0.053948419980321294
2023-07-20,192.39282446393295,193.75375040663724,189.8386355247165,190.45993041992188,59581200,0.018190397621019674,0.05708440009293472,64.53595582818203,0.12417808807911501,187.36858304961336,180.6476264255055,187.85344543457032,58.53432178195291,0.009805035030401631,3.0099424046012024,192.40267944335935,169.16123962402344,-0.12167890194657982
2023-07-21,191.41650251566855,192.2744696321092,188.5861710830146,189.2863616943359,71951700,0.010519105324675178,0.052404067112492285,50.274884356105225,0.12348205246166244,187.55122863482504,180.9864003576165,188.0970314025879,44.21657992807583,0.009398600471160222,2.9289383145778225,192.40267944335935,169.18812561035156,-0.2613176923319309
2023-07-24,190.73605347791477,192.2153155367517,189.5920872076012,190.08517456054688,45377800,0.013732279719653448,0.047478172095588904,57.20979852449155,0.11951641496262133,187.79255681822713,181.34321503224123,188.39633560180664,50.860549874060275,0.009390624162262974,2.9824761421360018,192.40267944335935,169.18812561035156,-0.3122387399794113
2023-07-25,190.65711599447496,191.75177028050072,190.25278084201756,190.9430999755859,37283200,0.017332034719752382,0.04403511560107563,65.07684172130188,0.13821524252631678,188.0926085474994,181.71968110845083,188.8080612182617,56.901658823024654,0.009153339915847618,2.935277779582756,192.40267944335935,169.18812561035156,-0.3003997797500162
2023-07-26,190.9924473358141,192.93521264770516,190.6472952285623,191.81097412109375,47471900,0.021343294856348803,0.039729481296551086,69.24146385204594,0.03208885168941156,188.44673860212743,182.1154180893388,189.12560958862304,57.916531200850926,0.008667778033115973,2.9000562174256777,192.40267944335935,169.18812561035156,-0.24852510370580516
2023-07-27,193.30998316918408,194.47366217807735,189.8879555038913,190.54869079589844,47460200,0.011769989589612935,0.033537400968543914,67.0275851610871,0.015446495047929387,188.6469245253437,182.44613466606663,189.3213668823242,57.40965084431796,0.00878644589387213,3.0564354650484273,192.40267944335935,169.18812561035156,-0.3096514072078804
2023-07-28,191.97862287270013,193.9115318637554,191.45595149688123,193.12258911132812,48291400,0.0236178869612795,0.027983021107142566,77.65454133938752,0.03799774778065457,189.07317829543746,182.8648191541161,189.62905349731446,70.41865618348822,0.009216766556472319,3.040231373920246,193.12258911132812,169.18812561035156,-0.19287828518282613
2023-07-31,193.34938604539337,193.77344894031904,192.56044337061044,193.73399353027344,38824100,0.02888428109928308,0.0323643245204283,95.47769924886852,-0.01535372365367571,189.51706546065992,183.29106128651443,189.7513397216797,73.55094421109095,0.0077346545330121835,2.9366840276459647,193.73399353027344,169.18812561035156,-0.09552485683981127
2023-08-01,193.52690392813537,194.0101198390568,192.58016971551623,192.90560913085935,35175100,0.021141442786749117,0.037864121573225364,88.04736750896676,-0.05159680656198784,189.8397839054408,183.66810237844953,189.90666122436522,67.25768516079935,0.007571009578435253,2.7838268197839233,193.73399353027344,169.18812561035156,-0.1071129821644341
2023-08-02,192.3434921357412,192.48155598125388,189.19760772385695,189.91751098632812,50389300,0.0004379497356262827,0.03780944122192119,65.40168218157417,0.016759008760538485,189.84718648457294,183.91317722581732,189.96829681396486,55.31808647950952,0.008290982026620482,2.9486582849795684,193.73399353027344,169.18812561035156,-0.3239598476764942
2023-08-03,188.92147165885288,189.7103992851957,188.05363321247987,188.52699279785156,61235200,-0.007225384498008371,0.03803289903165821,58.72947758523499,-0.02742600312590604,189.72145375250423,184.09411116981866,189.93674011230468,51.174156002040824,0.008446717955925834,2.972609656429879,193.73399353027344,169.18812561035156,-0.5553992534223453
2023-08-04,182.95511789971007,184.78940327661547,179.40488328381886,179.4739227294922,115956800,-0.034909603237645144,0.12995712224489628,19.332792510232554,0.10797079496869921,188.74549841697927,183.9129273094137,189.50824737548828,27.203615163983415,0.013624364295998124,3.3684875722511953,193.73399353027344,169.4642333984375,-1.2715928372090572
2023-08-07,179.61197056531847,180.59814508763776,174.89805755245857,176.3773193359375,97576100,-0.0415061830494305,0.17971867929150978,17.05924849153498,0.23986577883966165,187.5675765997372,183.61741327123818,189.02699432373046,24.520504537959127,0.013909441875013947,3.6410940291432587,193.73399353027344,170.59835815429688,-1.8710508923402598
2023-08-08,177.20569866966517,177.77768168655695,175.1248698685598,177.31417846679688,67823000,-0.03439832472077474,0.2153134566723631,16.2029159690049,0.23481798390069408,186.59106249183813,183.37022759263263,188.61871719360352,23.41893695102172,0.014019863142974667,3.437519421134265,193.73399353027344,173.00460815429688,-2.104246138983259
2023-08-09,178.36941190145535,178.42857997538025,174.5627769846933,175.72647094726562,60378500,-0.0371774401489041,0.2390715087137501,16.643388961199285,0.1645965084125669,185.55633948759314,183.07047243006923,188.04772262573243,23.715604172088348,0.013842447968145127,3.4339971431889933,193.73399353027344,174.79945373535156,-2.2519664159736084
2023-08-10,176.99863993985085,178.2510860859084,175.14464164213348,175.509521484375,54686900,-0.034826368816996474,0.2560565411413115,17.36570068975571,0.14123162061597205,184.59949967776285,182.77396454984594,187.42791366577148,24.553671329164132,0.013749695446291236,3.392436135666159,193.73399353027344,174.79945373535156,-2.245757633072978
2023-08-11,175.10462674008653,176.3883728930982,174.34424265962002,175.56874084472656,52036700,-0.03150699635141229,0.26855963543306083,15.895240243533118,-0.011653040747746979,183.73942740794988,182.49140675748833,186.80366897583008,22.43449436867435,0.013742997501717579,3.3292344493134727,193.73399353027344,175.361572265625,-2.1206515871588474
2023-08-14,175.746520759633,177.44503302668653,175.0947628987085,177.21791076660156,43675600,-0.023728920325056465,0.27555223890467156,18.18767791437748,-0.07223809422033334,183.11833058496433,182.28460299313983,186.0991638183594,24.69735072884501,0.013221462436490205,3.378068335600915,193.73399353027344,175.361572265625,-1.8212809815125646
2023-08-15,176.64514364841483,177.23763842738072,174.8380051896738,175.23300170898438,43622600,-0.02864244810579475,0.28020970518180016,15.116882745286983,-0.014973408991056925,182.36734688249004,182.00806960944746,185.30823364257813,20.647104085209946,0.01331106845314372,3.3860480369269204,193.73399353027344,175.23300170898438,-1.6561455905620783
2023-08-16,174.9169842350172,176.30935657463468,174.29485048513217,174.36398315429688,46964900,-0.030077979371188997,0.2812095758732327,15.795000495332935,-0.06744510295871808,181.60512176551927,181.70830151316704,184.406298828125,20.938701947445963,0.013042768285361687,3.2023908523066678,193.73399353027344,174.36398315429688,-1.5088146859036118
2023-08-17,174.92688028330798,175.29225282363015,171.31260330101006,171.82611083984375,66062900,-0.036923017734700476,0.2817297063488513,8.82951704535432,-0.043033245358952255,180.67378739164542,181.3207646240171,183.4746078491211,11.710457152702105,0.01317497717430363,3.2464485990754617,193.73399353027344,171.82611083984375,-1.4834300721282685
2023-08-18,170.14734105941557,172.91236175457905,169.81159252872837,172.3099822998047,61172200,-0.03176790054249785,0.2792483303905767,8.53586043583629,0.015635549766021883,179.87723452575582,180.9674006113029,182.62578887939452,11.303704585642905,0.013287589109145972,3.381288860228468,193.73399353027344,171.82611083984375,-1.3395880688463166
2023-08-21,172.88274314562352,173.92949746098708,171.56935789788312,173.6431121826172,46311900,-0.02372552764725359,0.2754224570341624,11.938552370993747,0.02062203026485432,179.28350858831405,180.68017361409954,181.80368576049804,15.830880605522893,0.013432945717393358,3.4477309630544233,193.73399353027344,171.82611083984375,-1.0717888235187205
2023-08-22,174.8478727981476,175.46012191641384,174.04799506153495,175.0157470703125,42038900,-0.016269250337915746,0.2688338388961728,16.55020543215677,-0.021673616815995334,178.87705511040915,180.4580392398334,181.00731811523437,21.95915681248104,0.013572417825448824,3.312660129254013,193.73399353027344,171.82611083984375,-0.7353701186350041
2023-08-23,176.28963972003098,179.2817827873095,176.10201110060572,178.85714721679688,52722800,-7.095923385877437e-05,0.26025430513396336,23.494944586949135,0.08801298784913758,178.8751591205413,180.39525916049863,180.35962677001953,33.340729006584084,0.01467920433882294,3.4842428394789238,193.73399353027344,171.82611083984375,-0.21435080171630716
2023-08-24,178.41275636104422,178.83739189345877,173.81097351698816,174.17636108398438,54945800,-0.016070983910015796,0.25222431134398515,26.477254777515355,-0.01643150366104662,178.4276545456311,180.1513808045569,179.54101028442383,39.25449605718703,0.015532370259362126,3.1931045670343536,193.73399353027344,171.82611083984375,-0.14831756114658656
2023-08-25,175.16389608553052,176.91177162464882,173.62338845938783,176.37852478027344,51449600,-0.0071280362174082745,0.24301945660392335,34.26455280723315,-0.10660103467795978,178.23249932988276,180.00342566634973,178.70380706787108,50.00253716953367,0.01548112924057576,3.020839969183054,193.73399353027344,171.82611083984375,0.06866947371810106
2023-08-28,177.8400098200833,178.33376298082638,176.31925671498092,177.9387664794922,43820700,-0.0010216797566615589,0.21489513919437472,35.132018910947004,-0.13704208729149348,178.2045247727027,179.92245863941415,177.91404571533204,51.280992071762846,0.015678249637036835,2.975246715457934,193.73399353027344,171.82611083984375,0.3277741296370311
2023-08-29,177.45489519701718,182.5899254092932,177.25739693272806,181.81967163085935,53003900,0.011940669643397881,0.1777310645409863,40.03610864780457,-0.0702297545128222,178.54882447347953,179.99685914888258,177.35974884033203,61.422350419967074,0.01671578094126438,3.08001282159209,193.73399353027344,171.82611083984375,0.7470468567452229
2023-08-30,182.62942352828824,185.50307057198083,182.4319252754348,185.30555725097656,60813900,0.022030000537352226,0.13825921355800322,42.85103186792265,-0.10418877187571995,179.19232283324115,180.2050433881804,177.12915115356446,66.35878519661588,0.017124963342247463,3.1212238571168434,193.73399353027344,171.82611083984375,1.217818964188048
2023-08-31,185.4931879048022,186.75719481874472,185.13768501849643,185.52281188964844,60794500,0.02094169351997083,0.07214774962273837,43.73924422578476,-0.032009832035482244,179.79522655289898,180.41358332941445,176.97894210815429,66.53541750313295,0.017067445630963803,3.0908938261718526,193.73399353027344,171.82611083984375,1.4848191848529324
2023-09-01,187.1225652663115,187.54718572230075,185.92767607044595,187.0929412841797,45766500,0.03180618782184284,0.09350735312725145,57.772553306607676,0.015484286045271078,180.49024700349713,180.6755189354837,177.35989303588866,66.4473082295248,0.01300952726678126,3.0676155193628722,193.73399353027344,171.82611083984375,1.6930556449251934
2023-09-05,185.9276685232417,187.60642607121576,185.26604116890505,187.32992553710935,45280000,0.0319095324196986,0.1189255094615663,66.6849939988344,0.029623351734211045,181.14164495907926,180.93647605711607,177.90752334594725,71.39361373709283,0.012188017528906157,3.0633834954060006,193.73399353027344,171.82611083984375,1.764606994218194
2023-09-06,186.04618648324464,186.4905763861184,179.20277485131902,180.62478637695312,81755800,-0.0019876951867824244,0.11949253115925829,45.55151847098435,0.1363592196866994,181.0924203322101,180.9242529324038,178.07305374145508,59.177802989091546,0.014946724229584376,3.5000009665694165,193.73399353027344,171.82611083984375,1.2996839297022769
2023-09-07,172.99134398653018,175.98350189646143,171.37183427986267,175.34161376953125,112488800,-0.020614250423328564,0.11907965938364475,39.17674668540872,0.24203377061055154,180.54472446909784,180.7053259064088,178.05381088256837,54.76953881264171,0.01628906926135557,3.8766654361744424,193.73399353027344,171.82611083984375,0.6106654719858234
2023-09-08,176.121746745329,177.9881329660241,175.56873058484743,175.953857421875,65551300,-0.016692310293935194,0.11875728168300215,39.75589067140127,0.24372405579106693,180.107499036029,180.51899380897612,178.07602767944337,54.926542823510104,0.01630422570076687,3.8442190055060257,193.73399353027344,171.82611083984375,0.1921477121583718
2023-09-11,177.82027676778657,178.0473990105972,175.12437356668377,177.119140625,58953100,-0.010980488287660944,0.11843991195787819,39.962623065278905,0.2662685774442597,179.82289347307386,180.38566623313392,178.15354766845704,54.721039915744356,0.016366378044443363,3.8844251398495584,193.73399353027344,171.82611083984375,-3.030953753424548e-05
2023-09-12,177.24749835360407,177.87950173703112,172.6358460753217,174.09735107421875,90370200,-0.020953761205787392,0.11839888372647511,35.39252681417797,0.3479166318759068,179.27760372080195,180.13906563866666,177.99751968383788,48.80614233303289,0.0166815483455891,4.129185563271899,193.73399353027344,171.82611083984375,-0.3074778111528632
2023-09-13,174.30471474035696,175.08485308011382,171.80632524830068,172.03346252441406,84267900,-0.026882080966823662,0.1184009601612531,29.811645021450378,0.15961376140330552,178.58768551162214,179.82119884987245,177.83754272460936,40.69984548163767,0.016703742796458795,4.058649285758766,193.73399353027344,171.82611083984375,-0.6092252753943275
2023-09-14,171.8260758579031,173.8998448696545,171.41132506918257,173.54434204101562,60895800,-0.018868690058028128,0.11793709019937186,36.13041772261352,-0.00018204167102842117,178.1073670858501,179.5750476024663,177.79656066894532,49.05713721180313,0.016805421796641712,3.875959721520423,193.73399353027344,171.82611083984375,-0.6620600716240497
2023-09-15,174.27510652680778,174.29486087176767,171.6483512368518,172.82347106933594,109259500,-0.020424876790077227,0.11813438469173594,33.72933968843349,-0.00366976836537225,177.60413889380112,179.3102798952847,177.84642868041993,44.45123995915069,0.01649258925343241,3.830111612210057,193.73399353027344,171.82611083984375,-0.6970276760218286
2023-09-18,174.27511585610648,177.13889330258442,173.96899129951683,175.7465057373047,67257600,-0.007098642893137098,0.11792822821402832,35.00941444610848,0.028327901536943534,177.42722145032528,179.17052404595216,178.01825485229492,46.717923038685335,0.016896692521895545,3.9944627527388445,193.73399353027344,171.82611083984375,-0.48482919895838794
2023-09-19,175.3021409914078,177.38578010579235,174.91701409671836,176.83277893066406,51826900,-0.002302246754353122,0.11814085451749155,31.77664297718944,-0.08216566373633005,177.3706078770242,179.07884776692126,178.17773818969727,41.85223577935042,0.016868204445862813,3.7899082907751915,193.73399353027344,171.82611083984375,-0.24494840773136906
2023-09-20,177.02034206614,177.45484717087322,173.2085678311816,173.29745483398438,58436200,-0.01549783804375963,0.11784335473838907,22.635349694886038,-0.05630820406938397,176.98268853959186,178.85212647543355,178.09182357788086,30.41237498301244,0.017415806013238673,3.8301140335302017,193.73399353027344,171.82611083984375,-0.2946730809296565
2023-09-21,172.36923745366522,174.09737357666756,171.68785565712008,171.75697326660156,63149100,-0.02104697607089557,0.1195160758953917,22.370306412655847,0.0027305400852155604,176.48500137073563,178.57388517312643,177.7368148803711,28.474392831271615,0.016687760240456,3.886543184908715,193.73399353027344,171.75697326660156,-0.3953323896428296
2023-09-22,172.48773574692532,174.8676297137013,171.87548661966315,172.60623168945312,56725400,-0.01677473629533312,0.12278203609409079,22.58187421208185,0.03499197976087087,176.115594734423,178.33985954631572,177.65830841064454,26.82469341694072,0.015727785479960732,3.9641348002263874,193.73399353027344,171.75697326660156,-0.3692311480425685
2023-09-25,172.02361011818323,174.7590070374673,171.97423178505466,173.880126953125,46172700,-0.009888466281467554,0.12714206631087965,25.090015931553115,0.0003540439452083266,175.90269304096606,178.16496807207295,177.53338851928712,29.17442013213892,0.015542159204929452,3.995876968090812,193.73399353027344,171.75697326660156,-0.23710623585451085
2023-09-26,172.63585300181884,173.01109513731117,169.51532957863083,169.81158447265625,64588900,-0.026235434290637197,0.12747841804408871,26.514862599268763,-0.016562628988307182,175.3225874630318,177.8373844015076,177.1270294189453,31.76829437715915,0.016170715632991436,3.7271374458553725,193.73399353027344,169.81158447265625,-0.38585543003399536
2023-09-27,170.46336179203436,170.87811270067803,166.93797153448685,168.30072021484375,66921800,-0.03257436236915308,0.12567333931714125,32.59490036167161,-0.12596572282584984,174.6538382012996,177.46339757065803,176.45108184814453,36.398419095365995,0.015198633522836177,3.3476509507911385,193.73399353027344,168.30072021484375,-0.5387489025508869
2023-09-28,167.22429469748067,169.88068876106084,165.52578284422083,168.55743408203125,56294400,-0.030404773515076342,0.12494159624059151,34.075970768391294,-0.10725845343859919,174.0732282851788,177.1141441005158,175.61367568969726,35.51260532331028,0.014282819388996455,3.469678573673079,193.73399353027344,168.30072021484375,-0.5721943756885204
2023-09-29,169.8708616906263,170.9077464641982,168.21184303928078,169.07098388671875,51861100,-0.025100385616226878,0.12233011722165672,32.56383748289489,-0.12882488957767058,173.59682405675403,176.79872605291592,174.79108428955078,33.8230386840646,0.01432895140384783,3.453455572316222,193.73399353027344,168.30072021484375,-0.5113240736987525
2023-10-02,169.0808338409062,172.12235512412923,168.79444856905252,171.5792236328125,52164500,-0.009955811780705981,0.1281417641247801,42.3988743405236,-0.16999037335262868,173.40467163542627,176.5940396835001,174.01539840698243,44.83181508428036,0.014699208869793668,3.316616350413885,193.73399353027344,168.30072021484375,-0.266067529777712
2023-10-03,170.1078434596355,171.46073744550782,168.6858469308082,170.24609375,49594600,-0.015772752727185715,0.13000853452366853,44.15716309546071,-0.11752501666256776,173.1038546939571,176.34510062728444,173.16120681762695,46.21817864833714,0.014660676901093229,3.2891055554275397,193.73399353027344,168.30072021484375,-0.16263882872543478
2023-10-04,168.95244285882518,172.03347264460572,168.83394692911625,171.49034118652344,53020300,-0.009208942833738864,0.1490401509102052,49.75433229093255,-0.0023178218669414052,172.95018674086816,176.15471790411735,172.70448455810546,45.604426822952554,0.012907443006985844,3.3398916922145077,193.73399353027344,168.30072021484375,0.011325910747348011
2023-10-05,171.6187292983148,173.25799352598938,170.52259660006877,172.72474670410156,48527900,-0.0014599872615005574,0.17088132278345927,61.63416344129642,-0.035576145346879584,172.9287162611761,176.02020922960693,172.573641204834,49.79327303424063,0.011421108321312472,3.3462407844291318,193.73399353027344,168.30072021484375,0.2197278511695595
2023-10-06,171.6285909459562,175.76624458491796,171.016326818613,175.27249145507812,57266700,0.014606835433892556,0.18332484099254695,58.43251908078503,-0.02205888886466212,173.15193294630964,175.99088696393915,172.53957290649413,48.991573560756514,0.011905231524531887,3.3772761796474504,193.73399353027344,168.30072021484375,0.5221030253590082
2023-10-09,174.60096707330928,176.81298636382684,173.60359124576962,176.7537384033203,42390800,0.022374075240814875,0.19163488562388206,59.36201250177221,0.03424029084114055,173.49496203745352,176.02080270666,172.52130279541015,49.834626946485535,0.011966648482734958,3.4301782588605385,193.73399353027344,168.30072021484375,0.7982764189848066
2023-10-10,175.8748846750232,177.47464011941017,175.72674968355904,176.1612548828125,43698000,0.017578949445662666,0.19923441406652484,71.95740975835444,-0.011365900610770474,173.74889468939247,176.02631063513655,172.62449798583984,56.83327823466789,0.011314967590385371,3.2517219085862172,192.90560913085935,168.30072021484375,0.9093895111807067
2023-10-11,175.97358830016492,177.60298244581088,175.38109366659629,177.55360412597656,47551100,0.025815774029637608,0.2050164678293703,83.4755181485917,-0.030411724223695535,174.11124796906714,176.08620449752243,172.90050506591797,63.92974113843938,0.011024496698439312,3.2383198271338682,189.91751098632812,168.30072021484375,1.035815979690893
2023-10-12,177.8202822818536,180.0619109305439,176.80313684087554,178.45228576660156,56743100,0.02975166744515203,0.20739146865793548,84.6298391222281,-0.02908969555812324,174.5246801402609,176.17899199827065,173.14590225219726,64.01521774916321,0.010928567765640098,3.2488996587459127,188.52699279785156,168.30072021484375,1.1313475441780936
2023-10-13,179.1533769286896,179.6569996772118,175.9143577270369,176.61549377441406,51427100,0.014047131217213772,0.207328322275471,73.15711668975113,-0.017753203431422504,174.72380524827548,176.19610971498216,173.33550338745118,56.38537737361216,0.011177693180354708,3.317318708586072,187.32992553710935,168.30072021484375,1.02535675230641
2023-10-16,174.5417330268598,176.84262444155877,174.3047260977915,176.48712158203125,52517000,0.012491003338027882,0.20465925092068962,94.61401194563474,-0.07094451652911182,174.8917401372046,176.20752194506252,173.3725341796875,69.0960740013898,0.010546117979476488,3.186825920677007,187.32992553710935,168.30072021484375,0.9053022290537247
2023-10-17,174.4430143362244,176.19090503163542,172.61613638208402,174.936767578125,57549400,0.00031486680902623204,0.19818950335946622,93.18983439972315,-0.021476528973580544,174.89602846491132,176.15768844047673,173.27773361206056,68.94031774789212,0.010634701120471846,3.181886208802439,187.32992553710935,168.30072021484375,0.6899153638142995
2023-10-18,173.3863659573123,175.36137864838344,172.9222367694585,173.6431121826172,54764400,-0.009501087729209505,0.18763520230781913,93.31860061480577,-0.05968339048369864,174.77670310469284,176.0590776068352,173.29501647949218,63.704147159995955,0.009755186273858994,3.045045920379934,187.32992553710935,168.30072021484375,0.4408764177213292
2023-10-19,173.84059314667203,175.61810740546204,173.00122187734726,173.26785278320312,59302900,-0.011637999604483177,0.17913768431123075,91.40087399197495,-0.06448271595212896,174.63300307407476,175.94961780983002,173.37056045532228,61.39403168585239,0.009540901141901974,3.0394017848940313,187.32992553710935,168.30072021484375,0.24140507276412276
2023-10-20,173.11974130623128,173.2283676109075,170.48310107616433,170.72010803222656,64244000,-0.02854986908069792,0.1714667536062259,66.99446589631737,-0.09547279787502938,174.26034640342255,175.74453899502205,173.27625427246093,47.67258919130298,0.010054908417590068,3.0006050100341803,187.32992553710935,168.30072021484375,-0.05573479337864545
2023-10-23,168.77470794688867,171.8359684831129,167.80694090892598,170.83859252929688,55980100,-0.02529438757611786,0.16271411810251116,73.497093076184,-0.032980462007439315,173.93446508207725,175.55214893754265,173.12417755126953,51.71820241424474,0.009888853070484923,3.081722929475796,187.32992553710935,168.30072021484375,-0.22823528098252677
2023-10-24,170.88797493724758,171.50022404547477,169.30795876796012,171.27310180664062,43816600,-0.02315457671377963,0.15225878512473429,82.40258673239083,-0.054090700349865295,173.68100191298805,175.38434316770335,173.19725341796874,49.338977967170365,0.008356113997150886,3.0097757553347373,187.32992553710935,168.30072021484375,-0.2928833026223479
2023-10-25,169.73259505065448,170.89784530264086,168.51795139973865,168.96234130859375,57157000,-0.03934482970091699,0.14307892007702577,62.670293029344755,-0.011119438919243496,173.2316056649505,175.1324999575422,173.23033447265624,39.255451080803844,0.00868367753026347,3.011186718261978,187.32992553710935,168.30072021484375,-0.46107169524904457
2023-10-26,168.24146504420852,169.23885617849143,163.6001878537521,164.80494689941406,70625300,-0.05930452463719428,0.13236415554994535,30.34432813362905,0.011603308351182617,172.4290667348994,174.72749787683128,173.0427101135254,22.623976094301085,0.010295132077935127,3.074668901007292,187.32992553710935,164.80494689941406,-0.8021374595166193
2023-10-27,164.8247009041889,166.8490920877316,164.74569858206283,166.1183319091797,58499100,-0.043708308897810785,0.11901493303307245,28.857070793264707,-0.001645076303273707,171.82804437054514,174.38988352515867,172.89507751464845,21.93857585258978,0.01045642596746181,2.995668785836689,187.32992553710935,164.80494689941406,-0.8827195848852887
2023-10-30,166.90832288755587,169.03145545417337,166.7601878982554,168.16244506835938,51131000,-0.025786401321306884,0.09924178485220285,40.52760237378925,-0.000916113270527652,171.47893967509887,174.14567025234302,172.72423858642577,30.396856975324894,0.010270589243655343,3.0788997222040138,187.32992553710935,164.80494689941406,-0.747166103760158
2023-10-31,167.23418704526227,168.764809656098,165.8022909489589,168.63644409179688,44846000,-0.020123086296297502,0.07334249923936507,36.32560186084395,0.04054325454708141,171.2082258100225,173.92962216761572,172.6437561035156,27.116129977108102,0.01017325454724815,3.131801859912908,187.32992553710935,164.80494689941406,-0.5817470225828458
2023-11-01,168.86355325507674,172.05319393081336,167.9945430130093,171.79644775390625,56934900,0.0038617392437098976,0.06336277124661101,43.11697838246811,0.05902961770038506,171.26424694753524,173.84596826903888,172.65906143188477,34.695583161236414,0.01092394838057789,3.1889359190654596,187.32992553710935,164.80494689941406,-0.23353984327980015
2023-11-02,173.32708036470643,175.55883879665177,173.26783240773895,175.35147094726562,77334800,0.024747991384765144,0.0681542559502861,54.34372192392343,0.037622804683002276,171.653506376081,173.90500758975367,172.79039764404297,47.30635537418505,0.011766746762667278,3.1903465685347903,187.32992553710935,164.80494689941406,0.2367232872002205
2023-11-03,172.06312932936157,174.61089777938133,171.1842491912974,174.44300842285156,79829200,0.01735725530917703,0.06870103825236906,54.13267151630369,0.10383592067901581,171.9191732376782,173.92610566163987,172.74892349243163,45.78414261338281,0.011361974263745276,3.3067268122634306,187.32992553710935,164.80494689941406,0.4734479816409476
2023-11-06,174.1763842242903,177.1882666996337,174.0085099439187,176.9907684326172,63841300,0.03042187565013258,0.07164091088176193,61.80121225012639,0.057960195478327536,172.40218230386287,174.0462885154037,172.7607749938965,54.06885044720448,0.011686593165085602,3.2573533519611266,187.32992553710935,164.80494689941406,0.7708747731584846
2023-11-07,176.94138484513783,180.1606652677133,176.7340169447808,179.5484161376953,70530000,0.04108932370886979,0.0798647185756766,67.25087947298417,0.06261177283598696,173.0827760023231,174.2620582260818,172.9301330566406,61.140171398766384,0.012078681754878926,3.3278895265330966,187.32992553710935,164.80494689941406,1.0896308893183253
2023-11-08,180.07179468790036,181.1580426666239,179.3212801943679,180.60504150390625,49340300,0.04295478196411424,0.08737486904442748,69.6485649546003,0.02609978192147122,173.7991822405691,174.5108026683494,173.08270492553712,63.49446806790986,0.012026464574559309,3.2721664511146145,187.32992553710935,164.80494689941406,1.306770862406617
2023-11-09,180.67414339377055,181.81963914926845,179.5385022077218,180.13101196289062,53763500,0.035801584334686144,0.09413727534769478,74.91793430032381,0.014370664235215713,174.40221364269496,174.73120303284122,173.16664123535156,68.737714590221,0.012009990135811225,3.2361939678651765,187.32992553710935,164.80494689941406,1.3481757540351804
2023-11-10,181.910910546582,184.48181599083316,181.47583284789292,184.3137054443359,66133400,0.052216877087235124,0.10529023131517012,74.62881459020099,-0.014379419494467638,175.34616524285124,175.10698744113515,173.55155181884766,73.09248184592371,0.01273548371305899,3.259178000276291,187.32992553710935,164.80494689941406,1.571371207409571
2023-11-13,183.74020094629049,183.94784205398747,182.14822040593083,182.7316131591797,43627500,0.038107154467165304,0.11512290228987873,69.16850167668761,-2.7085150861694274e-05,176.04954123488253,175.40599237125454,173.86377639770507,68.89347576350583,0.012950288246055508,3.257265126054179,187.32992553710935,164.80494689941406,1.525332555667718
2023-11-14,185.59912547957177,186.0045400899508,184.21480130754796,185.342041015625,60108400,0.047643630161690986,0.12306893250363991,76.94713044458256,-0.010108617726484082,176.93454121400086,175.79564133770046,174.38404006958007,76.74353945684804,0.01298345160264362,3.2942491634734035,185.342041015625,164.80494689941406,1.5770369044780417
2023-11-15,185.7474572062222,187.3789832148446,185.67823345303117,185.90565490722656,53790500,0.04644675294579824,0.1256212550900492,90.5787852788205,-0.07187392297355111,177.78893299430806,176.19211245807404,174.99716720581054,89.03219432887562,0.012752485051028264,3.0369830116505647,185.90565490722656,164.80494689941406,1.5530769734230994
2023-11-16,187.4482222334322,188.82266388785249,186.5385061665612,187.5866546630859,54412900,0.05024621843990115,0.1257955193720251,90.3413252727505,-0.04359923000515353,178.72204934371547,176.63895725042744,175.71310729980468,89.17935842612907,0.012737011614625971,3.095098402718932,187.5866546630859,164.80494689941406,1.5507173356493098
2023-11-17,188.12059370194677,188.24914348244,186.4594046371221,187.56686401367188,50922700,0.047589898666157135,0.12413016949361473,94.22540090218328,-0.07496410499800987,179.56441264561607,177.06750261369194,176.55544509887693,88.23806751757235,0.012002512634070971,3.0148566384563753,187.5866546630859,164.80494689941406,1.449945170554281
2023-11-20,187.76462241033667,189.7620174322178,187.75473976876387,189.30715942382812,46505100,0.051798790528066754,0.12105494407741478,94.1806466183014,-0.09124841927925564,180.49229329116008,177.5474891552659,177.4788734436035,88.79716629893639,0.012002005288419045,2.9600448321282897,189.30715942382812,164.80494689941406,1.401792445416545
2023-11-21,189.2676114417462,189.37638084971888,187.61630503925363,188.5062255859375,38134500,0.04152660461795124,0.10632669020241417,87.62574098871096,-0.15129039816105117,181.25552493828175,177.97724352509616,178.34052963256835,84.41001985872668,0.012175680007548767,2.7958608958898026,189.30715942382812,164.80494689941406,1.2237745288843698
2023-11-22,189.3467095850447,190.77057938008176,188.6940931656517,189.1687164306641,39617700,0.043268823343630865,0.08849374937612302,90.52961023200038,-0.11462848986630869,182.00916222327055,178.41612481551059,179.35084838867186,82.30160343874313,0.011394216058998008,2.6888582352754264,189.30715942382812,164.80494689941406,1.0642947343605496
2023-11-24,188.73363999587545,188.76330300712377,187.13177703645837,187.84371948242188,24048300,0.037937214679425575,0.08711905911458848,105.91853321127367,-0.18041532792403236,182.56483434318972,178.78583441029141,180.50278701782227,80.72937697213321,0.009440437364529071,2.5366952094352473,189.30715942382812,164.80494689941406,0.7955318991276084
2023-11-27,187.79427548166112,188.53588093642713,186.78568783853885,187.6657257080078,40552600,0.032225915124807346,0.0854792735161387,99.01355047849161,-0.19247121453940685,183.05063352079145,179.13406544157442,181.58015670776368,77.46375036508738,0.009582152398427073,2.4345835195904835,189.30715942382812,164.80494689941406,0.5437474479024087
2023-11-28,187.6558499360948,188.9413024556769,187.2800983304318,188.26890563964844,38415400,0.03279430990697309,0.08274803652276305,95.54827138857445,-0.22011979766097023,183.54761181782544,179.49229446894986,182.58547973632812,74.94395851882896,0.009490490302533126,2.30848036261281,189.30715942382812,164.80494689941406,0.3644170463682288
2023-11-29,188.7633011569372,189.9399842182602,186.85491037465812,187.25042724609375,43014200,0.02223913142227329,0.07728838539407053,84.29407933351513,-0.1424303461982387,183.90026090623195,179.79653497001433,183.51617889404298,69.04993526262385,0.009795668109947723,2.3976454605661,189.30715942382812,164.80494689941406,0.13557920950297309
2023-11-30,187.71515943504943,188.18979776505017,186.08363355367433,187.8239288330078,48794400,0.02449540726735067,0.07855378621505862,91.45736390810004,-0.11295159517150044,184.2739435659249,180.11133472934742,184.31755294799805,71.9277765551293,0.0092766967214672,2.3851474084110413,189.30715942382812,164.80494689941406,-0.011005440409637579
2023-12-01,188.19969953750024,189.4159283197641,187.11200544734405,189.0995178222656,45704800,0.03238835900888618,0.08699596416264313,90.92860318639768,-0.11737854699285266,184.73352206652876,180.46381249769715,185.00495529174802,66.35125990663965,0.008487568062602764,2.238941611588008,189.30715942382812,164.80494689941406,-0.05352051524305734
2023-12-04,187.8536157357217,187.9228394923183,185.35193435249073,187.3097686767578,43389500,0.016501741655176542,0.09108274364486847,85.67619777069116,-0.03394209996305564,184.97887888655058,180.73228136746422,185.64829330444334,65.42293109404049,0.00877569708911551,2.3519486424001355,189.30715942382812,164.80494689941406,-0.22407882059553108
2023-12-05,188.0810636242485,192.2241539878595,188.05138552105933,191.255126953125,66628400,0.03738323757909783,0.09233316788104066,83.41331600696377,0.06961952527587978,185.5766167976529,181.14494197866662,186.36151123046872,68.27624522012431,0.009304780205654006,2.4691956695666044,191.255126953125,164.80494689941406,-0.09943931566092035
2023-12-06,192.27358406476233,192.58011192579391,189.95977851245675,190.1674346923828,41089700,0.027268030560644915,0.09323881079104406,76.63916946044972,0.047221748115407136,186.01383754953193,181.49876522234177,186.8924621582031,62.75901765157334,0.009194622526992808,2.510866470575002,191.255126953125,164.80494689941406,-0.1172802358156706
2023-12-07,191.4627754603769,192.817436726138,191.42321471638212,192.0956115722656,47477700,0.03517260399471972,0.09334555793101121,75.50120207516882,0.044713017321862836,186.5930541231256,181.9143278242996,187.46699066162108,63.302149328498075,0.00931532292722986,2.4917945457985207,192.0956115722656,164.80494689941406,-0.030756847281407484
2023-12-08,192.0263919187675,193.79636559429088,191.50232520965804,193.51950073242188,53406400,0.039795287791692543,0.09311361151972274,78.73880679734474,0.1290227807808353,187.25271570496335,182.36943264422595,188.13641510009762,66.21766336475608,0.009259193153538438,2.5278160843210173,193.51950073242188,164.80494689941406,0.08453200597792998
2023-12-11,190.9485830810774,191.3243346926335,189.27749628821252,191.01779174804688,60943700,0.022620174306629187,0.09073452694818931,67.8645729859062,0.13693797594256063,187.61129437573322,182.7085839816307,188.47161941528321,54.47487622122273,0.008748146435542288,2.6740197290112633,193.51950073242188,164.80494689941406,-0.03890830515797816
2023-12-12,190.9189246189266,192.54056806660665,189.57414602172835,192.5306854248047,52696900,0.030034331738781866,0.08652651555118675,76.33914037323767,0.11784875990329868,188.07980780897813,183.09376443038263,188.96157302856446,60.149603978151255,0.00848927822335852,2.760187317183624,193.51950073242188,164.80494689941406,-0.0492172436117273
2023-12-13,192.90643617191267,195.7838693885932,192.6691320471581,195.74432373046875,70404200,0.04509410908277063,0.07984252096697067,79.42947974148412,0.1274267575601149,188.80976170626295,183.5898647950919,189.48168716430663,64.69288211503797,0.008677803641742197,2.8308180435867842,195.74432373046875,164.80494689941406,0.1205725072223296
2023-12-14,195.80361960949875,197.38570218691584,193.96443748585023,195.89260864257812,66831600,0.04114134318356455,0.07286367333468913,83.91746208460131,0.17573835595235798,189.48431855734057,184.07232533813058,189.9810348510742,68.98310891539492,0.008689060606574052,2.929698422648205,195.89260864257812,164.80494689941406,0.19844546662211116
2023-12-15,195.3190970971854,196.17935458626624,194.7950304557911,195.3586578369141,128538400,0.034065070393520656,0.06354443486382835,82.63822444619066,0.1486456403950558,190.04377944110948,184.5149266125927,190.36963500976563,67.84398669214991,0.008632068262819802,2.903564924975837,195.89260864257812,164.80494689941406,0.17063354562326927
2023-12-18,193.89520715993984,194.42917151631295,192.214237877434,193.69744873046875,55751900,0.020300667656535,0.05859999577342248,72.49440102790756,0.12546249396905784,190.39174794485797,184.87502551917606,190.67616424560546,62.002551889660154,0.008942001709081548,3.009508913135481,195.89260864257812,164.80494689941406,0.005710436261683327
2023-12-19,193.96443406555753,194.74558515548247,193.69745188302565,194.73570251464844,40714100,0.02430257275696339,0.05184245773013784,78.50135831381456,0.037615586959014014,190.80545790388564,185.2617187346848,190.94759140014648,66.5355432184908,0.008807933690559927,2.864013383236312,195.89260864257812,164.80494689941406,-0.06424536776247303
2023-12-20,194.69613029502625,195.4673986986392,192.64930725097656,192.64930725097656,52242800,0.009888937123243,0.04227980966920579,67.9159504033582,0.02969010505249292,190.9810626036086,185.55142808826486,191.15474548339844,59.99175979030438,0.00914105863864259,2.914865328685368,195.89260864257812,164.80494689941406,-0.2702716800754552
2023-12-21,193.90511142023345,194.87413831888384,191.33420648650613,192.50099182128903,46482500,0.008123452037625056,0.039771213610234106,64.79257058028078,0.02507195271431928,191.12581776719722,185.82395999936384,191.32135925292968,57.38823961442576,0.00913236619102481,3.0031516829680567,195.89260864257812,164.80494689941406,-0.4264843800000695
2023-12-22,192.9954077755279,193.2228443252002,190.81015202156473,191.43310546875,37149600,0.0016471493789719618,0.040772108044613675,67.09641055789383,0.0014593746280011644,191.1550832625832,186.04392648835938,191.5008285522461,59.24612279896174,0.009071498119735691,2.9078023139581006,195.89260864257812,164.80494689941406,-0.6009987687104577
2023-12-26,191.44298138124012,191.719846217368,190.6717128965979,190.8892517089844,28919300,-0.0014145202686820905,0.042670729758747715,55.115684068290854,-0.1255578456605907,191.12976597176427,186.2339392421094,191.66200485229493,49.031878796296525,0.00910256305837436,2.631641457505844,195.89260864257812,164.80494689941406,-0.7430236351630728
2023-12-27,190.33549688162287,191.33418668795235,188.95115779593849,190.98809814453125,48087700,-0.0007530783662635428,0.0439830706128067,58.71684973314533,-0.08705345098646133,191.11627379774208,186.42037684612595,191.79796447753907,52.29142115573552,0.009086299711973563,2.6146911345541803,195.89260864257812,164.80494689941406,-0.8145303941439606
2023-12-28,191.96705978425237,192.4812438348005,191.00791544042357,191.413330078125,34049900,0.0015935348659329978,0.04541467499422745,54.30891791297395,-0.13132915141129997,191.14456487206425,186.61617893365533,192.00610961914063,47.920426090806686,0.008973299881652573,2.5320585385908987,195.89260864257812,164.80494689941406,-0.8154036275391059
2023-12-29,191.72973752393827,192.2241411947973,189.5840274029703,190.3750762939453,42672100,-0.004076575022465256,0.045952084076556585,44.95935321952224,-0.14863505490695095,191.07128024557673,186.76358667327455,192.1336669921875,40.185158548794355,0.009077560280278705,2.5567780676761975,195.89260864257812,164.80494689941406,-0.8634971288908284
2024-01-02,185.05528848269017,186.33085840634024,181.83178197139316,183.56219482421875,82488700,-0.03016827043745755,0.08483652717117388,26.764205497537677,-0.01505922695002504,190.35612925306646,186.63804189488022,191.85680084228517,31.663464280889215,0.012075066380633947,2.8640130589863975,195.89260864257812,164.80494689941406,-1.3052214022617146
2024-01-03,182.15805061619977,183.7994740724038,181.37688453456076,182.18771362304688,58414500,-0.03324743281323041,0.1065829004756348,20.79920347046942,0.07353829369674925,189.5781849073503,186.46351921755343,191.6006980895996,24.387785098872484,0.01201364518397823,2.82516787991245,195.89260864257812,164.80494689941406,-1.6204690376745985
2024-01-04,180.11123597031312,181.04071720671112,178.85546161628733,179.87393188476562,71983600,-0.043306053025852595,0.11375594864353629,8.250914793680579,0.08265774104527068,188.65397033377081,186.20510402803234,191.03163833618163,8.867148199472155,0.011035758977215038,2.8308155972675246,195.89260864257812,164.80494689941406,-1.8961683538816623
2024-01-05,179.95306152436652,180.71443234786256,178.1534248404595,179.15211486816406,62379700,-0.04288693774505639,0.11856555582990107,7.366163639390356,0.09372220770386352,187.74903171799875,185.92851621784143,190.4808723449707,7.864685229010476,0.011020678208698193,2.769368654863056,195.89260864257812,164.80494689941406,-2.0267097154100493
2024-01-08,180.0519155054874,183.52263874374273,179.46852282651062,183.4830780029297,59144500,-0.017449307556195674,0.13209967133860134,21.09445301961785,0.16657314702603454,187.3427504118017,185.83261668000176,190.0502456665039,24.905979400589572,0.01227192522690595,2.9826686366561654,195.89260864257812,164.80494689941406,-1.732349782794881
2024-01-09,181.86141829199212,183.0776469225398,180.68473531069785,183.06776428222656,42841800,-0.017891161365349188,0.14025653430988955,22.73297683674557,0.03279865382302605,186.93560887565167,185.7241910957753,189.52765884399415,26.29025242448803,0.012061160973635555,2.9579488318527183,195.89260864257812,166.1183319091797,-1.4860487099654707
2024-01-10,182.2866315170422,184.31367440860305,181.8614365329183,184.1060333251953,46792900,-0.012005854822657057,0.14332100380200574,23.014343192690617,0.08249913725824554,186.66612548989391,185.66073392830157,189.18207092285155,26.29030259877986,0.011947800898666008,3.058241792614934,195.89260864257812,168.16244506835938,-1.1866302468759593
2024-01-11,184.45212033242825,184.9564217479187,181.56480461990645,183.51275634765625,49128400,-0.013688390211073053,0.1418801783114556,25.18496128863651,0.09481094976000981,186.36580461920462,185.5764995133743,188.73117446899414,28.166429773172908,0.011729828324649336,3.099207912639908,195.89260864257812,168.63644409179688,-0.9710317283035312
2024-01-12,183.977482710611,184.64987951630312,183.11722519297732,183.83905029296875,40477800,-0.011833113812770977,0.13745064607847277,28.3964099941665,0.06733025323917863,186.1251613500393,185.508364249829,188.13591079711915,29.47519135719888,0.010901775873705883,2.955830947707629,195.89260864257812,171.79644775390625,-0.75837391195612
2024-01-16,180.12115895148446,182.19764543114704,178.9049149905355,181.57470703125,65603000,-0.021077115563792742,0.1326874933060931,26.516689649163485,0.051385320015295166,185.69178474824983,185.35410318243373,187.42001571655274,27.89359582179101,0.011050811117716757,3.135934019050327,195.89260864257812,174.44300842285156,-0.7223070717290112
2024-01-17,179.2411232206481,180.88253205239923,178.28197882705663,180.6353302001953,47317400,-0.023445883109794334,0.12660187477028403,26.014739514332543,0.11437432233893996,185.2102176484351,185.16905326156163,186.6838493347168,27.40743280906544,0.011052665421850436,3.2962622250091322,195.89260864257812,174.44300842285156,-0.7126121713947484
2024-01-18,184.00715864056133,187.0230241166397,183.7500741577492,186.51873779296875,78005800,0.00492993896997782,0.13663518972348423,32.53202403567274,0.17136249180975782,185.33483861458117,185.22198206671484,186.3249137878418,42.15287459666487,0.01365296316664358,3.5823097267541693,195.89260864257812,176.9907684326172,-0.28291656482602656
2024-01-19,187.21091817907703,189.80158889565504,186.70663180624828,189.41595458984375,68903000,0.014909497715987464,0.14548650709890387,35.07628931109624,0.19712711512819947,185.72351632651095,185.3864515774258,186.05892639160157,46.77318842508917,0.01411534983483656,3.7101458276411017,195.89260864257812,179.15211486816406,0.19757509768128156
2024-01-22,190.14763349819023,193.1437182004387,190.1080727596782,191.71983337402344,60133900,0.02173959467047874,0.15292164349439327,38.88331788751471,0.28147893686134706,186.29459414055975,185.63481949101785,186.0124526977539,52.08714029807764,0.014237823199040805,3.7878351004102404,195.89260864257812,179.15211486816406,0.6464008176069351
2024-01-23,192.83720939883855,193.55903452389103,191.66052626402544,192.9954071044922,42355600,0.024180313177228043,0.15686058084009705,50.459667474943394,0.056529730656582844,186.93276680379142,185.9234699856639,186.03717346191405,67.6797632536381,0.014317225716364804,3.3132075245040573,195.89260864257812,179.15211486816406,0.9847534478693123
2024-01-24,193.23271418014863,194.18197579456825,192.1648005219272,192.3230133056641,53631300,0.01952996818600434,0.15639688915848785,52.17666952659891,-0.0036443891551084517,187.44612361349357,186.17443246880117,186.08166885375977,69.50903952578697,0.014280823083675955,3.2842493627039153,195.89260864257812,179.15211486816406,1.1095674925553594
2024-01-25,193.0349547434494,194.07320538533628,190.9485708187439,191.9967041015625,54822100,0.016509548736641576,0.15276737895333883,56.70529619148103,-0.08734314033994806,187.8795122314049,186.4027568465565,186.13704147338868,75.26795266985813,0.014269743401428007,3.269419545549119,195.89260864257812,179.15211486816406,1.1135541118249215
2024-01-26,192.09558049769083,192.5800863732271,189.7916578927919,190.2662811279297,44594000,0.008580058388397734,0.14636069639744487,53.98505316062151,-0.11441111659626746,188.10682355488345,186.5542676026888,186.1009506225586,72.23096484813266,0.01442341678295647,3.2856639007657003,195.89260864257812,179.15211486816406,0.9494541809146056
2024-01-29,189.86087972294905,190.04875551955823,187.4580852833725,189.58401489257812,47145600,0.005317101182397211,0.13471544748229608,48.1470731510189,-0.16203610841896043,188.2475084441877,186.67308122190016,186.00948486328124,64.28901746498605,0.014432827570480377,3.174069041407023,195.89260864257812,179.15211486816406,0.753330162488412
2024-01-30,188.80286821503816,189.65324309628332,185.37170567810733,185.9353179931641,55859400,-0.008047280728477258,0.12213119470041016,40.383200499937715,-0.010019294724806449,188.0272998298045,186.6441493305772,185.78749694824222,55.83269397413271,0.015006517035226192,3.2800115218316046,195.89260864257812,179.15211486816406,0.3563875448615717
2024-01-31,184.94649475418208,185.0058358609704,182.28661602120093,182.33604431152344,55467800,-0.022328535480330272,0.12197179235743216,37.99871217207921,0.024731337764061223,187.4852754947301,186.47520403571235,185.72618942260743,46.73947873485096,0.013366272605615763,3.365473242994349,195.89260864257812,179.15211486816406,-0.1432740973167746
2024-02-01,181.93065217781273,184.857513201702,181.7625567551165,184.76852416992188,64885400,-0.010534082808791983,0.12171646155921574,41.85731448087249,0.022898146820529153,187.2265372733198,186.4082754135245,185.8552299499512,52.16646659927555,0.013582395837945828,3.3442831943210103,195.89260864257812,179.15211486816406,-0.2958659748527208
2024-02-02,177.84687547061628,185.2332669548565,177.24370243482153,183.76983642578125,102551700,-0.013748621537623932,0.11688241396134852,40.984657771013445,0.15821069362197404,186.89732766879231,186.30480721792674,186.05002517700197,49.8832988752852,0.013295976780752452,3.8054910655145227,195.89260864257812,179.15211486816406,-0.4412168915596371
2024-02-05,186.0440863383638,187.1317803970082,183.75994390321247,185.579345703125,69668800,-0.005226716361509145,0.11079089503091813,46.54609981063164,0.16377376965673363,186.771805576824,186.27635774675804,186.37138671875002,56.85737696865309,0.013373379857456657,3.6938982934689863,195.89260864257812,179.15211486816406,-0.3941915830691212
2024-02-06,184.76852130142623,187.19109601961685,184.67953227102765,187.18121337890625,43490800,0.0017503410698861827,0.11250830606307845,53.81220876643717,0.10917318678284271,186.81079679606992,186.31184228135209,186.55629348754886,60.96022810016173,0.012425704029399015,3.638100832354403,195.89260864257812,179.15211486816406,-0.24140648751689897
2024-02-07,188.50622203381667,188.91163664571195,186.49894443287428,187.2899932861328,53439000,0.0020632400463891803,0.1138488938289095,45.88467092944535,-0.0033579538266235165,186.8564345570283,186.35020114428465,186.76740493774417,51.60095503009333,0.01240178154855888,3.354172139239637,195.89260864257812,179.15211486816406,-0.1250776125635082
2024-02-08,187.2702046333428,187.41851968576853,185.25304448034683,186.21218872070312,40962000,-0.0027787043586801415,0.11471274719051403,38.11797456929818,-0.020908402521186087,186.79507781071163,186.3447888923795,186.87271270751955,42.80632773998322,0.012448701019518865,3.2743595751493086,195.89260864257812,179.15211486816406,-0.11313691404414475
2024-02-09,186.7765071990768,188.10321111496148,186.13296840440984,186.9745330810547,45155200,0.0007788074462655179,0.1148361882909771,34.54598544105295,-0.17255820239913766,186.81216878883956,186.3694847429158,187.0458015441895,38.55252715474783,0.012436652723329875,3.1488223680033576,195.89260864257812,179.15211486816406,-0.04955878589372312
2024-02-12,186.54881961012745,186.79633688725167,184.93500212895557,185.2914276123047,41781900,-0.006535068910378404,0.10855261517563539,28.17041074688339,-0.1448342194386596,186.66733629583624,186.32720799269578,187.11842041015626,31.773443828815758,0.012633556195612555,3.158895417448609,195.89260864257812,179.15211486816406,-0.11289812834812693
2024-02-13,183.9251386304961,184.3607714461939,181.68757282391297,183.2023773193359,56529500,-0.015068098067465294,0.10371795933634817,26.66936370847837,-0.10056652650387732,186.3373402028362,186.20466561334834,187.19980392456054,29.77739675047154,0.012580059132702062,3.272229668573656,195.89260864257812,179.15211486816406,-0.2781156622319761
2024-02-14,183.47959151637605,183.68749754312392,180.6281880058035,182.3211975097656,54630500,-0.017639618171515842,0.09929096175987147,26.235132360552456,-0.02582113874603964,185.95485042254376,186.05237274654118,187.28409729003906,29.06230188081146,0.012571655747585947,3.2675635950542294,195.89260864257812,179.15211486816406,-0.4208101423639566
2024-02-15,181.72716915991907,182.65783644316613,179.5490203671251,182.0340881347656,65434500,-0.021611242257204483,0.12600946327763501,35.047140955896865,0.0049135862428142385,185.5814444903744,185.89479295784412,187.05986480712892,30.998675026467737,0.010060474819543148,3.290448423311789,195.89260864257812,179.15211486816406,-0.5030360295953372
2024-02-16,181.59845842120637,183.0142649801448,179.86583763061847,180.49948120117188,49752500,-0.030157971421433047,0.150743081595916,36.209230317843705,0.05269535282442206,185.09744798664082,185.68321210464129,186.61404113769532,29.825145204031145,0.00937003128743875,3.3147506736667265,195.89260864257812,179.15211486816406,-0.6215168163299961
2024-02-20,179.98465441119404,180.6182980286837,178.2124373755958,179.75694274902344,53665600,-0.034095317674033856,0.17399456587259604,44.605408920356766,0.006925947692115297,184.58882844020107,185.45080938481314,186.01589660644532,34.245540258293005,0.008726430416976247,3.1807737618747205,195.89260864257812,179.15211486816406,-0.7045459904645176
2024-02-21,180.13315310757224,181.0737156195715,178.8658660184515,180.50938415527344,41371400,-0.026460032229441377,0.19099423665699047,58.83057891571344,-0.059401066818289716,184.20030993687462,185.25702800326258,185.39159545898437,44.5510258702464,0.008596568267282929,3.077855735385922,195.89260864257812,179.15211486816406,-0.6639903292810747
2024-02-22,181.65787110291916,183.1231842228548,180.64801151557128,182.53903198242188,52292200,-0.010086367518297718,0.19828440339724476,53.33524082252566,-0.06857591778580174,184.0420929888315,185.15043992401394,184.90239639282225,43.185595877927256,0.009190574913762095,3.043487422599912,195.89260864257812,179.15211486816406,-0.46507838406426827
2024-02-23,183.1726595934398,183.2023604547528,180.4202689919066,180.7073974609375,45119700,-0.01998420504845701,0.20125394892959117,50.00732861685001,-0.18809696500779938,183.7245029385559,184.9762029646776,184.33793106079102,41.093221617687526,0.009336947079293495,2.671525061372143,195.89260864257812,179.15211486816406,-0.4226970918581838
2024-02-26,180.43016184540704,180.94498679638724,178.85594081227745,179.3608856201172,40867400,-0.026378383143572375,0.20042435349321835,38.47424076543368,-0.22169193951190813,183.30892033679984,184.7559944413615,183.79266128540038,31.41371142004165,0.009290293924664787,2.579897167823146,195.89260864257812,179.15211486816406,-0.4487250695056113
2024-02-27,179.30151026553332,182.0934971193568,177.77679547469845,180.8163146972656,54318900,-0.014612223558902248,0.1947426634233839,36.54374326503798,-0.14837212836716185,183.07152932351087,184.60149719649502,183.35427627563476,30.80802039144946,0.009608169511526755,2.708835588970944,195.89260864257812,179.15211486816406,-0.3364301638509557
2024-02-28,180.69748823755316,181.30143093346825,178.34113428414614,179.61831665039062,48953900,-0.022096719429368635,0.1846307817387836,36.56765929306986,-0.10718681191455526,182.74265192607086,184.40607835154975,183.03842620849608,28.293525761303016,0.008820226863472752,2.747950191576976,195.3586578369141,179.15211486816406,-0.3118925669843915
2024-02-29,179.4698114222519,180.75690414056305,177.74708592784262,178.95497131347656,136682600,-0.02740063886625383,0.18946684760701968,42.25022573526533,-0.07728864409596925,182.3819204391571,184.1923094480959,182.86937255859374,28.973050114461117,0.007805938191841313,2.8082604063840284,194.73570251464844,178.95497131347656,-0.308814699345789
2024-03-01,177.76690051629518,178.73716395290236,175.61845249589473,177.8758087158203,73563100,-0.035725588826192374,0.19348987403262963,38.44577948779096,0.08771263234704119,181.95276694169647,183.94460353702627,182.52473678588865,24.112757160197674,0.007116441588751173,2.9058515568861845,194.73570251464844,177.8758087158203,-0.3451813561398245
2024-03-04,174.4006596751229,175.14321147352493,172.06409607852763,173.36109924316406,81510100,-0.05513083329276352,0.18571609744048773,26.677873390162976,0.23078281779262433,181.13451287516958,183.52956415295324,182.0042999267578,20.766687155926178,0.008832827657297766,3.1752931058285827,192.9954071044922,173.36109924316406,-0.6228265138035161
2024-03-05,169.0641855800497,170.33147275577412,167.93550746706842,168.4305419921875,95132400,-0.07258050387249576,0.17201394026467992,20.71017742482636,0.22023543615452645,179.92461088631416,182.93744563684479,181.1468597412109,18.228337644657955,0.01000243762268165,3.3054171763788633,192.9954071044922,168.4305419921875,-1.0622646296257692
2024-03-06,169.36121186741923,169.53943215491887,167.00484265804033,167.4404754638672,68587700,-0.07571598675397333,0.1640478610339508,21.738200565677072,0.18922722235179057,178.73564560798587,182.32972131633588,180.15982284545896,18.14335543951131,0.009490970508152684,3.2679371734901577,192.9954071044922,167.4404754638672,-1.326181336822796
2024-03-07,167.47017484778516,169.0344857697736,166.81674075207243,167.32167053222656,71765100,-0.06998557424904812,0.15493341272232833,22.001769614845372,0.14102283159612772,177.64860036267547,181.74117030519434,179.16140670776366,18.27504766016078,0.009451653451993228,3.204289240751596,192.9954071044922,167.32167053222656,-1.4076251604156798
2024-03-08,167.32166963491963,171.9749911536114,167.26226790901475,169.03448486328125,76267000,-0.04978873651537068,0.14372380908381568,28.767413581817305,0.14115418386388323,176.8282084103522,181.2428689153154,178.30252151489256,25.466142316422932,0.010090736569767104,3.3160246618280484,192.9954071044922,167.32167053222656,-1.2503311710178902
2024-03-11,171.2225546353428,172.6482565736913,170.34139373001014,171.03443908691406,60139500,-0.03210771926595618,0.13202860668045605,34.86170664296732,0.07149290149626175,176.27642085573905,180.84253833380947,177.50551681518553,32.287949789861514,0.01058504952567463,3.4023040230653447,192.9954071044922,167.32167053222656,-0.9304722016098474
2024-03-12,171.43048197939208,172.30174774042325,169.3117344210043,171.5096893310547,59825400,-0.026417969704163376,0.11700299100115946,33.94405988994518,0.04621373810224516,175.82244642481672,180.47654425527008,176.81642990112303,31.51701125392654,0.010642634682398448,3.458172860086699,192.9954071044922,167.32167053222656,-0.6206704994786962
2024-03-13,171.05423942259554,171.4700666239107,169.06419090034882,169.43052673339844,52488700,-0.03553707945281516,0.10042210528137246,24.906959551775156,0.0545341393191785,175.21369216849118,180.04336709754963,176.12783737182616,23.133244974127038,0.010675618734202126,3.446151314595592,192.9954071044922,167.32167053222656,-0.49501484115611794
2024-03-14,171.1928340614332,172.57892461566286,170.34137411890524,171.2819366455078,72913500,-0.020904865965912192,0.08447129873905736,31.540531989389184,0.08364626222858873,174.83923926154037,179.69978158962644,175.57587432861328,30.697536924877753,0.011169320085097748,3.4723160588397497,192.9954071044922,167.32167053222656,-0.23939723884302389
2024-03-15,169.47008856862954,170.9056854248047,168.59882311892224,170.9056854248047,121752700,-0.020934896404391938,0.08981372089727314,32.807526468512535,0.05992862332732973,174.46461508661315,179.35491507335894,175.01945419311522,31.967945038223533,0.01116583733447336,3.5147494547308775,192.9954071044922,167.32167053222656,-0.057340399460370506
2024-03-18,173.82643054023092,175.94517770513775,171.7967859641753,171.9947967529297,75604200,-0.013031188592570289,0.09587587113571305,31.383206254488055,0.048224183700638745,174.22939429292902,179.0662829823617,174.59421997070314,30.88809828103402,0.011283177618747012,3.56637735727907,192.9954071044922,167.32167053222656,0.16271296335244356
2024-03-19,172.6086191723699,174.85607994565953,171.31163124958826,174.3313446044922,55215200,0.0005142140790706107,0.10290804278210036,37.96368723604544,0.043355161657529395,174.2391038464112,178.88059912440605,174.32294006347655,39.08423881368161,0.01181884837640482,3.6081025034754384,192.9954071044922,167.32167053222656,0.4742838789663635
2024-03-20,173.97494430389506,176.89564514160156,173.35119593354975,176.89564514160156,53423100,0.012848858621625837,0.11101531235721811,42.96268146375353,0.05807612575517118,174.49210777928647,178.80275779174704,174.14225311279296,46.057665118865955,0.012307775090816412,3.646290431713394,192.9954071044922,167.32167053222656,0.8403368168652854
2024-03-21,175.29170540355622,175.7273381457555,169.1433707597941,169.66810607910156,106181300,-0.019488451691503376,0.14377386083566293,28.970657336423436,0.14093921069142867,174.03267904593554,178.44453615595702,173.49870681762695,37.28137874677956,0.014845824064218178,3.9617015434437968,192.9954071044922,167.32167053222656,0.5945413056491335
2024-03-22,170.05425166968308,171.3314491823172,168.37113733503185,170.569091796875,71160100,-0.01404957375245374,0.16685330020122102,35.1442481887022,0.06921705425828772,173.70281359364407,178.1356952006989,172.99179153442384,45.12785528923142,0.014889156053205694,3.7580300584432718,192.9954071044922,167.32167053222656,0.4955244287197984
2024-03-25,168.8760716915293,170.23246134793257,167.76718417070535,169.15328979492188,54288300,-0.018582964291151232,0.18333849474966613,40.23623097427774,0.0011907574633218676,173.26952561281337,177.78344400831548,172.48141174316407,51.43756024483989,0.014904391993175111,3.5706240477342726,192.9954071044922,167.32167053222656,0.3447148042513004
2024-03-26,168.31174106723407,169.71763732680742,167.8959138727621,168.02462768554688,57388400,-0.021927576166406323,0.1944455434435395,40.83947465373431,-0.024499708285874333,172.77001152450228,177.40074532899123,171.84182739257812,51.155519952285715,0.01469884602002453,3.5197050446747573,192.9954071044922,167.32167053222656,0.18688710109887907
2024-03-27,168.7176879462108,171.87601096065072,168.42066417893392,171.58888244628906,60273300,-0.0046690085323269825,0.20536547868899818,43.321719238997225,-0.0027142489789689916,172.6575230408629,177.17282913751274,171.44035568237305,57.42846092710729,0.01567849260588949,3.6363934916320915,192.9954071044922,167.32167053222656,0.33199922882190824
2024-03-28,170.04434616825796,170.51957504542207,168.8166552027259,169.7770233154297,65672700,-0.011415996376307231,0.20548758881760448,38.72789823150805,-0.11709991374693896,172.3831897336788,176.88279753664673,170.9814582824707,51.28818589817235,0.01578848075454232,3.497786634415413,192.9954071044922,167.32167053222656,0.31553343371752574
2024-04-01,169.48991432845702,169.54931605122675,167.79688969325008,168.3414306640625,46240500,-0.016074257269567117,0.19399491542808137,34.199709835174225,-0.10030038425440424,171.99826029847725,176.54784197301598,170.5047393798828,45.23474848973962,0.015826218827022297,3.3810981995418103,192.9954071044922,167.32167053222656,0.22195017423005625
2024-04-02,167.40089107386055,167.65830361021796,166.55932626663449,167.16326904296875,49329500,-0.020446249398078913,0.18701250204993677,34.071301828658335,-0.07724281616293693,171.5377849408098,176.179819505171,170.19484786987306,42.49572817099329,0.01494464269479171,3.294818990828172,192.9954071044922,167.16326904296875,0.10085974878537396
2024-04-03,167.11376514661308,168.98499523543435,166.9058590852198,167.96522521972656,47691700,-0.016612224324056436,0.1814070022713518,41.66414040692345,-0.07132835989971187,171.19754115784949,175.85767855280062,170.17158203125,47.35337306443185,0.013603716332464126,3.2686502565073647,192.9954071044922,167.16326904296875,0.0950127369887177
2024-04-04,168.59883533803097,170.2126525655396,167.14344787597656,167.14344787597656,53704400,-0.01889919157785439,0.17119703726107025,37.172174235283904,-0.10268412717311948,170.81143703576635,175.5159440164546,170.15673065185547,42.23629687219116,0.013583259303368544,3.2629935998858377,192.3230133056641,167.14344787597656,0.05786514106285656
2024-04-05,167.90581505219322,168.69787335368648,167.2721714324497,167.8959197998047,42104800,-0.01356291868736538,0.15847698802913546,38.95945377156077,-0.09017520003817525,170.5337687275795,175.21711953737028,170.18544311523436,44.432344609325874,0.013618876300955762,3.1823730249661475,191.9967041015625,167.14344787597656,0.10337930792193895
2024-04-08,167.35138730592178,167.5196972486415,166.56923932419392,166.7771453857422,37425500,-0.017655401136443892,0.1483697423977988,35.67635160321105,-0.1372116366904047,170.17599507597595,174.88614015887507,170.07257614135742,40.35863843935493,0.013491000722980753,2.917172181771698,190.2662811279297,166.7771453857422,0.0786641463690203
2024-04-09,167.02464767080627,168.39094781013864,166.67813256359855,167.98501586914062,42373800,-0.010433212885366637,0.1401929045394694,33.78100773612575,-0.15432646562761976,169.96733038961068,174.61550783378743,169.92010498046875,37.76257849329361,0.013306470330083335,2.7863412210908995,189.58401489257812,166.7771453857422,0.1595279623317074
2024-04-10,167.12364410431726,167.41075745661644,165.4504251384005,166.11376953125,49709300,-0.018135202007794043,0.13080650551734416,25.264229880692216,-0.16962407730593576,169.60032459357632,174.28210633172714,169.65030899047852,28.63871423743099,0.013471604249729168,2.714208472711493,187.2899932861328,166.11376953125,0.10546198249089622
2024-04-11,166.66823651643443,173.7175391133101,166.49003132152566,173.30169677734375,91070300,0.014208422342430919,0.12939026592932681,41.2525859352492,-0.1714353999622179,169.9528362301256,174.24365889822192,169.84386749267577,57.210265888224846,0.01652349681863608,2.703600987015252,187.2899932861328,166.11376953125,0.5475537737257259
2024-04-12,172.52944039553972,176.58872985356905,172.47994902506244,174.7967071533203,101670900,0.01871139644654159,0.1272363953402975,42.34251141436189,-0.12466751577510427,170.41415727042985,174.26534706508852,170.0196060180664,58.19579556554218,0.016460540500812193,2.785634485673914,187.2899932861328,166.11376953125,0.9128958207107658
2024-04-15,173.6185038309996,174.8758957155582,170.78690583147454,170.9750213623047,73531800,0.0020806297398315563,0.12613680794450127,37.20521688577691,-0.013575903867242722,170.46757289822744,174.1363146845872,170.0230728149414,53.2303354825792,0.01723966450314426,2.8775689326677707,187.2899932861328,166.11376953125,0.8696009782465866
2024-04-16,170.04436539186383,172.0343988146065,166.59892920522176,167.69790649414062,73711200,-0.010098783176671195,0.12403206975785909,33.92698581683953,0.12538034979846446,170.20379514545726,173.88382808888343,169.80822830200196,49.461668114822686,0.017695245421982544,3.1356936580491572,187.2899932861328,166.11376953125,0.6052212848188494
2024-04-17,167.9256004082147,168.9552655008738,166.3315887451172,166.3315887451172,50901200,-0.014477039097399606,0.11956749950771543,28.536125033474153,0.12297944903019542,169.83501358352012,173.5876618401083,169.4082405090332,40.66125944060038,0.017409970195925977,3.0480003352386404,187.2899932861328,166.11376953125,0.33669229676996504
2024-04-18,166.36129252101995,166.96523521407434,164.8959946340493,165.38111877441406,43122900,-0.017264630195599855,0.11321261943626514,30.44409595480992,0.1088126600509578,169.41083312551,173.26583662184578,168.83251419067383,41.9448731713864,0.01695894130505691,2.9977870021287765,187.2899932861328,165.38111877441406,0.10541038838036698
2024-04-19,164.55936395716853,164.74746436429578,162.45051229612085,163.3613739013672,68149400,-0.02730436583932538,0.1150013115039924,34.58776304594867,0.10053129231021196,168.83469415178212,172.8774263190819,168.5171775817871,41.06572980466165,0.014668184401424863,3.0656779204226052,186.9745330810547,163.3613739013672,-0.158880470105484
2024-04-22,163.8762247169617,165.59893510418706,163.13367296874276,164.1930389404297,48116400,-0.021088414063700177,0.1167369161855892,37.71694600801039,0.08232851222162685,168.39263175070093,172.53686210815437,168.19837493896483,44.60429700385018,0.014662676531962519,3.114474901709483,186.9745330810547,163.3613739013672,-0.24767369559337782
2024-04-23,163.70794332424896,165.39105789202225,163.2822057253187,165.24253845214844,49537800,-0.01436460872763007,0.11834492639708344,38.20697745734194,-0.006089939201905037,168.0926228651245,172.2508102000757,168.00283737182616,45.098069380968965,0.014688000394235332,3.1165974743158387,185.2914276123047,163.3613739013672,-0.20734753147297647
2024-04-24,164.8860792640679,167.61867928406764,164.55936979904956,167.34146118164062,48251800,-0.0033824360874845642,0.1192981976863494,42.09650264621319,0.02227373073672667,168.02108365717365,172.05828670915668,167.96867904663085,50.34082964190958,0.014935705319928182,3.1158906739911987,183.2023773193359,163.3613739013672,-0.02076147448274246
2024-04-25,167.84640961058278,168.9156860278579,166.4801094484109,168.2028350830078,50558300,0.0008665393369616638,0.12172809493493526,44.740640598129524,0.06039222804810773,168.0383933167769,171.90709252773908,167.79937667846679,50.52630367046702,0.014140026824499392,3.178830038400991,182.53903198242188,163.3613739013672,0.16878614493581168
2024-04-26,168.1929553099538,169.63844783702467,167.49989480565932,167.61871337890625,44838400,-0.0020298342185128674,0.1241406835810221,46.22407251442129,0.055825503937610765,167.99842379888446,171.73892079641232,167.69146118164062,51.47009198570237,0.013973099589535777,3.2368209352406034,182.53903198242188,163.3613739013672,0.2576207645209281
2024-04-29,171.64824848286057,174.2818355072499,171.38094074443055,171.77696228027344,68169400,0.017200836919788094,0.1232465979946217,47.44086063350529,0.1528152890139327,168.3582846066358,171.74041261930884,167.86323776245118,56.00497972395976,0.01492921789183943,3.590414283940857,182.53903198242188,163.3613739013672,0.5807334125595323
2024-04-30,171.60868084411632,173.2521991943247,168.31174889120035,168.6384735107422,65934800,0.0012437433034936224,0.12330121856906306,44.48208783359953,0.20716949405855334,168.38496926416974,171.61876794838466,167.93699798583984,53.84387714944563,0.015455164141366537,3.7622613962540163,182.53903198242188,163.3613739013672,0.5667645306199978
2024-05-01,167.8959315377214,170.99485287185942,167.43059781958385,167.61871337890625,50383100,-0.0034314707480466197,0.12153005613197361,32.77899368031082,0.11484163200019992,168.31199251319225,171.4619030633071,167.91967239379883,39.34670630044325,0.0154885664969066,3.4737246441265506,182.53903198242188,163.3613739013672,0.4761722888297122
2024-05-02,170.79682058773386,171.69778712393833,169.19291342760516,171.31166076660156,94214900,0.012977239073903732,0.11930395282864725,35.442691545576636,0.0921007627507302,168.59767520399313,171.45601120853433,168.1280830383301,43.96431802998656,0.01619408978653802,3.471602709592655,182.53903198242188,163.3613739013672,0.6419716957237682
2024-05-03,184.7963988764884,185.14292911827533,180.84603267784937,181.5588836669922,163224100,0.0440649523185989,0.13736499575847988,41.476311613242956,0.2875224877653504,169.83207600999305,171.8522022853366,168.81123123168945,64.99304844644882,0.020821887643168897,4.16747974299195,181.5588836669922,163.3613739013672,1.3765963098870657
2024-05-06,180.53910014061185,182.3707188474722,178.62825898838415,179.90545654296875,78569700,0.03452501354446208,0.1476114938160511,44.07678855421236,0.12704277420378918,170.79144558456215,172.16801617779277,169.46764678955077,68.12703977175401,0.020895533655514338,4.046550475113615,181.5588836669922,163.3613739013672,1.6666300838903818
2024-05-07,181.6281680754234,183.06376520709568,179.51933122687228,180.58859252929688,77305800,0.03399118186271425,0.15132755886193103,47.15529157670449,0.0930444259892047,171.7245071983464,172.4982348582439,170.0978256225586,71.60870484266889,0.02088158703704337,4.112318848289815,181.5588836669922,163.3613739013672,1.8081142947253166
2024-05-08,181.03415540635305,181.25197183429347,179.64804949152685,180.9252471923828,45057100,0.032721837936909894,0.15053714684928982,50.210154440441706,0.1742674648204443,172.60076815015938,172.8287059301709,170.83839950561523,74.00621753257465,0.02059148674676222,4.079081831342784,181.5588836669922,163.3613739013672,1.8228409942987032
2024-05-09,180.74701199258516,182.82616313989396,180.3014839202349,182.737060546875,48983000,0.04038234352834503,0.1496940143412094,61.23054528328811,0.16663321409547294,173.56612933079896,173.21726885631617,171.3101676940918,80.11707141213833,0.01853385061779927,4.050087027154632,182.737060546875,163.3613739013672,1.847333101685082
2024-05-10,183.3120385724197,183.50040923773955,180.5658387363955,181.4779357910156,50759500,0.03174490949486981,0.14909567260748294,59.15019721409544,-0.020125038362252434,174.31963470796245,173.54121657924557,171.64422912597655,76.51485467403882,0.0186023907720259,4.083609053290327,182.737060546875,163.3613739013672,1.6764715190137405
2024-05-13,183.84743912898392,185.49318663872077,183.0344740478803,184.6802215576172,72044800,0.04332117164569656,0.14724917099731744,63.16929902829169,0.04280928005206919,175.30635726507242,173.9780403038876,172.3294891357422,77.96987898370548,0.01801921319974138,4.219780387647587,184.6802215576172,163.3613739013672,1.6730186537109337
2024-05-14,185.89964252722956,186.68286641073877,184.6901187820661,185.82032775878903,52393600,0.04638681229563223,0.1454738332016411,66.49599190087898,0.007777970386612543,176.30768778828352,174.4424437334916,173.2356101989746,77.34473398161191,0.017174546507129105,4.144304342512123,185.82032775878903,163.3613739013672,1.639258703946763
2024-05-15,186.2962448244031,189.0127042016136,185.7608738375932,188.0906982421875,70400000,0.05286861322872513,0.1453162161498979,68.85374758366005,0.030282881793503025,177.4298792600839,174.97766940049928,174.3235656738281,78.2516450869352,0.016938582041262067,4.202608184267364,188.0906982421875,163.3613739013672,1.6566672369543176
2024-05-16,188.83421956137332,189.458813878606,188.03117836935675,188.20962524414065,52845200,0.049074814164001467,0.1471850541078369,71.5140061470918,0.025120777262882088,178.45652173475597,175.49656962966168,175.46499099731446,79.64212755301526,0.01676018129393047,4.151828361259072,188.20962524414065,163.3613739013672,1.564158623034539
2024-05-17,187.8824709799172,189.1713095252472,187.55530322495105,188.2393798828125,41282900,0.046111253347454056,0.15242408686664963,71.86271993134842,-0.07157613808004193,179.38822251076135,175.99628767880486,176.70889129638672,76.89584252604493,0.016249191160905067,3.791320087827109,188.2393798828125,163.3613739013672,1.3983497194742611
2024-05-20,187.70400151197455,190.27175449259957,187.38674246856843,189.39930725097656,44361300,0.04733440902275437,0.1577058756697313,81.29831713047801,-0.13632873441463833,180.34165915268662,176.52189628947826,177.96920471191407,86.26288514166852,0.016243516525152643,3.6445030678918795,189.39930725097656,163.3613739013672,1.2642274525796267
2024-05-21,189.44891605266244,191.07483113273048,189.2803778274553,190.69810485839844,42309400,0.049064024451061,0.16300029861151902,85.38003578702181,-0.1511027263843956,181.32798731513537,177.07782603727907,179.24198303222656,89.92353315367004,0.0162424971226375,3.518088657391851,190.69810485839844,163.3613739013672,1.1629776106838743
2024-05-22,190.6187885434668,191.1640681663492,188.63596455316463,189.2605438232422,34648500,0.03708274472744242,0.167561380021137,78.72225520613692,-0.18924036523295518,182.083468887336,177.5555796759443,180.33793716430665,83.67632879008923,0.016517222077958364,3.4073050765456014,190.69810485839844,163.3613739013672,0.9103605747948045
2024-05-23,189.3398501117122,189.35968258649532,185.02721720275105,185.2750701904297,51005900,0.014090528514788073,0.167752971672611,52.61011014921814,-0.3427427839436529,182.38743091620208,177.8583047941594,181.19154891967773,59.1139475460779,0.017616313399115884,2.7288191502649233,190.69810485839844,163.3613739013672,0.41143539114076155
2024-05-24,187.19839293954828,188.94327235106317,186.4250777783575,188.34841918945312,36327000,0.02635781052054646,0.16757142767862812,62.01528467742993,-0.28164466047295744,182.95514408508313,178.26968182926896,182.22803421020507,69.3581273501534,0.017680114058872928,2.7235150289467396,190.69810485839844,163.3613739013672,0.2338233399971088
2024-05-28,189.8652878598297,191.34249703943843,187.47599667367737,188.3583526611328,52280100,0.024743682609194777,0.17087658703327108,63.50163997574717,-0.24639389249861432,183.46973537804024,178.66531597953815,183.05710372924804,68.3820646723603,0.017152227957428774,2.7465197707708575,190.69810485839844,163.3613739013672,0.07088189970483505
2024-05-29,187.9816393040112,190.59896650948673,187.88249204796583,188.65579223632812,53068000,0.025076307015452118,0.1773047202913298,67.17269294496188,-0.19672638911028362,183.96364555502004,179.05709936215737,184.05796966552734,68.32328732640704,0.01630302122685183,2.8259877792533064,190.69810485839844,163.3613739013672,-0.05613621270233171
2024-05-30,189.12170872016603,190.52951165486795,188.99283547357803,189.64715576171875,49889100,0.02795119418705248,0.18411965168480432,67.23580168309643,-0.18425541941203638,184.5049322413723,179.47239569155195,185.15939178466797,67.04141780261062,0.01606684591840513,2.779490650601931,190.69810485839844,163.3613739013672,-0.10956722864924995
2024-05-31,189.79589676882185,190.9161970579539,188.2790377703441,190.59893798828125,75158300,0.030827262970885106,0.1916848058354327,75.3772612607669,0.010784093995483524,185.08531374107793,179.90873068358056,186.12375564575194,72.84010998332525,0.01563537501735387,2.758246992478056,190.69810485839844,163.3613739013672,-0.11635059615215049
2024-06-03,191.24336235629545,193.31542486412093,190.86663609575575,192.36366271972656,50080500,0.06250482321128083,0.21814504450440692,124.72794370390604,-0.021309554375537276,185.77848983428257,180.3971593908804,186.66399459838868,70.73298472433812,0.0091105894764705,2.665478137344806,192.36366271972656,163.3613739013672,-0.04139524796836902
2024-06-04,192.96841099700256,193.64257895328527,191.37223723797064,192.680908203125,47471400,0.06159431507725349,0.23564244818410401,127.56287679901901,-0.022545051247277903,186.43586301226756,180.87887503057627,187.3027671813965,69.37289247110758,0.00866917473552249,2.6845993417871665,192.680908203125,163.3613739013672,-0.011417335435239373
2024-06-05,193.72190135445055,195.20901937445225,193.19645419760303,194.1878662109375,54156800,0.06794161486424061,0.2432442772599884,123.28130066716757,-0.0683239562934932,187.1741490311885,181.40079625333553,187.98273086547852,67.99292502107363,0.008723642797058647,2.6329051137376576,194.1878662109375,163.3613739013672,0.0647487964183151
2024-06-06,194.0094143560484,194.8124556459051,192.5024638984892,192.8097991943359,41181800,0.047159293688594776,0.24309333754935566,108.74360649830838,-0.03006309492814674,187.71087761815494,181.84820813337475,188.57695846557618,62.63618995884841,0.009045600151623975,2.695930559320989,194.1878662109375,163.3613739013672,-0.018391077880891338
2024-06-07,192.97832848334124,195.24867030234284,192.4727138388465,195.1990966796875,53103900,0.061169390722985696,0.24858416068820563,113.8513591434248,0.007445725486030508,188.4240413383009,182.3717723900929,189.2000602722168,66.92380074594851,0.009154501786410611,2.778784142406717,195.1990966796875,163.3613739013672,0.043443777277321516
2024-06-10,195.20899197297103,195.60556579928584,190.49978557066368,191.46145629882812,97010200,0.02202467148653406,0.24487700540688348,82.36038098336084,0.10202008471948099,188.7133189535892,182.72823058259232,189.69923629760743,54.455881024399275,0.010223602350877627,2.9374104427346475,195.1990966796875,163.3613739013672,-0.19820137918621583
2024-06-11,191.9869108572612,205.38089548057215,191.96709351098235,205.3709716796875,172373300,0.06643243565708241,0.24232517512633478,59.15487793299238,0.4167778421454893,190.2997620703605,183.61618121385095,190.73377380371093,70.52129060345247,0.01849715725200946,3.803480862482423,205.3709716796875,163.3613739013672,0.5092575056265893
2024-06-12,205.58909768640683,218.3089152196564,205.1231328450552,211.2401580810547,198134300,0.08003262877347815,0.24618126637434232,62.831096875351705,0.7337288789245249,192.2940854999504,184.69947442432954,192.00476531982423,77.35009110013569,0.019206162161077837,4.564743631155038,211.2401580810547,163.3613739013672,1.2602345398841495
2024-06-13,212.8958066808934,214.888539245905,209.7827737762817,212.4001007080078,97862700,0.07680683423620739,0.2504152815598917,70.76983915627387,0.713686332016868,194.20894409119396,185.78577349427772,193.22023544311523,86.30569007659524,0.019161474823385653,4.619979351574969,212.4001007080078,163.3613739013672,1.695715184593948
2024-06-14,212.01346682824212,213.3221228300664,209.48536314811375,210.66514587402344,70122700,0.06205889673603928,0.2556992905370792,66.08111772280492,0.666922991187983,195.7762014038444,186.76143515622854,194.34301147460937,80.97991975357539,0.019397236884707614,4.632019174526339,212.4001007080078,163.3613739013672,1.7220097186602947
2024-06-17,211.5375569916551,217.06963733267017,210.8931452933454,214.80921936035156,93728300,0.07096005095345861,0.2621303513888666,67.52885018055416,0.6386216180632043,197.5888697806546,187.8613482622726,195.67150344848633,82.93826057017249,0.01958701259563351,4.813304252589601,214.80921936035156,163.3613739013672,1.861716967346858
2024-06-18,215.72132373307377,216.75240063817128,211.1707464886947,212.4496612548828,79943300,0.05434757054934861,0.2691499228527271,62.88892290940713,0.31930726774088636,199.00418325439063,188.82559583061027,196.82402114868165,78.18223156074495,0.019987594338790757,5.017959944586435,214.80921936035156,163.3613739013672,1.6458956194820926
2024-06-20,212.0927425591543,212.4000929584359,207.05638337080816,207.87924194335935,86172500,0.031193578551430397,0.27830023607331883,54.27285407102331,0.15435989479777068,199.84942693905433,189.57279763895338,197.68307800292968,69.90690790153249,0.020904982241707715,5.269356977838923,214.80921936035156,163.3613739013672,1.0737062204726406
2024-06-21,208.58314195009936,210.0702597495804,205.3313122387871,205.7080535888672,241805100,0.02062800637710664,0.28620057325576714,51.52756889202109,0.17305388090507212,200.40739138189366,190.20555277424413,198.50545349121094,66.06916066028589,0.0210031120426028,5.419484708066316,214.80921936035156,163.3613739013672,0.4588134657682046
2024-06-24,205.93610206103617,210.87332959032133,204.8158016590104,206.3524932861328,80727000,0.02186427683311275,0.2896266151513756,53.29669284614788,0.22152570716018793,200.97359156324978,190.83876612765152,199.5593246459961,65.24087232054686,0.02013990557433382,5.658130497742836,214.80921936035156,163.3613739013672,0.028029845025095312
2024-06-25,207.35378999494392,209.56464939365068,206.8184342324815,207.2744903564453,55549700,0.023396129453933635,0.2924304136880674,54.345029349302415,0.18949533498707516,201.57367716260174,191.48330433270226,200.5056282043457,65.69295589488596,0.019973188104707586,5.725402954328781,214.80921936035156,163.3613739013672,-0.24712617066560938
2024-06-26,209.6835932133486,213.01473742695407,208.8309784703501,211.41856384277344,66213200,0.03608843992334517,0.29623455156165845,55.4110655991012,0.18670561315780398,202.5112854178562,192.26507921545016,201.65863876342775,67.53426712284735,0.02021040321454515,5.954841232841746,214.80921936035156,163.3613739013672,-0.20412504545738575
2024-06-27,212.8462208878068,213.8872063968936,210.52632069800987,212.26129150390625,49772700,0.03572066077045408,0.30002503443308237,57.67535017509365,0.14433414017643842,203.43985742605142,193.04924440323276,202.83891372680665,70.01222925696669,0.020189972898768546,6.02990508651802,214.80921936035156,163.3613739013672,-0.17418231385052962
2024-06-28,213.91695291908772,214.21437951883613,208.4939285392998,208.81117248535156,82542700,0.019130373570719218,0.3045156675984523,51.145910369160696,0.15144270341608612,203.95141124122287,193.66735922998254,203.79711456298827,63.705316965057996,0.020800996162517654,6.240226123378018,214.80921936035156,163.3613739013672,-0.4275564273370662
2024-07-01,210.26855134899324,215.64200216221636,210.10001313722785,214.88853454589844,60402900,0.03772241405366106,0.30942756215859774,56.67561965869952,0.12465485616639005,204.99304203214436,194.49956218354788,205.01159439086913,72.52622846768469,0.021486549302399155,6.363443941109635,214.88853454589844,163.3613739013672,-0.23622968874001415
2024-07-02,214.2936836981781,218.4873670751859,213.25271326862932,218.37831115722656,58046200,0.046027492653701256,0.292608203369921,51.45946902289213,0.003091341239847889,206.26782956786647,195.43598371192743,206.31232681274415,65.6414095542161,0.021594786700608305,5.743102128596244,218.37831115722656,164.1930389404297,0.05920202181347012
2024-07-03,218.1106471909744,219.6473388671875,217.14897630904895,219.6473388671875,37369800,0.0461621246396561,0.2670024866912517,48.56847674072822,-0.16375352353894523,207.5420685487542,196.38544861997684,207.66064834594727,61.3673040508785,0.021564818936184626,4.979714998848913,219.6473388671875,165.24253845214844,0.262539753301855
2024-07-05,219.7464397478406,224.5052198536283,219.7464397478406,224.3961639404297,60412400,0.05750846596037797,0.23403832636742067,51.09967487271807,-0.17709998861670362,209.14722049081854,197.48390804430832,209.1710632324219,64.78493248580133,0.021818913794486482,4.962008964335875,224.3961639404297,167.34146118164062,0.6189696200641635
2024-07-08,225.13972278278513,225.89320550199056,221.3327047505454,225.86346435546875,59085900,0.05775158930767643,0.19222880787903782,55.408770746123274,-0.1965507890441882,210.7392437160233,198.59683182121657,210.82374649047853,68.85605902560201,0.02155097314881051,5.013704755013912,225.86346435546875,167.61871337890625,0.8418400343251617
2024-07-09,225.9725055332989,227.42988222637769,224.4259054004998,226.716064453125,48076100,0.05527711007219795,0.13246736366681397,53.64158251971972,-0.25027848177423195,212.26084569098538,199.69954682638945,212.39959487915038,66.08623805324294,0.02154801391393016,4.77081085267328,226.716064453125,167.61871337890625,0.9281672739151317
2024-07-10,227.3307677065015,231.0783037422216,227.28119408246096,230.97915649414065,62627700,0.06733133519659389,0.03076809061297438,62.80976486674038,-0.18446343346459304,214.04354195795256,200.9261981859091,214.375479888916,73.80890667747892,0.0207115678221442,4.683709791217568,230.97915649414065,167.61871337890625,1.1399206276818594
2024-07-11,229.40280147827104,230.39421338925845,223.83107137940016,225.61561584472656,64710600,0.054035601872379435,0.08123942746521462,80.31803159266353,-0.03427140590411404,215.14564423288343,201.89441064311762,215.38771209716796,72.33458753958706,0.0158905087949881,4.809053164836557,230.97915649414065,167.61871337890625,0.802240860769972
2024-07-12,226.9540370030468,230.64209091466597,226.71609267309665,228.56011962890625,53046500,0.06582391277536594,0.11608471270278597,91.81953134585552,-0.026686392075249032,216.42321331821893,202.9401247209917,216.25371017456055,78.2267947348839,0.015024965573856236,4.829590847632708,230.97915649414065,167.61871337890625,0.6662603069229487
2024-07-15,234.44908623752588,235.1926451763578,231.08820043911544,232.3869476318359,62631300,0.07642146300466798,0.13827420738759422,92.03828410952757,-0.028530329581613167,217.94356896713484,204.0949020900444,217.25305252075196,79.81378463405201,0.01528989678357452,4.8706621059284645,232.3869476318359,171.31166076660156,0.7186185659520437
2024-07-16,232.98182214446476,234.2409196318231,230.3347538954296,232.80337524414065,43234300,0.07189345718992082,0.1566949369435931,93.34395203883062,0.03132032985959077,219.35878861256396,205.22072456667564,218.3599639892578,79.57730568171169,0.015011188800123327,4.920234222276723,232.80337524414065,179.90545654296875,0.666997575020595
2024-07-17,227.4794799069808,229.47222770464353,224.6936146131452,226.9143829345703,57345900,0.03389636309082546,0.16565510812734907,73.39310746430351,0.08663547011948047,220.07836902418362,206.0714562673774,218.96522216796876,67.25549166734629,0.016048085910568003,5.0894851908829155,232.80337524414065,179.90545654296875,0.14899307107432946
2024-07-18,228.3023493485251,228.46097889584823,220.36114484151935,222.25473022460935,66034600,0.009376169557432198,0.16992535349947246,63.204727728170575,0.12870066433765825,220.28564151946225,206.70609446177866,219.4554756164551,60.25640302857749,0.016614056012564864,5.427981501986141,232.80337524414065,180.58859252929688,-0.5560629354823501
2024-07-19,222.88925101284036,224.85224251867805,221.36246807560823,222.3836212158203,49151500,0.009530510957451766,0.17377659945886073,71.90032373031035,0.09090969191512488,220.48544910959157,207.3208994325254,220.18069458007812,64.948677803898,0.015647497028368016,5.2686474636671035,232.80337524414065,180.9252471923828,-1.0345379471644085
2024-07-22,225.06043082550624,225.82382229500527,221.17409763275575,222.03663635253903,48201800,0.007132937199861449,0.1763585697138038,66.17108387529744,0.04972468570837352,220.63318122796753,207.89798715487888,220.99712371826172,59.0102631963624,0.015354323214772146,5.112854248337442,232.80337524414065,181.4779357910156,-1.3739252941613813
2024-07-23,222.4430727025388,224.9910084270489,220.76758424988336,223.07757568359375,39960300,0.011187174865754561,0.1794173201087997,62.9149825417895,0.024468212854990457,220.86598069993192,208.4932651363971,221.83337783813477,56.313227908898874,0.015353965559992088,5.040623560523798,232.80337524414065,181.4779357910156,-1.516638408668542
2024-07-24,222.07627816799848,222.86941075843336,215.26528287042115,216.6631622314453,61777600,-0.017361166419306396,0.1779111055503335,46.78332047407233,0.06497804866815193,220.46571227436178,208.81365325777153,222.30281143188478,46.47784948389964,0.017010313057716556,5.420190007311945,232.80337524414065,184.6802215576172,-2.0009251390222076
2024-07-25,217.04978217666016,218.9533061807155,212.77679965909303,215.6221618652344,51391200,-0.02056646893636059,0.17583376999384698,39.90735892629248,0.015916790343049714,220.0044217592068,209.0806535953191,222.51299133300782,38.65093228016376,0.01655467767286243,5.514377545539206,232.80337524414065,185.2750701904297,-2.326437300747699
2024-07-26,216.82176985722597,217.60499369491455,214.15486954444728,216.088134765625,41601300,-0.016656797606577463,0.17303101224323875,38.22147987419432,0.03158637366879513,219.63144204553234,209.35545677846835,222.70433349609374,37.01947819856859,0.01654304747312841,5.435064931183642,232.80337524414065,185.2750701904297,-2.433894818922159
2024-07-29,215.09674706599597,217.41664743865044,213.8971319294418,216.36575317382812,36311800,-0.014333985967391263,0.16801905788703486,38.34916721799253,0.07022200459350691,219.32042405775098,209.6303703626001,223.0820625305176,36.0428395061729,0.01603601867763291,5.471889122850125,232.80337524414065,185.2750701904297,-2.405519815313747
2024-07-30,217.3075942808937,218.43780333279796,214.26395224147615,216.9209442138672,41643800,-0.011465950087062748,0.16132975572058636,33.483457580710805,0.08288840804486752,219.09190216785728,209.91627521951256,223.183683013916,28.936455846573367,0.014709686689539935,5.458432823009068,232.80337524414065,185.2750701904297,-2.2702983799924894
2024-07-31,219.53827220377053,221.89783756706777,218.7352309170003,220.1727752685547,50036300,0.005176554606682746,0.1518891890345066,47.91256230279069,-0.02155686608209928,219.1948424631618,210.3184909077103,223.2734062194824,41.29403116070151,0.014642169436217437,5.303347697184789,232.80337524414065,185.2750701904297,-1.897928467181106
2024-08-01,222.44310665442717,222.5521625800544,215.15623749650504,216.48472595214844,62501000,-0.012604122618336959,0.13900911133113367,35.03819545394928,-0.007577177744141128,218.93673612877956,210.56030404670787,223.11527557373046,31.13384366350637,0.015075120107246124,5.472594126728355,232.80337524414065,185.2750701904297,-1.8349999187191681
2024-08-02,217.26793834308685,223.66255798049997,215.8403177402066,217.9718475341797,105568600,-0.0047318658692136455,0.12291018871817716,30.487612493882043,0.022540451312567544,218.8448419769129,210.85095281092245,222.79405975341797,25.70195473251046,0.014269248094704383,5.5575737476456295,232.80337524414065,185.2750701904297,-1.6348723884583864
2024-08-05,197.3801970311264,211.66644653820467,194.31673780556497,207.4727783203125,119548600,-0.045639843996805846,0.10429904733230674,17.51662257659512,0.2734564695644546,217.7617882953319,210.71847537991815,221.87452545166016,18.134188889946813,0.017544168310434417,6.9682126042328605,232.80337524414065,185.2750701904297,-2.120446700016427
2024-08-06,203.5368691310161,208.18659343179937,199.343200967242,205.4502868652344,69660500,-0.04983623139248572,0.08205692484030758,19.46625041870378,0.2861960759990554,216.58926434960833,210.51187975189134,220.8112365722656,20.088407620883288,0.01748562829405434,7.02061487805871,232.80337524414065,188.34841918945312,-2.4645627173026448
2024-08-07,205.12313014700663,211.80525225793107,204.61751548926864,208.01806640625,63516400,-0.03560696109234489,0.06190657239199343,28.663816118828198,0.3115234883867588,215.7729597835742,210.4140831501015,219.6631820678711,28.931963683134285,0.017090693409272887,6.9554650719396784,232.80337524414065,188.3583526611328,-2.4034186777677657
2024-08-08,211.27980900719393,212.36044444161047,207.0365669160157,211.47808837890625,47161100,-0.017776010212355718,0.0650482238145126,34.78711966902658,0.29490188215613844,215.36392441170108,210.45580884534874,218.95630569458007,35.30983553790453,0.017187434844415605,7.086472434977176,232.80337524414065,188.65579223632812,-2.0290520525229727
2024-08-09,210.2784745623819,214.91827509282652,210.1495861717322,214.38291931152344,42201600,-0.004058300506856358,0.0653528380217583,39.72083955432053,0.2766308112498155,215.2704953545413,210.6098131773556,218.24744567871093,40.354807347663375,0.017221929397890804,7.0949698820375176,232.80337524414065,189.64715576171875,-1.5087948708770127
2024-08-12,214.4623401059105,217.8767320905019,213.9958359256548,215.91146850585935,38028100,0.0027248115832720523,0.06426968771202991,41.561297090469296,0.014679659909966558,215.33154041657158,210.81772122945378,217.4236717224121,41.078929132613766,0.016768505116662613,7.070503595443341,232.80337524414065,190.59893798828125,-1.0087612925781297
2024-08-13,217.38044783379533,220.23902400333975,217.38044783379533,219.62364196777344,44155300,0.017617840002791676,0.0630181613283722,52.80583570532332,-0.02834809975136099,215.7403119928765,211.16305145448592,216.76468505859376,53.951341905999385,0.017368857607172206,6.821593787179613,232.80337524414065,191.46145629882812,-0.4059630930520379
2024-08-14,218.92887503482297,221.37056313371255,218.06533789669703,220.0703125,41960600,0.018770040970998027,0.0625839737320312,58.028947513832776,-0.048733305621302736,216.15269299355495,211.51235580921198,216.42248153686523,56.03263883715345,0.016559087723809623,6.616502266850546,232.80337524414065,191.46145629882812,0.022174806326346906
2024-08-15,222.9288560878089,223.67327566716008,221.1025352094067,223.04795837402344,46414000,0.03066107174653899,0.06266475934318996,62.69463379175015,-0.06477878799611725,216.80938493455196,211.96473238038107,216.46214294433594,58.83696374496513,0.01623587064020039,6.6274193394714604,232.80337524414065,191.46145629882812,0.4798657097791869
2024-08-16,222.2539159800548,225.1422676891868,221.98592068094572,224.3680725097656,44340200,0.033691906288990506,0.061794487066147666,64.19173508514316,-0.06955507323962107,217.52925994171517,212.45113787565106,216.5613655090332,59.89858312325928,0.01628443281589948,6.601478732259492,232.80337524414065,191.46145629882812,0.8252134359314909
2024-08-19,224.04054098731652,224.30853630427512,221.38047353975193,224.2092742919922,40687800,0.029943388164067438,0.060476594031787616,63.88474292302007,-0.07831933752496456,218.1654517845987,212.91224126452718,216.66999740600585,59.10468882477449,0.016279671423411593,6.516746437880339,232.80337524414065,191.46145629882812,0.9857813767994481
2024-08-20,224.09014645304697,225.4797235950926,223.772520166148,224.8246307373047,30299000,0.030040384384670434,0.059533254069023905,61.33314797104276,-0.07892534302102938,218.79965930390404,213.3793937928714,216.7573501586914,56.22094238102703,0.016259866887343103,6.283197157576339,232.80337524414065,191.46145629882812,1.0692736381151435
2024-08-21,224.8345868015738,226.28371522001356,223.375523094966,224.71546936035156,34765500,0.02951472881067764,0.06543106499268231,75.20549059491475,-0.09882222314481914,219.36306978547046,213.82394577590986,217.15996551513672,62.17213251627664,0.0147389222091174,5.962644803397639,232.80337524414065,205.3709716796875,1.0514054286646184
2024-08-22,226.09511339685903,226.64102413052152,222.2340576918725,222.859375,43695300,0.017225286383322432,0.06980494436944117,68.36926428725396,-0.1371156129129404,219.69605123447326,214.17827633371732,217.521826171875,57.14994917272303,0.014841917413646603,5.718696674708757,232.80337524414065,205.4502868652344,0.8570615733857685
2024-08-23,223.98097823318813,226.52192810531065,222.66087229355688,225.15219116210935,38677300,0.0264710417221184,0.07255246517523677,99.23365244987204,-0.34789827321403166,220.21568360853385,214.60862593483074,217.97502899169922,84.03486447012997,0.014964269581535,4.30483568064726,232.80337524414065,205.4502868652344,0.8251143884753143
2024-08-26,225.07276614784877,225.58890128123517,222.22412549030665,225.48963928222656,30602200,0.025408631559258682,0.07494115663009093,107.2513044350293,-0.3994693585902167,220.7179651012665,215.03533234061098,218.43122329711915,91.25452424227393,0.014963683595962445,3.9135059182452006,232.80337524414065,205.4502868652344,0.7699613916902428
2024-08-27,224.31846403822652,227.147264886192,223.21672230373292,226.33335876464844,35934600,0.026845213632815487,0.07537803158397607,105.90184121778906,-0.41417576142412715,221.25276449777905,215.47839220037716,218.9018440246582,90.58628606594249,0.014967607027559737,3.6808491906592473,232.80337524414065,205.4502868652344,0.7337088106621517
2024-08-28,226.2241624042973,228.149730282918,224.00082364270057,224.8048095703125,38052200,0.017075116246654455,0.07602388372387675,96.89106298539481,-0.39675717446778347,221.591054504687,215.8441340580217,219.1334457397461,82.29635524289762,0.014780801662936677,3.5969226988465794,232.80337524414065,205.4502868652344,0.5581381485786217
2024-08-29,228.3879521456165,231.1869621230462,227.1770283167567,228.0802459716797,51906300,0.031638723945150805,0.07844596362797067,98.91949689736803,-0.3508713064772597,222.20907273963869,216.32398158404752,219.71322174072264,82.60874935157976,0.014440007810542554,3.7121701011065347,232.80337524414065,205.4502868652344,0.6097563445436212
2024-08-30,228.4772755570311,228.68570457235603,225.78743262658827,227.2961273193359,52990800,0.02451709037241247,0.07844799892162725,92.64489363636633,-0.15397870509682565,222.6935541281813,216.7542618089608,220.17943572998047,78.09902571113295,0.014467773232875148,3.641982656886583,232.80337524414065,205.4502868652344,0.5406051265090537
2024-09-03,226.84946493362216,227.29611365629745,219.52437135882835,221.1124725341797,50190600,-0.009946444537718402,0.09636819352299293,82.43609138177924,-0.00651818167746665,222.54297492875256,216.92517203347919,220.86142044067384,53.275094219545316,0.010961560775314797,3.887996975674237,232.80337524414065,205.4502868652344,0.05356507045661685
2024-09-04,220.01074262314265,220.12984491677884,215.8618360334932,219.2067718505859,43840200,-0.020917951527962355,0.10768251612436165,74.25193777907458,0.09402877284360311,222.22524130226049,217.01464653611083,221.54924468994142,48.21498525445909,0.010893788442875646,4.026954923079306,232.80337524414065,205.4502868652344,-0.39698121782923623
2024-09-05,219.9809527371486,223.80229748015876,219.87177059333376,220.72537231445312,36615400,-0.009460708708092671,0.11650684049066382,69.5036766404775,0.13926614078671418,222.08239663675502,217.16016519408504,222.18460998535156,44.890826762799534,0.010716059378501515,4.097852241823075,232.80337524414065,205.4502868652344,-0.5815998386207757
2024-09-06,222.2837029728863,223.5641132436583,218.13481142105056,219.177001953125,48423000,-0.018618930909232487,0.122345079771015,60.79044826144545,0.1476322585177563,221.8056923811712,217.23925683169446,222.5695556640625,38.69433271034008,0.010436384611014291,4.26020615713498,232.80337524414065,205.4502868652344,-0.7842634655153693
2024-09-09,219.17698492990527,219.62363365317324,215.0975649862482,219.2663116455078,67180000,-0.016699215878649164,0.1261882123437399,63.13077661359544,0.19992247670596175,221.56384659682232,217.3187491773342,222.81372528076173,39.20200531996456,0.010055483066849075,4.370096849771508,232.80337524414065,205.4502868652344,-0.8813129802512236
2024-09-10,217.29112653781655,219.83207646515768,215.1174187834135,218.47227478027344,51591000,-0.02018216684942415,0.1284528170929473,57.8431141505339,0.17924860522574626,221.26941118572242,217.3639854754887,222.94176559448243,36.23065117878975,0.010007645422022973,4.584915010685764,232.80337524414065,205.4502868652344,-0.9614425427373705
2024-09-11,219.8122123833057,221.43007391385896,216.2687680395375,221.00328063964844,44587100,-0.001786350908907025,0.12635351056461797,70.116538077418,0.17852118976128128,221.24406541942966,217.50670293290673,223.01074752807617,42.71801766961721,0.00958918285367172,4.745851707062473,232.80337524414065,205.4502868652344,-0.8123787020607645
2024-09-12,220.8444772424724,221.88666769221828,218.18442519080247,221.1124725341797,37455600,-0.000870583296223548,0.1252291488976177,74.93231993219077,0.14584763087636854,221.23153276369158,217.64810566236844,223.06285552978517,46.3210649679007,0.009581190363444132,4.695514282974386,232.80337524414065,205.4502868652344,-0.6801779833884514
2024-09-13,221.9164638014437,222.37303270856336,220.25889118684435,220.8444976806641,36766600,-0.002664244353745562,0.12530455449396377,67.45533472949691,0.07289049455364838,221.19467227959373,217.77345436896826,222.9526824951172,40.08226225414612,0.0090611165865403,4.570734690829046,232.80337524414065,205.4502868652344,-0.5879965605396289
2024-09-16,214.9288136198369,215.6037619118882,212.3283127438496,214.71046447753903,59357400,-0.037071278649844025,0.11856229555682259,42.38783548580633,0.13011053455759902,220.57712867939804,217.65333711832398,222.46980209350585,30.41126081309362,0.010782178926298874,4.938692486963758,232.80337524414065,205.4502868652344,-0.8987487361079215
2024-09-17,214.1447010142284,215.2861383219032,212.90400170360135,215.1769561767578,45519300,-0.03039309548736905,0.11095182747888305,40.30649112449475,0.05303850773678587,220.06282653628946,217.55622414022335,222.01818618774413,29.443898390477912,0.010821506366043692,4.828092060952526,232.80337524414065,205.4502868652344,-1.0224832331005151
2024-09-18,215.9313221513165,221.0529328037412,215.92138686335736,219.04795837402344,59894900,-0.00522543957394406,0.10385384633064572,50.36696911421764,0.04332257063488543,219.96617242559745,217.61472352194102,221.72935256958007,40.23565023802614,0.011676308192294493,4.951454202864379,232.80337524414065,205.4502868652344,-0.8029139529590446
2024-09-19,223.31596324984213,228.11002736409569,222.95864123060412,227.1670837402344,66781300,0.029541377916874327,0.11833868581291374,48.69403845348057,0.09527444611959535,220.65197350318192,217.98932588344272,221.85193328857423,48.669736863748824,0.014484626171994867,5.14287680553142,232.80337524414065,205.4502868652344,-0.10674340113202968
2024-09-20,228.25889437635817,231.35567496568984,225.9263736470506,226.50205993652344,318679900,0.024094857529111228,0.1296807618291385,49.1812285042927,0.1647284250737746,221.2091245920716,218.32315859140667,222.0340675354004,48.83920230624899,0.01436069278125327,5.323664617879381,232.80337524414065,205.4502868652344,0.29131659494531087
2024-09-23,225.6484798300337,227.74278104335215,224.12986496132828,224.7849578857422,54146000,0.014750610175393997,0.1390176464342609,56.74299177006651,0.017800691139894687,221.54968014384974,218.5765624853022,222.01570587158204,56.17494902100834,0.014302182506059788,5.026604626559118,232.80337524414065,205.4502868652344,0.41385456195401665
2024-09-24,226.94871280288095,227.64351653597865,224.0504410184132,225.67823791503903,43556100,0.01694911667006191,0.14752199158960283,61.69726167141594,0.016593584280311102,221.94287612205824,218.85505956097816,222.02513580322267,61.264695945586986,0.014326383419346065,4.908207413479043,232.80337524414065,205.4502868652344,0.5229222439374711
2024-09-25,223.2563961324406,225.5988371064948,222.35317851779175,224.68568420410156,42308700,0.011230177301674882,0.15520409934963655,57.339372523859716,-0.027061621075092357,222.2040959393957,219.08371150776733,221.9427520751953,57.02220271783212,0.01433426761628814,4.817459825455789,228.0802459716797,205.4502868652344,0.49628815489399936
2024-09-26,225.608784129346,226.79985253593196,223.73284722402752,225.8271484375,36636700,0.014814136176712966,0.16234388440173753,62.32107982685217,-0.09608483030244508,222.54914855826277,219.34816001481568,221.99386901855468,61.964312186015846,0.014296654418783548,4.648724360405552,228.0802459716797,205.4502868652344,0.5210519263681218
2024-09-27,226.76012088076428,227.81223139225995,225.60874837392768,226.0950927734375,34026000,0.014831154307262192,0.16764090573197762,64.09646506458326,-0.1579436896812355,222.88685753113654,219.612745613193,221.89461135864258,62.20723087170773,0.013902518905115986,4.482825385506067,228.0802459716797,205.4502868652344,0.5197991413594466
2024-09-30,228.3283747151782,231.266357421875,227.9412771261621,231.266357421875,54541900,0.03274528256409146,0.1764916435238802,67.41231453319223,-0.10169179708644072,223.6849051397783,220.0697499978472,222.09312286376954,69.77602488392264,0.0148096696305189,4.515440168841304,231.266357421875,205.4502868652344,0.8140390757378133
2024-10-01,227.81225543239975,227.9412778656533,222.07526286618744,224.52688598632812,63285000,0.003243947958908227,0.18177585597584012,52.23535514999834,-0.021377498367445624,223.76509379183065,220.2445396444543,222.26384353637695,54.81947248624531,0.015008549673608216,4.8032822175103105,231.266357421875,205.4502868652344,0.5160928674687537
2024-10-02,224.2092739820147,225.67825786117984,221.36063294746157,225.0926513671875,32880600,0.005165004205841034,0.18412063227664982,53.31489465565186,0.006181323711347719,223.89152784662653,220.43466167279678,222.55813751220703,55.37680400024569,0.01484354519851251,4.8472381041033445,231.266357421875,205.4502868652344,0.3276215573285728
2024-10-03,223.46483520314055,225.12240767637772,221.65838486968212,223.9908905029297,34044200,0.0003852666570906184,0.18426903362755923,51.96524520113543,0.06344403595830839,223.90099095675063,220.57412162691963,222.72141342163087,54.15680560449684,0.014848494957895237,4.943658195887386,231.266357421875,205.4502868652344,0.11048262484778437
2024-10-04,226.20430944090455,226.30357145139808,222.46237094034984,225.1125030517578,37245100,0.00471229939603615,0.18135052138420818,63.40786362450358,0.02830923368291982,224.01637306103703,220.75209736907016,223.0181884765625,65.84041267775818,0.014756875268475836,4.609730736904083,231.266357421875,205.4502868652344,0.02839684848084456
2024-10-07,222.8296017820206,224.0107499786272,219.68319006872073,220.04051208496097,39505400,-0.014540642480872971,0.17833156654940588,51.07108040312959,0.06908429987386411,223.63771963474406,220.724192063811,223.05689849853516,56.495244181468614,0.015702462861105587,4.827386191528029,231.266357421875,205.4502868652344,-0.3600631831527559
2024-10-08,222.6311156567822,224.29860847272343,221.5889250741903,224.09017944335935,31855700,0.0016060621288817253,0.17421554392701524,49.75928416868942,-0.019040917454097195,223.68081104508838,220.85619156889132,223.33779373168946,56.70186810311781,0.016178618044210818,4.711823317297964,231.266357421875,205.4502868652344,-0.3372453644892137
2024-10-09,223.55419337095577,228.04056698162543,223.15717559100585,227.8321228027344,33591100,0.014556691976887373,0.16481731276416817,44.29061788616593,-0.0895131926421262,224.0761740696261,221.12975749963027,223.67923583984376,51.00033417918615,0.01638719102642735,4.413346345908487,231.266357421875,205.4502868652344,-0.07671228110933193
2024-10-10,226.0851959438118,227.7923994519787,225.47973405841245,227.3358154296875,28183500,0.011428027182707391,0.15081922381140628,44.5704498464896,-0.15172798964883705,224.38661610391765,221.37313232041683,223.99040298461915,51.26051079281079,0.016407996841134368,4.193566876314397,231.266357421875,205.4502868652344,0.048858132532750176
2024-10-11,227.5939128444124,227.70309500312143,225.64848941975737,225.85693359375,31759200,0.005134081838890812,0.1260852699865278,44.741211800590854,-0.11442571886646768,224.52664634104454,221.5489676644691,224.24102478027345,51.63242174120958,0.01649677637832543,4.082258983552982,231.266357421875,205.4502868652344,0.02043698655062931
2024-10-14,226.99836439928595,230.00581860221664,226.89911753216435,229.5790252685547,39882100,0.018978606274995615,0.10708886750076926,51.818166632734275,-0.14613012136703352,225.0078252865217,221.86387188423717,224.9844528198242,55.46899869587099,0.015324753139293419,4.121959661474496,231.266357421875,205.4502868652344,0.2288541967511899
2024-10-15,231.87182665313995,235.7229623804217,230.6410474142004,232.11004638671875,64751400,0.026367504512686494,0.08277247755442826,55.54417531292569,-0.08245539390452816,225.68422729606428,222.26568264904037,225.83110733032225,59.97866298717359,0.015413048240864188,4.3233080696616195,232.11004638671875,205.4502868652344,0.4982585803601667
2024-10-16,229.87676649695567,230.3928864880035,228.1298522341637,230.055419921875,34082200,0.016278188479765365,0.06057472376547812,51.69310675227526,-0.005621698359949301,226.1005313556653,222.5711625420927,226.38148040771483,55.546823643579984,0.015290403658776744,4.388535843993806,232.11004638671875,208.01806640625,0.49798497185457347
2024-10-17,231.6931740173152,232.1100623660923,228.80483716826544,230.42269897460935,32993800,0.018849287643770706,0.0670193289308434,60.77322977925146,0.06525825048575973,226.5121663669933,222.87906593160318,226.54426116943358,55.662377633993636,0.012957204359496379,4.467231713957706,232.11004638671875,211.47808837890625,0.4821221090685148
2024-10-18,234.4226776953707,234.4226776953707,232.2688255608399,233.25146484375,46431500,0.028666495910926373,0.07061294409540579,56.35187451735435,0.0738094890770955,227.15400431716063,223.285826673256,226.88173141479493,52.76699446243791,0.013171744403556871,4.38356843340941,233.25146484375,214.38291931152344,0.6133072455240851
2024-10-21,232.7055644739604,235.0877162866724,232.7055644739604,234.720458984375,36254500,0.03223860401857754,0.07415612094695671,71.52918150327966,-0.05452364884482508,227.8746190473715,223.73424362663323,227.37850646972657,66.65577965621647,0.013030099532599926,3.8972153803397265,234.720458984375,214.71046447753903,0.7416069711739521
2024-10-22,232.1497286972171,234.46239402859047,230.8693336731526,234.1050720214844,38846600,0.026261827709763742,0.07697659845578614,68.8674609108368,-0.10626448129478949,228.46799552109655,224.1409427793725,227.79984817504882,64.70199631602534,0.013067474249480281,3.86389398016145,234.720458984375,214.71046447753903,0.7266618887756984
2024-10-23,232.33830371042365,233.39041424004768,226.06532109909307,229.04299926757812,52287000,0.002244905556367868,0.07648051612127732,56.50224859503201,-0.04507292370720328,228.52275778266622,224.3331802887139,228.01771392822266,57.29849050564689,0.014037180693481314,4.190731702711146,234.720458984375,214.71046447753903,0.3372838733739085
2024-10-24,228.26882480795348,229.10258628095696,226.71051430099084,228.8544464111328,31109500,0.0012925088470510328,0.07592713348938825,54.687176166691735,-0.08506592367949395,228.5543471758535,224.51048484253425,228.1690788269043,55.555540452740125,0.014010121354360817,4.087222521919565,234.720458984375,214.71046447753903,0.04387830477283128
2024-10-25,228.03062932515897,231.484732210271,227.86189602437616,229.68820190429688,38802300,0.004397490831436308,0.07423505093063149,65.07024379801219,-0.09703965499581091,228.66233334046717,224.71353257044652,228.34873428344727,66.38570659247185,0.014024822530331405,3.9581884649808337,234.720458984375,214.71046447753903,-0.10885146569193083
2024-10-28,231.5839844241638,232.98348177622344,230.81970938626552,231.6633758544922,36087100,0.01230925255390599,0.0764424407929532,66.25793566513182,-0.002001306797728364,228.94814691323145,224.98607544433068,228.36858520507812,63.837451341960985,0.013184998385320348,3.889415856706841,234.720458984375,214.71046447753903,-0.09231127041140619
2024-10-29,231.36563017470797,232.5864741436605,230.59143496071303,231.9313812255859,35417200,0.014234299930261842,0.09016524355335115,70.81626153253828,-0.0467893260941995,229.23226446678902,225.25844037692895,228.73880996704102,58.57911561171721,0.011236721526546124,3.6831049847302615,234.720458984375,214.71046447753903,-0.07928011867717721
2024-10-30,230.8792736886572,231.73287549326048,227.8420439394486,228.3879547119141,47070900,-0.003795102989860497,0.0963134999380596,59.14533866933481,-0.0915255359215511,229.1518540139438,225.3811664292813,228.90357513427733,51.95288802437511,0.011854769253894306,3.8071727377170737,234.720458984375,214.71046447753903,-0.3121874652218497
2024-10-31,227.63361336879595,228.11997302154123,223.6931505739168,224.22914123535156,64370100,-0.02088478568035101,0.09823380570147762,50.669370995142465,-0.022378075249571805,228.68302422550644,225.33598897069584,228.91548767089844,47.25201863122043,0.012544818415366922,3.9957583487623043,234.720458984375,214.71046447753903,-0.7255959298335224
2024-11-01,219.32586653780092,223.67328184782377,218.6310779402587,221.25143432617188,65276700,-0.03082272057793744,0.09898804414102427,37.18254075687062,0.03564322916624185,227.97525375890316,225.1758103571851,228.72243423461913,35.579220392134445,0.012833590942903698,4.09927108352132,234.720458984375,214.71046447753903,-1.1534382017746723
2024-11-04,219.34572401852256,221.13231895883283,218.0752491010658,220.35812377929688,44944500,-0.03427855066960821,0.10038344346955488,32.13000224701648,-0.000546881817133027,227.24981280846447,224.98688147177774,228.73831481933593,28.425652546598428,0.011809806621095388,3.887288805895539,234.720458984375,214.71046447753903,-1.4322488803588693
2024-11-05,220.14969745378525,222.2836942947505,219.49460455688452,221.78741455078125,28111300,-0.02601550238285917,0.10126738565993497,41.13375593510234,0.03233818609449557,226.72958440297083,224.86141218075826,228.62317657470703,34.464789087748,0.01112019039082464,3.802209919132033,234.720458984375,214.71046447753903,-1.4515463519344958
2024-11-06,220.95366880237512,224.387931303672,219.54423614319148,221.06285095214844,54561100,-0.028809494539026263,0.10286797802538955,41.49303884681549,0.027560581108803328,226.1898955028925,224.7124489953226,228.28471298217772,32.646264519513,0.010369880287758594,3.91210063075015,234.720458984375,214.71046447753903,-1.4413199539665353
2024-11-07,222.95865940199351,226.18447798056903,222.89910825147632,225.78744506835935,42137700,-0.0018278111730713064,0.0951861931063772,42.08324615227609,-0.0008859348944054712,226.15156689007983,224.75460570406915,228.20729446411133,37.07020693505199,0.011553110519598338,3.9922183670115237,234.720458984375,214.71046447753903,-1.0620870763613945
2024-11-08,225.72780810336752,227.20835428792032,224.9726384261151,225.51914978027344,38328800,-0.002882431799918157,0.08419814338230666,38.00553435015398,-0.028666664120175156,226.0913366891459,224.78458782470463,228.1904052734375,33.36889292902764,0.011463100991906299,3.981758656232468,234.720458984375,214.71046447753903,-0.7876619264568725
2024-11-11,223.5715733715174,224.26712634517855,220.0937933412938,222.80645751953125,42005600,-0.015443963584537609,0.0806354535913222,36.390771749192254,0.053228597416586476,225.7784910539445,224.70701408724685,227.85177688598634,31.017274688674036,0.011070143267180069,4.094203736786556,234.720458984375,214.71046447753903,-0.7475145130158996
2024-11-12,223.1244332571579,224.15782408060912,221.94198562097503,222.80645751953125,40398300,-0.014489176127714928,0.0758893853412007,45.41180257153825,-0.03261259433923824,225.49544024114323,224.63248245714036,227.38659744262696,37.374491851082965,0.01068469749205014,3.6782099894467524,234.720458984375,214.71046447753903,-0.6814910203107152
2024-11-13,222.58787261698697,225.2111120360391,221.34580821096,223.6908264160156,48566200,-0.008841499501237124,0.0692487699505762,48.60230714613512,-0.03288764972265745,225.32357225779774,224.5955547692531,227.068367767334,39.832990930891874,0.010635772697400141,3.783440835526252,234.720458984375,214.71046447753903,-0.5447183501985357
2024-11-14,223.5914518391994,227.41700079571672,223.5715745650122,226.77113342285156,44923900,0.006765983255378209,0.06994757762383122,52.091265114944754,-0.04831355022162276,225.4614352258981,224.68087157919817,226.8857894897461,44.7232080801523,0.011149125931535678,3.7993401244412275,234.720458984375,214.71046447753903,-0.22939015230428983
2024-11-15,224.96270031544069,225.47940335635096,222.8462328667566,223.57159423828125,47923700,-0.00889725895560268,0.0702669363939079,42.181674800762096,-0.03451882387800531,225.2814503699346,224.63737050700536,226.40179595947265,35.983360918881516,0.011088859595154805,3.8443130304532565,234.720458984375,214.71046447753903,-0.21891912049227302
2024-11-18,223.8199993254601,228.28149999782983,223.74050538640265,226.57241821289065,44633700,0.005880884474354713,0.06988479303536282,47.120821877089384,-0.013670952582207407,225.40439968831134,224.71325473076558,225.99439392089843,41.52001966400254,0.011478993760534508,4.03823207163905,234.720458984375,214.71046447753903,-0.0038839105076244884
2024-11-19,225.53901477922057,228.6988344551977,225.22105418122663,226.8307647705078,36211800,0.006500110412672797,0.0691595785899692,53.67619033505634,0.08600363746870188,225.54024398185388,224.79629434016724,225.63067855834962,47.250010509307955,0.011493947157872926,3.994549427912889,234.720458984375,214.71046447753903,0.15308601264521293
2024-11-20,226.61215353970655,228.4702769508748,224.45593165289552,227.5461883544922,35169600,0.010007232030735953,0.06557443087029168,70.53389226732334,0.04295148162548279,225.73128630305752,224.90413332112115,225.55583801269532,56.668969562507066,0.010505225504760865,3.9459452250544587,234.720458984375,214.71046447753903,0.2942537901898007
2024-11-21,227.42694424740617,228.69881686539628,224.27707103239013,227.06922912597656,42108300,0.0066757826948574215,0.059669920541971656,78.47625059805185,0.016471919517629274,225.8587094290498,224.98903903895862,225.4665771484375,63.00442786656783,0.010512572557722937,3.861922549191123,234.720458984375,214.71046447753903,0.3413510914586607
2024-11-22,226.6121530455377,229.25526960886552,226.6121530455377,228.41065979003903,38168300,0.012679829201770828,0.04995270871042662,83.99514390071232,-0.005323919796375587,226.1017523205726,225.12322024488336,225.4027000427246,67.64619533996607,0.0105697562141429,3.8238462162069617,234.720458984375,214.71046447753903,0.44228530895705814
2024-11-25,229.99056458191063,231.76919395430343,228.28148292479264,231.3916015625,90152800,0.025644517519114694,0.044212498032964245,84.63688121844709,-0.04073176867558137,226.60554748647044,225.369039120084,225.389111328125,69.70632435817161,0.010809519744782236,3.8737477370387348,234.720458984375,215.1769561767578,0.6752940351434553
2024-11-26,231.84870566104107,234.07449047305911,231.84870566104107,233.56771850585935,45986200,0.03304540680982014,0.0439279441930226,88.48443411713323,-0.06888010760796326,227.2686113930789,225.69055595874187,225.47092819213867,74.21561831278824,0.011011539580903597,3.719404433472921,234.720458984375,219.04795837402344,0.925968630131959
2024-11-27,232.98145117337265,234.19370712659864,232.32563759305353,233.4385223388672,33498400,0.030920379481738862,0.04558617111232278,85.85311043551454,-0.11630616476559952,227.85622195934445,225.99439777757033,225.72345657348632,68.02421340580115,0.010381730957510027,3.487007469553244,234.720458984375,220.04051208496097,1.0253449060683102
2024-11-29,233.31931239062584,236.3002669685808,232.48464874765904,235.8233184814453,28481400,0.0431527868478124,0.04850801313201918,98.6399302341172,-0.06785866567532373,228.61499305668738,226.37984564831052,226.30316543579102,72.07316339712048,0.009500944040179272,3.5998576380615686,235.8233184814453,220.04051208496097,1.182781005767695
2024-12-02,235.7637060292764,239.26134854667043,235.65440375298792,238.0689697265625,48137100,0.05432456297562479,0.05171628761391349,121.5146934010499,-0.09254428766988132,229.51537178715168,226.83824267098709,227.14404220581054,83.36228473233973,0.008844768245357902,3.4699710919689175,238.0689697265625,220.04051208496097,1.3567791182467213
2024-12-03,238.28756099978403,241.21882985808793,237.3833345065081,241.10952758789065,38861000,0.06556688023412816,0.05759469462567592,122.97860968985337,-0.07436903139539996,230.61957710150776,227.39790090302253,228.18161239624024,85.31439708419457,0.008868748827517077,3.5856608699650416,241.10952758789065,220.04051208496097,1.5796734200432416
2024-12-04,241.32814402991647,242.56027739454964,239.7184333911867,241.46725463867188,44383900,0.06046319817285966,0.06283221799405074,121.3182626295346,-0.055613160705534015,231.65268924790433,227.94964026520486,229.16560440063478,85.0097606946923,0.008881720611278964,3.512556596985316,241.46725463867188,220.04051208496097,1.646718028405285
2024-12-05,242.44105143123323,242.9875476638645,240.59285890906452,241.4970703125,40033900,0.05491383738113033,0.06754404171892106,118.96879053158268,-0.022390252579436942,232.5902493492944,228.48091203176546,230.18731536865235,82.96262242135566,0.008761289953235144,3.4089324915635637,241.4970703125,220.04051208496097,1.5878847375766862
2024-12-06,241.36788746709487,243.0769692456264,240.5431549096241,241.29832458496097,36870600,0.0533511502805642,0.07524793231027678,151.4815240198283,-0.0806388688441323,233.4195898479293,228.98355566130255,230.9628593444824,95.83740715050622,0.007867309052199416,3.3095691901283737,241.4970703125,220.04051208496097,1.4350323913310485
2024-12-09,240.29475369946152,245.67041216886827,240.21525975684384,245.1835174560547,44649200,0.0675324288014056,0.07703219156005768,142.88999858167364,-0.030884982973001907,234.539963905846,229.61884828070458,231.9460777282715,96.019459748249,0.008280632779175404,3.362801093876649,245.1835174560547,220.04051208496097,1.4886201866109783
2024-12-10,245.32260336553807,246.63423054379348,243.78244060146585,246.197021484375,36914800,0.07415456954014356,0.08483086750874741,159.32698639833922,-0.07462316736283803,235.65015986570592,230.26897272006423,233.11560592651367,96.16276286892969,0.007347365306949812,3.318087498759261,246.197021484375,220.04051208496097,1.4821341627315672
2024-12-11,246.38582450957213,249.2077910379196,244.69660488558225,244.92515563964844,45205800,0.05599532593045676,0.08906177979448275,142.60985562497973,-0.04526061328331421,236.5334927965576,230.8437249914205,234.22154083251954,90.35519865301752,0.007619264522886797,3.3535761312134094,246.197021484375,220.04051208496097,1.2891099910968462
2024-12-12,245.32261935264157,247.1608807008323,244.12029436088807,246.3858337402344,32777500,0.05851885225956757,0.09170598955323658,144.8190970158831,-0.04517854496553464,237.47181098166968,231.4532194521583,235.35629119873047,92.89486542294362,0.007621268142646266,3.254921881708987,246.3858337402344,220.04051208496097,1.1607323967670329
2024-12-13,246.24673423955153,247.7073880681415,244.676762972136,246.5547637939453,33155300,0.05485129635399343,0.09199862377841873,147.15662919923685,-0.008148531112229684,238.3368541066483,232.0454368773264,236.34547271728516,92.50455038740871,0.0073747313406906465,3.282601062614536,246.5547637939453,220.04051208496097,0.9945219037914983
2024-12-16,246.41563368868003,249.78411156803347,246.07778066556844,249.44625854492188,51694800,0.07881426871032887,0.09891428649793636,173.58397294684136,-0.01920551476229082,239.39489262457911,232.72782204076154,237.6392059326172,92.47300634638049,0.006158216357631561,3.298216767825553,249.44625854492188,220.04051208496097,0.9847925135635398
2024-12-17,248.49237939681157,252.2185726786221,248.19428090188288,251.87078857421875,51356400,0.08946277256100402,0.10122760143948706,176.4918047730731,0.022887810986336632,240.58307319121147,233.47852661070104,238.90412445068358,92.55996309963123,0.0059602660670127925,3.3940312582669896,251.87078857421875,220.35812377929688,1.0416073387434999
2024-12-18,250.55917390522964,252.6657103008961,246.1672359539693,246.4752655029297,56774100,0.02942878015424415,0.09335402323394952,98.97407485333734,0.11068731213658367,241.14423436375606,233.9882026456904,239.8863494873047,74.35043725995169,0.008420914631263952,3.7247744592228247,251.87078857421875,220.35812377929688,0.635720908317543
2024-12-19,245.92873792847348,250.400169527173,245.5213371883983,248.2041931152344,60882300,0.03458616069936837,0.09143644332822388,96.50639870597024,0.16768342310820517,241.8166113877064,234.54569246802546,240.91924972534179,73.7062122264808,0.008440015367999461,3.800718324783751,251.87078857421875,220.35812377929688,0.4143163943370993
2024-12-20,246.46531011815415,253.38113119374523,244.13023820234332,252.87437438964844,147495300,0.05057444316010672,0.09217615373857511,93.2339549272635,0.28064830345707814,242.86973167360563,235.26446430808912,242.2095069885254,75.94010410400782,0.008878373341299364,4.203857481763707,252.87437438964844,220.35812377929688,0.5069075885932248
2024-12-23,253.15258832932108,254.02699130961165,251.84096111600803,253.6494140625,40858800,0.048329780590438666,0.09364362655467257,89.27311211826083,0.23886294611318282,243.89636809159558,235.98544272983074,243.47144470214843,73.865354994738,0.008893133083273904,4.086038541908264,253.6494140625,220.35812377929688,0.541717244079714
2024-12-24,253.86798918256417,256.57070690893096,253.66924678278625,256.560791015625,23234700,0.056231597160134504,0.09420035137602112,91.63319515746412,0.20556151311332216,245.1025036081698,236.79231913319524,244.7299041748047,76.18059760905565,0.008827621783265767,4.091713459270265,256.560791015625,220.35812377929688,0.6735871419952275
2024-12-26,256.55086249805703,258.44874034869076,255.9944201288889,257.3755798339844,27237100,0.05383782546675477,0.09410453978371927,91.71555784702878,0.09965660859964376,246.27136801062832,237.59950582734385,245.92029724121093,76.81204304710162,0.008781723960541955,4.095972849627543,257.3755798339844,220.35812377929688,0.724045083444639
2024-12-27,256.19314630806485,257.05764856283577,251.45343969164696,253.9673767089844,42355300,0.03040861010233414,0.10523951362340586,74.75473556639155,0.14136217178247246,247.00432121999557,238.24138311681995,246.9467399597168,69.30067176312136,0.009615360840694788,4.337996121508622,257.3755798339844,220.35812377929688,0.44967877377374776
2024-12-30,250.6287158030117,251.890657464443,249.15811581542044,250.59890747070312,35557500,0.013220028803261853,0.12340637828255957,58.69951946253167,0.020933994947547774,247.346662767682,238.72599191501146,247.68551940917968,58.38204514504429,0.01026240202799832,4.29186101304716,257.3755798339844,220.35812377929688,-0.012387533347368418
2024-12-31,250.83738041728796,251.6720440162376,247.84647977817443,248.8302001953125,39480700,0.005359666290820845,0.13922488271314737,53.34732216818103,0.06739480676766751,247.48795204650395,239.12223537698407,248.22358093261718,53.98257864166577,0.010384671015424365,4.3614163198854135,257.3755798339844,220.35812377929688,-0.4657569783391553
2025-01-02,247.34966196417784,247.51859606258617,240.28481431614935,242.3019256591797,55740700,-0.016393876358969696,0.16771304210884744,40.194670537133774,0.1363389664288317,246.9940447715207,239.24692911354077,248.28320083618163,46.57676959960494,0.0118649344857238,4.649573443230112,257.3755798339844,220.35812377929688,-1.1925919321675318
2025-01-03,241.8150329589844,242.62981931594803,240.3543640210219,241.8150329589844,40244100,-0.016355720631266456,0.18956151448713132,37.75465540130398,0.1218143758317749,246.50080555127914,239.34763906826407,248.30058975219725,43.879704249996514,0.011872516066104505,4.594921225728819,257.3755798339844,220.35812377929688,-1.6644628464599585
2025-01-06,242.75900387005615,245.7598357483754,241.6560500607284,243.4446258544922,45045600,-0.009550360100012398,0.2076174193398699,39.11081684340859,0.07689712550470884,246.20974081825182,239.50830521674362,248.39796752929686,45.99229706857606,0.011963859289511882,4.671575553703211,257.3755798339844,220.35812377929688,-1.812928173453762
2025-01-07,241.4374181829594,243.9911096142756,239.8177766758021,240.6723175048828,40856000,-0.016872617112267615,0.22173421249000058,31.986476757655076,0.09624538811640027,245.68236716935954,239.55395275745497,248.36666717529297,38.659123030613564,0.012253679447460076,4.70493284198953,257.3755798339844,220.35812377929688,-2.02769336976234
2025-01-08,240.3841632667122,242.16280789951685,238.52603985831155,241.15921020507812,37628900,-0.014433325535824833,0.22929088334163703,30.641226519220492,0.07241598419308004,245.25159031561844,239.61690402991078,248.16545181274415,35.424511613150756,0.011666856208521986,4.677252575165677,257.3755798339844,220.35812377929688,-2.060139572981843
2025-01-10,238.48628640867517,238.63534322792128,231.52079498772144,235.3463592529297,61710900,-0.029107872117374544,0.23761262806468067,27.7938611313655,0.054190051142738005,244.30823497631476,239.44943168571547,247.62291870117187,35.02670108011472,0.012705554171010925,4.901534065910669,257.3755798339844,220.35812377929688,-2.3739503275838985
2025-01-13,232.04743903723335,233.18020116738663,228.26162915914,232.9119110107422,49630700,-0.03343853532236857,0.2435414181706778,23.512130131741067,0.10101956981132743,243.22287078911737,239.1930583259126,247.02225646972656,29.8084513194281,0.012821955990200926,5.059098191268881,257.3755798339844,220.35812377929688,-2.6266519723691433
2025-01-14,233.2596954436476,234.62099318079112,230.99417118008773,231.7990264892578,39435300,-0.03411324119628249,0.24450514674501067,15.413820522312708,-0.0030389573602298547,242.13488561770217,238.9030962931026,246.29291610717775,19.287526216452235,0.012675867456980168,4.657378834790415,257.3755798339844,220.35812377929688,-2.7374787928085063
2025-01-15,233.1504034772107,237.4429855317883,232.94172997653553,236.35989379882812,39832000,-0.01609860679267678,0.24662952768948973,20.32670062791118,0.042389746523361804,241.58488639685703,238.80336286195458,245.78317260742188,27.308290636905696,0.013638797818307433,4.904373752570907,257.3755798339844,220.35812377929688,-2.385246642017003
2025-01-16,235.84318609247865,236.4989845496957,226.58234697208553,226.81088256835935,71759100,-0.03619366009120281,0.25088951596824177,10.891791259387333,0.15538794335433148,240.17783841319059,238.33306951710773,244.65140380859376,16.748132482859717,0.01569856279410216,5.404041233369422,257.3755798339844,220.35812377929688,-2.6562657159748437
2025-01-17,230.6463566129693,230.81527553043833,227.02946614701875,228.5199432373047,68488300,-0.02908663641912352,0.24145585370679354,12.11714020069118,0.1251091272250584,239.06756268215383,237.94824103554683,243.48386154174804,18.3797850856116,0.015600787333431206,5.514760714960644,257.3755798339844,221.06285095214844,-2.5792013009423416
2025-01-21,222.57794445660952,222.99527628303537,217.9872792040061,221.22657775878903,98070400,-0.04321290419768897,0.2505998233177559,10.763036340445094,0.1551631593383911,237.368421260881,237.29248953449752,242.221427154541,16.93758715532715,0.01634998262390205,5.844083850029301,257.3755798339844,221.06285095214844,-2.8566400264257688
2025-01-22,218.39466636780543,222.6971793763667,218.39466636780543,222.40902709960935,64126500,-0.037007387779706906,0.25162350910396447,13.043505641783046,0.24702923651914355,235.94371705504562,236.7088243409725,240.93166885375976,20.218353901875815,0.01628815191891415,5.8078875725291095,257.3755798339844,221.22657775878903,-2.794313094901602
2025-01-23,223.3132578125695,225.58871322146769,220.88874557201237,222.2401123046875,60234800,-0.036505131781906244,0.24420876944870828,14.45653346850437,0.19696117286735015,234.63861184072582,236.14142386896134,239.39995574951172,20.925695187362052,0.015319269940539443,5.870344959057119,257.3755798339844,221.22657775878903,-2.602167009995894
2025-01-24,223.35297985225768,224.19758968028435,220.00437919561992,221.3656768798828,54697900,-0.03614427197884375,0.2321703186551228,16.77218198957745,0.02876255897018032,233.374522796836,235.56198281056612,237.78576889038087,23.87799814795636,0.015172761709173343,5.559475288021496,257.3755798339844,221.22657775878903,-2.3778192234369486
2025-01-27,222.59782027357136,230.67619691244207,222.55806572164707,228.40074157714844,94863400,-0.012235408346471011,0.2243700675049823,22.552104975296363,0.09922809446527525,232.90082934734195,235.28114982102034,236.37776641845704,35.61382051423874,0.017017996157975977,6.061979912138148,257.3755798339844,221.22657775878903,-1.6348633650712858
2025-01-28,229.3844597561093,238.66516132615985,229.3447052045828,236.74740600585935,75707600,0.008422199362465401,0.22696696424008833,24.68146574901417,0.1125824627247618,233.26716998148646,235.33865006356305,235.3463577270508,43.722049101752184,0.019398755987547298,6.502025202235607,257.3755798339844,221.22657775878903,-0.5183715731444205
2025-01-29,232.6336842670617,238.33724933385383,232.52438199561368,237.8404235839844,45486100,0.010173471250380475,0.22648352528020005,27.155561079824867,0.13968025716044696,233.70271794362912,235.4367588290698,234.54001007080078,47.259099978290344,0.019361428903452885,6.619134802218939,257.3755798339844,221.22657775878903,0.31198763820524444
2025-01-30,237.1547951903121,239.26133146080377,235.7040725307193,236.08164978027344,55658300,0.005396792808354798,0.22238838580917633,26.51415545698824,0.12658721525255334,233.9292828804524,235.46204867029346,233.81414718627929,45.20367755097453,0.019243347138458176,6.613455579996024,257.3755798339844,221.22657775878903,0.7367699427756684
2025-01-31,245.62071750771997,245.62071750771997,231.95800933839703,234.5017547607422,100959800,0.0013174254169514574,0.2122379718675365,29.241196709689387,0.24128712136445785,233.98380401190857,235.42439008560518,233.09772491455078,49.13282916521491,0.019239264072925366,6.900905076565043,257.3755798339844,221.22657775878903,0.8948130875622744
2025-02-03,228.52992572925916,230.35824094469035,224.2671520837408,226.56248474121097,73063300,-0.016890855739704676,0.21119422081659558,25.90418587805233,0.17550636568382694,233.27701170041357,235.07686438582502,232.31075286865234,44.142992749469954,0.019795525672456207,7.125895975365879,257.3755798339844,221.22657775878903,0.4695044959199475
2025-02-04,225.80729852188347,231.64997406812495,225.21110156992967,231.3220672607422,45067300,-0.004362110542442004,0.20883748167097582,28.505433893966654,0.12684225257502102,233.09082651568295,234.92961743974334,231.78610458374024,49.5877647719162,0.02052204592040665,7.326756725186728,257.3755798339844,221.22657775878903,0.5101987229388882
2025-02-05,227.0791817096477,231.19289841511937,226.820837771536,230.99417114257812,39620300,-0.004784885977950238,0.20131772863401848,26.432599861497607,0.09457404965295013,232.89114505157772,234.77528621240353,231.16358184814453,44.99628614604411,0.020419715938307523,7.245133185663564,257.3755798339844,221.22657775878903,0.5150073826233839
2025-02-06,229.8216550685821,232.31573010563136,228.96711414866223,231.73941040039065,29925300,-0.0026828069365539228,0.19134791554117536,33.261020020682565,0.02457613908904155,232.78145603717897,234.65623225899125,230.71693649291993,55.498916206375064,0.020343358636174803,6.775988784189203,257.3755798339844,221.22657775878903,0.56438277268966
2025-02-07,231.12335539671392,232.5144614947352,225.81724462416,226.18490600585935,39707200,-0.01524006262961484,0.17250355491434047,28.217780149177024,0.009770931750058276,232.1532131770533,234.32402338631942,229.96822128295898,47.60061475339148,0.020915695720076743,6.9683333490817905,257.3755798339844,221.22657775878903,0.23578212137735344
2025-02-10,228.3633671022546,229.3779949636392,226.005813710008,226.4534454345703,33115600,-0.013788937938575182,0.15795123474369557,34.85212574052198,-0.09388653501081534,231.61037815395966,234.01537327056457,229.52357559204103,56.27712529255553,0.020328385268164256,6.456870293391262,257.3755798339844,221.22657775878903,0.05857485702908782
2025-02-11,227.00058728303875,233.99363668198936,226.93096309298545,231.39735412597656,53718400,-0.0005097316440080665,0.14070464133037233,36.6881074145731,-0.08716321892511136,231.5900901512946,233.91270585312975,229.44784774780274,59.899974891203634,0.020876369911855205,6.688133024738245,257.3755798339844,221.22657775878903,0.28378517215334265
2025-02-12,229.9848034951756,235.7145384932868,229.4675323792709,235.625,45243300,0.009635379797321647,0.1154817530420554,38.89886644342327,-0.06162721954376493,231.97436727974272,233.9798546432031,229.63914642333984,63.5325447401857,0.02123861042434344,6.798635772206858,257.3755798339844,221.22657775878903,0.7030601096096794
2025-02-13,235.6648159224183,241.06626881430705,234.33186254170715,240.26052856445312,53614100,0.020076415075712922,0.09669325926108464,42.23211289763947,0.03013006357781589,232.7635254973342,234.22615558129135,229.83417816162108,67.75313667282857,0.02123848918287206,6.980149757059392,257.3755798339844,221.22657775878903,1.2464196118575042
2025-02-14,239.981993568851,244.25939586817944,239.7233655892969,243.31439208984375,40896200,0.028909676723628288,0.10626039853195028,46.1202346382187,-0.04724495197567702,233.76836993471605,234.5825570129993,230.65935363769532,65.14558108931911,0.018986014320587403,6.639114774653913,257.3755798339844,221.22657775878903,1.7352901022770535
2025-02-18,242.86674847770817,243.8913336127375,240.56889220053384,243.18507385253903,48822500,0.02609078937237243,0.11587973498808482,41.57074034783251,-0.048570143114784914,234.66519887927063,234.91991061454988,231.39261016845703,57.84756382694171,0.01898570047573151,6.143259179167645,257.3755798339844,221.22657775878903,1.9572822360238475
2025-02-19,243.37407429304395,244.716969605811,241.88195827091008,243.5829620361328,32204200,0.027663074122725177,0.14296137291051642,46.123550216392715,-0.11327194644708294,235.51450965611465,235.2596381212786,232.51042938232422,57.12087606852964,0.017100244053258273,5.9305551789291275,257.3755798339844,221.22657775878903,2.029547031623523
2025-02-20,243.65259654249155,245.4829218502696,243.00600383864503,244.5379180908203,32316900,0.028223794174870902,0.1653811762350104,49.60132747275376,-0.13903492309492005,236.3738818879914,235.62349223773123,233.61687393188475,60.69925177249371,0.01710153920576241,5.853387970467706,257.3755798339844,221.22657775878903,2.035102414276742
2025-02-21,244.65729095432025,247.38289505871285,243.93113206298463,244.2593994140625,53197400,0.024901783864640183,0.18316571159803566,51.94802584761981,-0.26591335112829595,237.124883557141,235.96215526425402,234.71783828735352,62.76621867173045,0.01710834925419287,5.124034743782368,257.3755798339844,221.22657775878903,1.915198521132725
2025-02-24,243.64264638435856,247.55199828948733,243.1353323966777,245.80125427246097,51326400,0.02784263907417532,0.2000735835786143,67.71267308886395,-0.2907988503826915,237.95120457764767,236.3480022841837,235.93961715698242,80.23134254636953,0.016983665259620365,4.708467830625813,257.3755798339844,221.22657775878903,1.8347516061341496
2025-02-25,246.69650753214344,248.68599549611233,243.62275227067275,245.74154663085935,48013300,0.02704601195188171,0.22521457423975055,70.14508030907697,-0.24955004137035464,238.69314191604877,236.71637657228865,236.80665740966796,76.58520391943907,0.015835000487301437,4.610208596857548,257.3755798339844,221.22657775878903,1.6768629735944398
2025-02-26,243.0458302782598,243.6924078784846,237.8731639406897,239.09669494628903,44433600,0.0014665408634636533,0.24264781831459287,59.56279055992118,-0.18208002565800285,238.73157553797643,236.8097223908769,236.92412185668945,62.11634918903661,0.01528509601479453,4.85071953978351,257.3755798339844,221.22657775878903,1.0546417371752577
2025-02-27,238.1516754344793,241.18564780716903,235.81402085750776,236.05276489257812,41153600,-0.00969178342398773,0.2548717987098413,53.43597664211958,-0.14661041602259095,238.47645071460516,236.7800377831005,236.83473892211913,56.0351931953559,0.015535652263408204,4.995220324975806,257.3755798339844,221.22657775878903,0.4014023498675994
2025-02-28,235.70459571566596,240.8175794410065,228.9900734891547,240.5688934326172,56833400,0.00742118995618162,0.2623740530016342,66.17388245745666,0.046376500778605445,238.67573097346346,236.92862035759137,237.05910110473633,70.72821377038967,0.01601944255502091,5.3616695450669924,257.3755798339844,221.22657775878903,0.24451567524113527
2025-03-03,240.519147417306,242.74737946323825,234.8690087281554,236.77891540527344,47184000,-0.0066762280151631895,0.26654727636430015,58.92286458318175,0.20708910557813587,238.4950818717311,236.92274957514755,237.1729591369629,63.50861993244588,0.016374604409563287,5.683540222313539,257.3755798339844,221.22657775878903,-0.12367609353511622
2025-03-04,236.46059966619737,238.80819608105105,233.44651142335263,234.68994140625,53798100,-0.01537575230515842,0.2750857263564503,58.127737136832074,0.19906344639807938,238.13268754168527,236.8351884704849,237.57933197021484,54.65539388641236,0.014444259640378355,5.5279326087620655,257.3755798339844,221.22657775878903,-0.49617259467112773
2025-03-05,234.18263593082168,235.30670153327668,228.0251680036218,234.50096130371097,47227600,-0.01556956435902684,0.2792500327795709,54.314555790922185,0.15484463247587854,237.7868088523544,236.74365015021925,237.73827667236327,48.205814170426876,0.01372838585238796,5.601827424164851,257.3755798339844,221.22657775878903,-0.7294562870927435
2025-03-06,233.207802772317,236.60982567864423,231.93453157387603,234.09312438964844,45170400,-0.015963784513832745,0.28009739597454614,43.80212460455709,0.09199347150555637,237.43502937971573,236.6397079635302,237.8932243347168,38.61967603607363,0.013731274669593677,5.4547479836054436,257.3755798339844,221.22657775878903,-0.8755593233626076
2025-03-07,233.87426828677377,240.10136041796665,233.5261018066448,237.81346130371097,46273600,0.001599064166335402,0.27613023929216446,44.465652918878064,0.04452672868675944,237.47107051533433,236.6857375062824,238.19692687988282,40.09314682716569,0.01413728523658573,5.600407150208251,257.3755798339844,221.22657775878903,-0.6939142643918776
2025-03-10,234.30201287196223,234.9187645202326,223.04151782981955,226.2843780517578,72071200,-0.03947439964519364,0.256837170531772,26.206063767713733,0.1292659988303011,236.40567123308895,236.27784105708537,238.20190048217773,28.422637369145463,0.017185121183591192,6.418228726043091,257.3755798339844,221.22657775878903,-1.2879659816017004
2025-03-11,222.6336665978936,224.65299583409444,216.3070937419303,219.6792755126953,76137400,-0.05619955804066591,0.23854526459443717,20.629039939465226,0.2533421754116765,234.81268116448004,235.62691691808968,237.863191986084,23.657085664011177,0.01839004550763073,6.928391081394992,257.3755798339844,219.6792755126953,-2.0198957569568843
2025-03-12,218.98294858814833,220.58448707211764,213.7804415985268,215.8395538330078,62547500,-0.06684353720444619,0.2144338869788562,18.38546710243063,0.29198403777524096,233.00571665672078,234.8509418951453,237.08530197143554,20.263846903024316,0.017874972717690674,7.2374716143925815,253.9673767089844,215.8395538330078,-2.6187919627106107
2025-03-13,214.8149604095551,215.70028194858563,207.3245394208188,208.57791137695312,61368300,-0.08564500308574881,0.1830547779753293,15.824030947224758,0.39312255170975674,230.67925901102862,233.82062697286327,235.7329475402832,17.702120888840824,0.018338043468458683,7.599132429854066,250.59890747070312,208.57791137695312,-3.315320408698694
2025-03-14,210.13967261110687,212.8254784087618,208.4784519318959,212.3679046630859,60107600,-0.06570390708921837,0.14559264081298798,18.99428199563235,0.35600108745231096,228.93532050170074,232.97934374502887,234.33831634521485,20.920576946557574,0.018230443430256926,7.5941581858580856,248.8302001953125,208.57791137695312,-3.3236838190555185
2025-03-17,212.18883784213668,214.0888025037831,208.8663965620962,212.87521362304688,48073400,-0.059901201268030016,0.1268109822914102,20.281656297823375,0.1849884564636286,227.4057865132575,232.19094648534332,232.816357421875,21.634612092329434,0.01781450236610897,7.605526951304323,245.80125427246097,208.57791137695312,-3.1021981902714635
2025-03-18,213.03437263106773,214.01915944879545,210.37840804794791,211.5720977783203,42432400,-0.06005576865289198,0.10523571948183551,22.56894263931605,0.05414853202986136,225.89781615754922,231.38236418310711,231.23570861816407,23.832020281558115,0.01775957950410222,7.303553287781314,245.80125427246097,208.57791137695312,-2.8567248236851905
2025-03-19,213.0940452987452,217.6101760496477,212.6265144386749,214.1086883544922,54385400,-0.04426596667273469,0.0978389893815541,26.99073382025364,0.01570788049737537,224.7750420810676,230.70496513100457,229.76199493408203,28.934276939699075,0.018164283999405582,7.351156953614607,245.80125427246097,208.57791137695312,-2.357532380009541
2025-03-20,212.8652784783013,216.3468825511506,211.10457731145533,212.9747009277344,48862900,-0.0452366129240328,0.09045483792273518,20.535551769168915,-0.09453012726256782,223.65120006646444,230.00966065244495,228.18383407592773,21.67074955424522,0.018008413127039505,6.880785474174855,245.80125427246097,208.57791137695312,-1.9543566467771454
2025-03-21,210.44804823896536,217.68978368973623,210.16952111998103,217.1227874755859,94127800,-0.024083105889034926,0.08391469403829173,27.25111566915403,-0.0973053034009187,223.02944648638078,229.50429307688185,226.8270034790039,29.967567022865396,0.018912599743963046,6.855206319508595,245.80125427246097,208.57791137695312,-1.2909534703547951
2025-03-24,219.8384246082871,220.3158974796034,217.4311459430569,219.56983947753903,44299500,-0.012758858224108004,0.07886045665733775,31.501154406918857,-0.11902118382331472,222.69996010458632,229.11470666122136,225.51543273925782,34.70208690921359,0.019109793863346967,6.700308129959956,245.80125427246097,208.57791137695312,-0.604835171414539
2025-03-25,219.6096416779903,222.92214108802088,218.92326587520165,222.573974609375,34493600,-0.0004575928783051781,0.0798776780338518,34.49200697472684,-0.11470043674255603,222.68796148599478,228.85820736507054,224.3570541381836,38.58311811117468,0.019557949737790313,6.465832535900266,245.80125427246097,208.57791137695312,0.09648335687028009
2025-03-26,222.33523531503357,223.8373085324259,219.3112201065871,220.3656463623047,34466100,-0.008800380273798303,0.08005039745853715,34.75287239602723,-0.12188312286935155,222.4667886170719,228.52516575711894,223.42050170898438,37.29748413251538,0.018894687876070106,6.45517498740531,245.80125427246097,208.57791137695312,0.4376976776404833
2025-03-27,220.2263848697343,223.80746952519272,219.40074548587612,222.6734619140625,37094800,0.000782931123677844,0.08021804587069684,33.17674606597993,-0.08436621306101155,222.48647178821386,228.2956871750383,222.75153656005858,35.614372419448486,0.019035697686253773,6.300279660833506,245.80125427246097,208.57791137695312,0.8225307841549787
2025-03-28,220.504904155295,222.6336557419088,216.5358700680628,216.7547149658203,39818600,-0.02192168674571994,0.0801871595542477,37.40035311452052,-0.17091623593195404,221.94059018608115,227.84310002957878,221.56082763671876,39.86456792279274,0.01901579381471021,5.683540258841242,245.80125427246097,208.57791137695312,0.6876549991496752
2025-03-31,215.86939419548492,224.43414081005065,215.09349507460487,220.9624938964844,65299300,-0.0036487922469186744,0.0805291279577133,47.0514228634546,-0.1585362992865036,221.84743815850052,227.57327233808488,220.7700065612793,51.43812441365699,0.019588686835679322,5.638066074956831,245.80125427246097,208.57791137695312,0.878790080235345
2025-04-01,218.65466729819107,222.5043215641154,217.74944665223015,222.01690673828125,36412700,0.0006339302124217065,0.07645279748223474,52.637494547770366,-0.15065898805310063,221.86357802324156,227.3553756478965,220.13635482788087,57.384056133848674,0.0196215685541807,5.4916967491207185,245.80125427246097,208.57791137695312,1.060999442213368
2025-04-02,220.15675729790527,224.00641185945875,219.8583310514353,222.71324157714844,35905900,0.0031826004708916454,0.06500572696493379,64.35848396966678,-0.19757823291266252,221.9444983617089,227.17333117453384,219.54696884155274,70.04233157265494,0.01966015776023645,5.17977292025175,245.80125427246097,208.57791137695312,1.20279268657467
2025-04-03,204.4596791341039,206.39944211542388,200.19223396809613,202.12203979492188,103419000,-0.05300844465921778,0.11296236236289768,26.120812967971183,0.028194743475344453,220.05664516487204,226.19092759101966,217.94841461181642,40.16048650034804,0.028138791942564707,6.477914429693636,245.80125427246097,202.12203979492188,-0.04944140819134013
2025-04-04,192.87092693410324,198.8294493717933,186.35535024633944,187.389892578125,125910900,-0.08133382576704365,0.16225687038983985,18.374371430950028,0.27228403691226055,216.94552587089612,224.66931837482772,215.4272361755371,30.777324367847612,0.031187305117194475,7.231077544471889,245.80125427246097,187.389892578125,-1.7357567903423599
2025-04-07,176.26863687444822,193.12954493623215,173.70219548773406,180.5062561035156,160466300,-0.0956620758034823,0.19291538748788453,17.583731691524946,0.4825458906663562,213.4751192263837,222.93743357987432,213.138330078125,28.387552761741844,0.03055582337034925,8.358691690732643,245.80125427246097,180.5062561035156,-3.100916714190938
2025-04-08,185.71870692843436,189.33957458197375,168.32064359895526,171.51376342773438,120859500,-0.1104185810491362,0.21992577600254573,13.89663321007372,0.7169106433672301,209.47879962651234,220.92081906410414,210.73005447387695,22.809258894529947,0.031542312806455204,9.42875259871058,245.80125427246097,171.51376342773438,-4.320733339206351
2025-04-09,171.04623198001363,199.55559936553783,170.98654976711688,197.8048553466797,184395900,-0.02069834083751906,0.35538028883720624,17.423649282999524,1.141975873296507,208.36699540938542,220.01431068302867,209.82831954956055,42.67038677629015,0.048487753705806116,11.094948624333842,245.80125427246097,171.51376342773438,-3.123943031923086
2025-04-10,188.07624843340895,193.7562279640405,182.03814529024513,189.4191436767578,121880000,-0.03466333487872796,0.4344339165125865,15.51247437562423,0.8036639283332832,206.56243810151614,218.81450021219453,208.8703811645508,37.14100636920301,0.048814616832095224,11.683980587668083,245.80125427246097,171.51376342773438,-2.681080538068314
2025-04-11,185.12188160037283,198.49122944739577,185.0820833366806,197.10853576660156,87435900,-0.01760652568985651,0.48862820196498696,16.957942732727016,0.7167147463274532,205.6620664505719,217.9632859202105,208.10741271972657,40.05813465010474,0.049594858379861904,12.413697452432203,245.80125427246097,171.51376342773438,-1.701994682937162
2025-04-14,210.3286813853017,211.8207974391945,200.10271391024364,201.45556640625,101352900,-0.008030260607840284,0.5235594168694514,17.65391345273228,0.5766748948316456,205.26144739873172,217.31592437064342,207.53643035888672,40.7623459418734,0.04989273000987295,13.17893934241604,245.80125427246097,171.51376342773438,-0.6475622209445806
2025-04-15,200.7990180691496,202.44033954558063,198.74984792281177,201.0775451660156,51343900,-0.008227352608717266,0.5438234141857948,18.44494125912112,0.3914092791316408,204.86298051942543,216.6791251861482,207.01170272827147,41.4256672746623,0.04988152428774599,13.119253856482471,245.80125427246097,171.51376342773438,0.09875509539627814
2025-04-16,197.31741584829123,199.64511311117857,191.35889396287376,193.24891662597656,59732400,-0.023311411590141225,0.5553573992455715,16.965224066220543,0.21665071938425595,203.75687919623982,215.7602934779062,205.9687141418457,37.53161601530682,0.050458909084921004,13.49867722532713,245.80125427246097,171.51376342773438,0.1371231859365647
2025-04-17,196.16351652823,197.78495412822457,193.3981293835527,195.94467163085935,52164700,-0.01610480791879583,0.5570213054338802,18.934702907688287,0.14552402634203543,203.01285942810836,214.9832102682181,205.11721267700196,40.93431031514375,0.05061489767335754,13.384280486487723,245.80125427246097,171.51376342773438,0.4010801377743789
2025-04-21,192.25416731460396,192.78138039340035,188.81234657174457,192.14474487304688,46742500,-0.023172498938129026,0.5527407625080576,17.802128329878183,0.0654797529908997,201.97780089905487,214.08758417428982,203.868310546875,37.40106171038157,0.05045343594773561,13.226543295321223,245.80125427246097,171.51376342773438,0.377141380145094
2025-04-22,195.0892017003565,200.53045296496776,194.93999616163737,198.690185546875,52976400,-0.0071070994860614215,0.5427981834203075,19.403360768580868,0.023290886472379313,201.66469467503774,213.48376462027355,202.8243278503418,40.26892135085505,0.05109180733160209,13.485888522466626,245.80125427246097,171.51376342773438,0.8333676778498473
2025-04-23,204.9172632087338,206.9067512010516,201.7340854567431,203.52462768554688,52929200,0.004098670069811735,0.5278913125655689,20.776675396925416,0.05009741663767797,201.84183115222908,213.09321023067642,201.8718605041504,42.2623386209255,0.05133825831443464,13.776494582906137,245.80125427246097,171.51376342773438,1.4555446506712526
2025-04-24,203.81309077731203,207.7323844355936,201.87334307751465,207.27479553222656,47311000,0.012185209819797135,0.5039973565681782,26.287691075115294,-0.06758611037882511,202.35925633127647,212.865037105247,201.2173179626465,52.404371872613446,0.05153519298978043,12.586354136408039,245.80125427246097,171.51376342773438,2.0766074137051502
2025-04-25,205.28531450927932,208.6475540878433,205.1162098506388,208.18002319335935,38222300,0.013339065433170753,0.47365388523909985,31.42213218599256,-0.12491366930740477,202.91361508004627,212.68131106948672,200.49264602661134,61.13832992494125,0.05147654124314896,11.712400899881045,245.80125427246097,171.51376342773438,2.4781242306413587
2025-04-28,208.89625889548412,210.38837503045187,206.3696155855185,209.0355224609375,38743100,0.014392303147286862,0.4357687600371635,35.078580569401346,-0.19769004710764604,203.4966538782264,212.5383389671907,200.1066864013672,66.34000534152185,0.05116593122848108,10.61178732819785,245.80125427246097,171.51376342773438,2.7121640305597587
2025-04-29,207.59312493762445,211.12446912484504,207.27479957627347,210.09988403320312,36827600,0.015902559197865547,0.3933043273658752,40.37443601255926,-0.3040568668637481,204.12553294060513,212.44271328350493,199.5635559082031,74.3075354340306,0.05097096981908045,9.385411511451641,245.80125427246097,171.51376342773438,2.836111261640937
2025-04-30,208.1999396453228,212.45744310704663,205.58375784941015,211.38311767578125,52286500,0.017818695309246645,0.34192210967441966,34.730846617879735,-0.4312237715616264,204.8167314868124,212.4011605145746,199.03186645507813,62.488551593823054,0.05098024055049015,7.835742629967037,245.80125427246097,171.51376342773438,2.892060917706715
2025-05-01,207.98107159612528,213.43226431553572,207.8020097882055,212.19879150390625,57365700,0.018493016474780896,0.2780282435415673,42.303642868504326,-0.4349666301218942,205.5197848217737,212.39322447494055,198.50614395141602,74.34097488010391,0.05098376631051324,7.11171009217387,245.80125427246097,171.51376342773438,2.866027870772746
2025-05-02,205.0067917796952,205.9020705063368,201.09745506032,204.27069091796875,101010600,-0.00345654074182265,0.2734811908929328,36.19462420354095,-0.4068793747836654,205.4008234976018,212.07469374721617,198.61357650756835,57.61420932777508,0.04713760790907729,6.9468665445218045,245.80125427246097,171.51376342773438,2.2254348358958445
2025-05-05,202.0325295409635,203.0272736250085,197.1682315771274,197.8446502685547,69018500,-0.022621882358102856,0.2892285440378686,31.374263761396133,-0.39658522762739723,204.68118795197827,211.51665282648435,199.13631439208984,46.32368362100812,0.04453300342080293,6.403309235110977,245.80125427246097,171.51376342773438,1.3240141919126742
2025-05-06,197.16823320230833,199.5953960373684,195.98448530396325,197.46664428710935,51216500,-0.022555355142032652,0.30562778348936287,32.653316759820676,-0.3183436998937522,203.99408855532408,210.96567209945005,199.98433380126954,46.32369801392322,0.04354217388216301,6.397624885870712,245.74154663085935,171.51376342773438,0.6893195623308372
2025-05-07,198.12317194216024,198.3917570874617,192.2342889482049,195.2185211181641,68536700,-0.029187752359278528,0.33002798149976503,39.03145231950222,-0.21599585934235488,203.1583202279755,210.34813676685062,201.16957168579103,52.26235302942886,0.04179195773081394,6.143254667021783,240.5688934326172,171.51376342773438,0.13415776381095856
2025-05-08,196.68079799363124,198.99855348942916,193.65676753221484,196.45201110839844,50478900,-0.03946225190952878,0.4080072098907209,66.65111123491904,-0.12808479989721078,202.51962412134912,209.8031906625976,201.10192947387696,50.60300310016395,0.023826366860078222,6.200808128090805,240.5688934326172,171.51376342773438,-0.12016925271188006
2025-05-09,197.95405738682032,199.48595647897335,196.50172445806652,197.4865264892578,36453900,-0.0327905930823469,0.469808656618118,82.62918655896341,-0.14953501929218105,202.0402814897214,209.3201842244274,201.50529861450195,56.79575822965024,0.021655179312864165,5.908066721766529,240.5688934326172,171.51376342773438,-0.18503081825023537
2025-05-12,210.13634313336473,210.435160708662,205.93301745006437,209.95704650878903,63775800,0.046236038800360334,0.5038584420082743,81.75737249937315,-0.026442455347274407,202.794259110585,209.345159215971,202.14772415161133,62.45579066019393,0.02419204021181745,6.233990016586765,237.81346130371097,171.51376342773438,0.602501862887554
2025-05-13,209.5984864444124,212.55675181657617,208.1741443311085,212.0886077880859,51909300,0.05507026691831754,0.5280112735767105,80.12440756072017,-0.06838303776733323,203.6794351751089,209.4527454344853,202.67937622070312,60.06946101510393,0.023854055068684512,5.960135861678984,237.81346130371097,171.51376342773438,1.2218335630118449
2025-05-14,211.59057778761635,213.09462076548897,209.74789716231064,211.4909820556641,49325800,0.04636824271193625,0.5440566514098734,74.23884882136232,-0.0590192159046139,204.42339202087607,209.53267628237467,203.20004806518554,55.35429848365416,0.023864785052890174,5.780684593471798,237.81346130371097,171.51376342773438,1.5263186106627498
2025-05-15,210.116431917556,212.1184991665837,208.71199985896817,210.6144561767578,45029500,0.04023374045403375,0.5562562204217699,78.1837219048241,-0.06919114746447541,205.01301717857908,209.57509902333086,204.0683250427246,53.09383606351383,0.02184552187425758,5.771767098501156,237.81346130371097,171.51376342773438,1.596224722157792
2025-05-16,211.52086084946143,211.73003772257164,208.94109887256835,210.4252014160156,54737900,0.035396088651768604,0.5612795260920521,76.95218012718536,-0.03793862900174649,205.52846329643017,209.6084363720636,204.79235153198243,51.79651703647473,0.021760906137785082,5.683922770291864,237.81346130371097,171.51376342773438,1.5556586252863154
2025-05-19,207.0884445111699,208.65223273202483,203.45285841572863,207.9550018310547,46140500,0.01619472309791816,0.5612987476513857,71.82862321990126,-0.05245743764921751,205.75956220448964,209.54359580182796,205.5828643798828,47.32444037031129,0.021395926392567002,5.906970873985821,226.2843780517578,171.51376342773438,1.2988669995802544
2025-05-20,206.84938410987283,207.64622592622175,204.2198167548668,206.04258728027344,42496600,0.0019869253289515557,0.5554172627589248,69.36493673762912,-0.04653309564057828,205.7865169736119,209.4063013500023,205.95048446655272,43.44109395994533,0.02037778637871818,5.682792289596636,222.71324157714844,171.51376342773438,0.9526469999008549
2025-05-21,204.3592586621154,206.2218644000924,199.91689108628387,201.2914276123047,59211800,-0.03162533477451584,0.542753244819922,60.33854050667425,-0.008597269758865989,205.35841322491598,209.0880710073475,205.8388244628906,37.78503298506741,0.02040129842557723,5.7309864886308,222.71324157714844,171.51376342773438,0.3851910956489333
2025-05-22,199.91690559460176,201.94883789272,198.91088686006037,200.5643310546875,46742400,-0.03465915687318652,0.5242607149077679,73.76150280689016,-0.10685405355510391,204.9018339706085,208.7538066954785,205.50330123901367,45.05113084410714,0.019922985950688078,5.155030387850327,222.71324157714844,171.51376342773438,-0.03525583302569102
2025-05-23,192.9046989896,196.91877297523905,192.6955373289648,194.49838256835935,78432900,-0.0722569836361054,0.4983032434723636,71.20507536612136,-0.08342024183916252,203.9110290751562,208.19477045519932,204.81921920776367,45.48855645573719,0.02087101864515274,5.209768558198994,222.71324157714844,171.51376342773438,-0.682152563472656
2025-05-27,197.51641281084125,199.94677348688452,196.64984031499387,199.4188690185547,56288500,-0.030027372164765375,0.4658883827684801,78.69186891987175,-0.09581115993441658,203.4832043078608,207.85061745768385,204.33838653564453,52.344793788416034,0.021779028217052954,5.341017142850425,222.71324157714844,171.51376342773438,-0.7343888720415069
2025-05-28,199.79736291846777,201.9289060786693,199.11008702875665,199.62803649902344,45339700,-0.025939504254609728,0.4276634410899014,83.93841118032029,-0.10210650893604123,203.11604546892391,207.52816330244227,203.81479415893554,55.568981040388955,0.021727177112710168,5.102542207897271,222.71324157714844,171.51376342773438,-0.7101567844091963
2025-05-29,202.77554227533128,203.0046291598645,197.72556941325453,199.15988159179688,51396800,-0.026843687542239977,0.38154673552992113,81.3246544575295,-0.11043905366095874,202.73926795681658,207.19999539222087,203.20363235473633,53.48731002970825,0.02163639799433622,5.098061764282674,222.71324157714844,171.51376342773438,-0.6808726150247959
2025-05-30,198.5821728136608,201.1619498266407,196.00241099917395,200.05633544921875,70819900,-0.01825690191298959,0.324945404972382,81.20337711669615,0.018401342641862994,202.4837505751406,206.91985186504434,202.59650955200195,53.32131927459697,0.021647206481532674,5.249889868346377,222.71324157714844,171.51376342773438,-0.5613190334212614
2025-06-02,199.48856723355908,201.3312628058232,199.32919584599733,200.9029541015625,35423300,-0.011616493375457348,0.2748292085885832,54.67775668156081,-0.1423818242527649,202.33319853003792,206.68389509000585,202.42812271118163,33.271988448216916,0.02008584653593249,4.467992206947924,222.71324157714844,171.51376342773438,-0.39335453609208315
2025-06-03,200.55437033168948,202.96480586317463,200.16591202699755,202.46678161621097,46381600,0.001049071446188878,0.22508224116768275,55.926286862258216,-0.1846366175295524,202.34592072872107,206.5185180910335,202.65922927856445,31.842139817965418,0.018792157160844133,4.354869803427168,222.71324157714844,171.51376342773438,-0.1571848625427208
2025-06-04,202.10819540070028,205.42503857555045,201.3013985849111,202.0185546875,43604000,-0.0025704258753840316,0.16135509657071445,56.22413010834696,-0.13565363079662984,202.31474301050955,206.34204893795376,202.88682479858397,32.02270846256276,0.01879502248558591,4.410363831102954,222.71324157714844,171.51376342773438,-0.01869226838391569
2025-06-05,202.69585814733983,203.9409187010704,199.35908978394465,199.8372039794922,55126100,-0.019487874367932135,0.06059810700738629,53.603689471233004,-0.11842654054224766,202.0787869123174,206.0869569787984,203.11775894165038,30.511551828989084,0.018774609505317997,4.494315946067969,222.71324157714844,171.51376342773438,-0.05924309314245857
2025-06-06,202.19783403313104,204.8871617909174,201.2515910514923,203.11419677734375,46607700,0.00802397169162574,0.05834124037526925,65.99131872715655,-0.11315905338758103,202.17739737565324,205.97037814736882,203.45086822509765,38.10758459372582,0.01904875002548269,4.655817300455248,222.71324157714844,171.51376342773438,0.13858463486113592
2025-06-09,203.58233063284263,205.1859691550524,199.22960401477,200.65394592285156,72862600,-0.011675103611221068,0.05938508839496428,65.2334953943158,0.025795758144992575,202.0323067611007,205.76189060915246,203.60923919677734,38.119922534511915,0.019279125027268217,4.583247453312064,222.71324157714844,171.51376342773438,0.10899961611833375
2025-06-10,199.8073282051838,203.5425099498084,199.77744796710627,201.869140625,54672600,-0.0018928076149507308,0.07694177760830208,111.51082557354238,0.05293194172062421,202.0167671290911,205.60923374702884,203.2048439025879,43.0514194604257,0.012688414731848764,4.585381518063081,222.71324157714844,171.51376342773438,0.17273750574164093
2025-06-11,202.69585666840095,203.69190510411792,197.62597377823997,197.9945068359375,60989900,-0.045732263377736275,0.0871180944844807,112.36561003022318,0.03581184348940725,201.63369472021932,205.3106170054174,202.50013885498046,44.34575851419117,0.012917812457312015,4.5683070903537555,222.71324157714844,171.51376342773438,-0.03358752639072349
2025-06-12,198.29333609984755,198.890956077424,196.58013147350607,198.4128570556641,43904600,-0.036364761891688344,0.09270445833783088,116.2480614829643,0.0049069852892966725,201.32694827597598,205.040116615231,201.84623260498046,46.2707142135463,0.012975483639577427,4.516369488300776,222.71324157714844,171.51376342773438,-0.1243221037567237
2025-06-13,198.94077463318544,199.57824510364551,194.92670015226577,195.6737365722656,51447300,-0.06268826889109798,0.09885724346085115,128.71274567215153,-0.07930966191478472,200.7885471613369,204.67280759393824,201.09919662475585,52.302915208185574,0.013194141376832233,4.286566004419137,212.19879150390625,171.51376342773438,-0.33906941558109205
2025-06-16,196.52037110088895,197.90487790098297,195.78328974313985,197.6359405517578,43020700,-0.03382704857740584,0.10200729778325987,109.4876659323733,-0.11487160498864057,200.48829891280556,204.39685202365666,200.45973358154296,46.048569929010505,0.013533276720730793,4.056762462290008,212.19879150390625,171.51376342773438,-0.31948774604374996
2025-06-17,196.4207613301707,197.6060614779548,194.43863454049264,194.8669281005859,38856200,-0.05943958733060504,0.10379879398896702,94.69631986910228,-0.10938768581053604,199.95293026402274,204.02312951686957,199.80532989501953,40.52341932466336,0.013619359246711685,4.083797245243758,212.19879150390625,171.51376342773438,-0.4552667165917583
2025-06-18,195.16573699325735,196.7893008408277,194.2991796996429,195.80320739746097,45394700,-0.04339330817185741,0.1055474892223363,100.1931981339596,-0.14966588978688022,199.55771856244542,203.70077962983396,199.2933609008789,43.441053472067885,0.0136523648130815,3.884587344856247,212.19879150390625,171.51376342773438,-0.44380426044793353
2025-06-20,197.4566611092843,200.90298042554332,196.08210930882012,200.20574951171875,96813500,0.006611055192185874,0.10585139382588447,113.11967530997603,-0.14083239441823192,199.61943579570953,203.563719625202,199.23907699584962,50.256772802222,0.013832135540675883,3.880318359185933,212.19879150390625,189.4191436767578,-0.11843429662064864
2025-06-23,200.83324176458547,201.50059236215068,198.1737943867686,200.70375061035156,55814300,0.010819699307033796,0.1056763247762003,109.37117846433627,-0.07269781940687281,199.72270387329448,203.45156397756082,199.2460479736328,49.65351078110958,0.01381970117250039,3.9749420031542337,212.19879150390625,189.4191436767578,0.13772163029275375
2025-06-24,201.78945874554145,202.63610603642124,199.4089034764897,199.50851440429688,54064000,-0.0024117803216295785,0.10564167801754383,111.3131643336089,-0.012627551981114205,199.7023048762471,203.29693458253087,199.49655456542968,44.78763440715668,0.011951299322887297,4.005535483422408,212.19879150390625,192.14474487304688,0.22869507827312674
2025-06-25,200.65396860223956,202.8651975026319,199.82724651799433,200.76353454589844,39525700,0.013077686128418722,0.10424183278426216,130.21782151974887,-0.032578600012744374,199.80337436859483,203.19758556148648,199.56378784179688,47.849828637755124,0.01062836992300362,3.9507528482578147,212.19879150390625,192.14474487304688,0.3672147636232297
2025-06-26,200.63404307360597,201.8392684520338,198.67184150130464,200.20574951171875,50799100,0.0048131175138292764,0.1001774866191857,133.87087492564046,-0.008974752113648843,199.84169581079712,203.08025865757403,199.59267349243163,50.668608851779936,0.010650308282810137,3.8497241363723447,212.19879150390625,192.14474487304688,0.41174813063290006
2025-06-27,201.09222774816857,202.41697405518968,199.20969672208463,200.28543090820312,73188600,0.005166862517073415,0.09366123439700787,113.68840023288826,-0.041804368086268195,199.88395629626436,202.97065756936342,199.64895095825196,44.19461956542166,0.010633478731569545,3.71810410220662,212.19879150390625,192.14474487304688,0.43478134252713896
2025-06-30,201.211736268348,206.57048164253425,198.4726031076903,204.3592529296875,91912800,0.04665772448913645,0.08320487543603146,131.8710119332557,-0.026131867684234478,200.31017502325705,203.02511228937615,199.86409683227538,57.13193152575064,0.011513454373203169,3.8710693446753015,212.19879150390625,192.14474487304688,0.697037003714076
2025-07-01,205.85334490237685,209.35943993298892,205.32544040497007,206.99880981445312,78788900,0.06585961718206802,0.0755893601464618,129.81513263746476,-0.011544754298494664,200.94718786051382,203.18094356486938,200.16888961791992,59.36028484748581,0.01179696736142618,3.9592925604323943,212.19879150390625,192.14474487304688,1.0023646478442658
2025-07-02,208.08449026524104,212.49697770796604,207.31752868499885,211.6005401611328,67941800,0.09476136198277059,0.07159453957032137,147.29896852032974,-0.008103472917258103,201.96179284152515,203.51112382354637,200.625577545166,74.18563007107973,0.012612142536957105,3.918738029549177,212.19879150390625,194.49838256835935,1.4416199313594165
2025-07-03,211.31166931275297,213.8017903991559,210.97301649264048,212.7061462402344,34955800,0.0923840246152675,0.06791178958002238,144.29641900259242,0.02753710868064707,202.98506459378316,203.8717129379263,201.15995712280272,74.80130625022821,0.012582168904958335,3.95573440830614,212.7061462402344,194.49838256835935,1.7153917502283358
2025-07-07,211.83958469799765,215.37555986284275,207.97492690746137,209.1203765869141,50229000,0.04934237990947209,0.06643119305667519,131.49049408058528,0.11672447113549445,203.5693800217004,204.07754288494544,201.62411575317384,72.66625341766357,0.012989587425080181,4.1520978371634,212.7061462402344,194.49838256835935,1.5677878041519882
2025-07-08,209.26978591644843,210.59451698338924,207.6262968509882,209.1801300048828,42848900,0.044982255400547656,0.06406887523018172,128.03458100965452,0.08619762364228345,204.10373716295587,204.27764434062928,201.9274124145508,70.7930011334241,0.012565362982362924,4.204746323140804,212.7061462402344,194.49838256835935,1.3928867950368935
2025-07-09,208.7020103462271,210.4949004226829,206.4011410808137,210.30564880371097,48749400,0.04943018265185141,0.06093463784974179,143.4564665090319,0.07816703078694487,204.69439541445635,204.51403667251483,202.40999755859374,79.55763111737964,0.012166990214748171,4.268778703898235,212.7061462402344,194.49838256835935,1.274885101575381
2025-07-10,209.67816220166208,212.63642743345136,209.2000631819418,211.57066345214844,44443600,0.052690676178924915,0.06595733396490726,138.80549885625462,0.10657243857449905,205.34927808471275,204.79076713446125,202.89507369995118,79.81174795251518,0.012166348373406204,4.33636749749286,212.7061462402344,194.49838256835935,1.2047292188075194
2025-07-11,209.73792710960444,211.29176024279,209.03072603053,210.3255920410156,39765800,0.03959290998729377,0.0679947254918478,129.82501580902752,0.05000024478632925,205.82321274721778,205.00781909158104,203.5116279602051,71.72799431781688,0.0112515298758776,4.153522097031153,212.7061462402344,194.49838256835935,1.005306200672468
2025-07-14,209.10042946873696,210.07656782568804,206.719874444485,207.7956085205078,38840100,0.014435997264555904,0.07295787449410875,106.66473977587702,0.00514127816515364,206.0110599637216,205.11714416722523,203.98076553344725,64.004707890236,0.011749215814441154,4.173444927113191,212.7061462402344,194.49838256835935,0.6510237453361496
2025-07-15,208.393257343384,211.05270487364396,208.09443976951917,208.28369140625,42296300,0.01684679224598299,0.07600629705005196,114.60443965814963,-0.0069364767438905295,206.2275010534862,205.24132249032425,204.61126327514648,67.82674250061066,0.011116339142996782,4.1755801980563785,212.7061462402344,194.49838256835935,0.40937259910995394
2025-07-16,209.4689902412225,211.5606828488181,207.8155461810567,209.3295440673828,47490500,0.022292127491635023,0.07982510407456182,110.80753880752609,-0.015332681043323193,206.52293372147636,205.40164490511086,205.19594345092773,67.55097574548705,0.011010018437006162,4.2033268815868325,212.7061462402344,194.49838256835935,0.2856468488502486
2025-07-17,209.7379236663323,210.9630589706935,208.761785269157,209.19009399414065,48068100,0.019666219506400823,0.08161761299461939,115.81923797147124,-0.0465946584079302,206.77694898553963,205.5502115360532,205.91210174560547,68.72917294897691,0.010311161783559999,4.1343159352159295,212.7061462402344,194.49838256835935,0.16602606209006554
2025-07-18,210.0367321724359,210.95309492429405,208.87135730762196,210.3455047607422,48974600,0.025250972742382406,0.08426142557699833,113.50315512803436,-0.023980095330982443,207.11681144032082,205.7382622507469,206.63921661376952,70.07147584622986,0.010316820019593236,4.053920241185003,212.7061462402344,194.49838256835935,0.13750549301967974
2025-07-21,211.2618927646461,214.9273439465105,210.79374875413163,211.640380859375,51377400,0.03388558870871957,0.08445757783087435,113.99479175618576,-0.08881639992688262,207.54762757546882,205.96971788245781,207.21094818115233,66.33882370988024,0.009347508571041049,3.802774573393886,212.7061462402344,194.49838256835935,0.17616681969208692
2025-07-22,212.29776458434165,214.1006098348481,211.39135685335447,213.5527801513672,46404100,0.04358269160135456,0.0852314304147031,108.85233217796096,-0.1284716718713811,208.11954686841153,206.26709287339546,207.85339965820313,65.20323914039182,0.009449299980491056,3.639136428979043,213.5527801513672,194.49838256835935,0.29391713419396526
2025-07-23,214.15041924441525,214.29982043425815,211.57065737650467,213.30377197265625,46989300,0.037679765592601944,0.08194633961352514,92.08852584899662,-0.1812793850611094,208.61328259262532,206.54304107336648,208.54316253662108,54.95073788938003,0.009265311955843921,3.441350369281941,213.5527801513672,194.49838256835935,0.31646035605921563
2025-07-24,213.05475989741393,214.83769515517375,212.68622683006964,212.91531372070312,46022600,0.030464453738256875,0.07405381122277989,82.83722682771949,-0.17931492117475945,209.02299984291844,206.79293411836008,209.15075149536133,50.63443107620015,0.009309064790391501,3.392971399181133,213.5527801513672,194.49838256835935,0.26852720872831704
2025-07-25,213.85158759699283,214.38946224202752,212.55672164240056,213.0348358154297,40268800,0.028051617664978722,0.06475563540416464,105.24714485650873,-0.26114362786131573,209.4050794593481,207.0377145770687,209.79220581054688,65.0343306289221,0.009229883926161146,2.9952648023415316,213.5527801513672,194.49838256835935,0.21073966449252035
2025-07-28,213.1842678888476,214.00103498726415,212.21809958876685,213.2041931152344,37858000,0.026014915848679203,0.053574580518924775,103.71236755087344,-0.23461105808723992,209.76689980752775,207.27953726483992,210.43814392089843,65.32625410149521,0.009224077782710232,2.910601607062694,213.5527801513672,194.49838256835935,0.15250494178666152
2025-07-29,213.33365491441555,213.96117031669576,209.9869466315705,210.43516540527344,51411700,0.004623612545950585,0.04461769172976746,80.93344561562309,-0.20254065696545787,209.8305441501702,207.40328738799417,210.74193954467773,50.4383998611664,0.008965855593742446,2.9020633458666976,213.5527801513672,194.49838256835935,-0.09082575965936579
2025-07-30,211.06265157316113,211.55072076453231,206.89917652304968,208.2239227294922,45512500,-0.010973744394193019,0.036258064807035015,62.293622327907144,-0.13148572628403854,209.6775325862961,207.43546916609213,210.80319519042968,39.3536217645654,0.008926493172397864,2.9888619165790606,213.5527801513672,194.49838256835935,-0.40161168914780676
2025-07-31,207.66614913739537,209.01080544085684,206.3414028602417,206.74978637695312,80698400,-0.02360894415243649,0.03299295472193657,72.39089373064897,-0.11637645143146846,209.39869961397773,207.40857964494944,210.5606575012207,38.78833401907976,0.0074213074514890105,2.9981094279359684,213.5527801513672,194.49838256835935,-0.6904295789632844
2025-08-01,210.0367334275219,212.73603143542957,200.7037642416869,201.58029174804688,104434500,-0.05146197360905033,0.03249277550367085,50.517542079060206,0.2018990190525205,208.65408934103192,207.180019335267,210.00436477661134,33.27986089503668,0.008974112538266533,3.6000058277368288,213.5527801513672,194.49838256835935,-1.1845935195673478
2025-08-04,203.70186769022783,207.0585613783641,200.88304868853191,202.5464630126953,75109300,-0.042011767475474936,0.03198609751210072,55.29216709782471,0.30848005039900905,208.0724106430951,206.99831124418574,209.6756690979004,34.95303764591945,0.008460426613569102,3.8084641375008306,213.5527801513672,194.49838256835935,-1.387295704715863
2025-08-05,202.59626309701343,204.5285996595603,201.36117265797924,202.1181640625,44155100,-0.04041499979706382,0.03156047090192761,47.40780224453684,0.29811058973284554,207.5053395401813,206.80693292333532,209.32257080078125,30.453631425397433,0.008449861863035696,3.767199161345094,213.5527801513672,194.49838256835935,-1.4825192284449333
2025-08-06,204.81744899810377,214.52892145014,204.77759854868273,212.40733337402344,108483100,0.019220302238622176,0.11653553314848457,50.13374561842321,0.5044013813837331,207.9721960957853,207.02655647042113,209.4276550292969,55.62521843760082,0.014452495073929043,4.496447996066771,213.5527801513672,194.8669281005859,-0.8180426872334161
2025-08-07,218.01508808955717,219.9773047383464,215.7241736307253,219.16053771972656,90224800,0.03901371068921933,0.1785553448624118,50.66648572554678,0.6305157666286327,209.03775244092256,207.5023988723547,209.8071487426758,62.88959830644159,0.01602527484843413,4.888464692327547,219.16053771972656,194.8669281005859,0.0639736398586016
2025-08-08,219.9573735658332,230.08718413442585,218.3836152444713,228.44371032714844,113854000,0.05852482310688499,0.2440078502214207,49.14770519719882,0.49920859283468455,210.8859389062774,208.3236267725427,210.71305465698242,69.91734078306862,0.018268199733211445,5.397159671197995,228.44371032714844,194.8669281005859,1.1974137920954029
2025-08-11,227.27701087414155,228.91238364576833,224.12592192869857,226.53909301757812,61806100,0.04701899655156163,0.28943767228064315,46.1098686180655,0.4561071139239361,212.37671548830605,209.03795878215195,211.65022888183594,65.395790769302,0.018112564181513403,5.545531723739147,228.44371032714844,194.8669281005859,1.7123169573134411
2025-08-12,227.36674823663387,230.1488857994339,226.429412881848,229.0021209716797,55626200,0.0491704383659423,0.32417089879414446,47.337817914973506,0.4908338799622409,213.96008743910355,209.8208671033099,212.68615036010743,67.68274132876095,0.01815998464793246,5.6162681422986065,229.0021209716797,194.8669281005859,2.0873712477629343
2025-08-13,230.4181341091737,234.33703985510917,229.77992501054072,232.6717529296875,69878500,0.05422551217949854,0.3524833542947416,48.8705013630618,0.29961638008600655,215.74215081915915,210.71698027297177,213.85326080322267,70.7220561658279,0.018329520631269868,5.843657467893276,232.6717529296875,194.8669281005859,2.427355114554157
2025-08-14,233.39969406647393,234.4567012802976,230.19875827485632,232.1233062744141,51916300,0.04701287650414424,0.37345009955362257,48.14203913510681,0.23083352133221702,217.30226086251676,211.55644403773422,214.99992141723632,69.84289782172289,0.018363120149990256,6.016886211165728,232.6717529296875,194.8669281005859,2.4528146469211123
2025-08-15,233.33985018068216,233.6190590405621,228.69299310222905,230.9366455078125,56038700,0.03856748743939473,0.3902662719684483,46.509412634410324,0.15642225090115236,218.60077368587827,212.31645193852162,216.02947845458985,68.05149359126104,0.018511908321167572,6.241395535439709,232.6717529296875,194.8669281005859,2.2334819947291518
2025-08-18,231.0463446646661,232.46233685580373,229.4608338889283,230.23863220214844,37476200,0.03260473799681138,0.40049557526712903,48.33577166912487,0.11295287658631503,219.70914116361828,213.01928253709522,216.95939102172852,71.04723725009406,0.018591180809345662,6.17191548413615,232.6717529296875,194.8669281005859,1.8983099058607689
2025-08-19,230.62753117126795,232.2130419457167,228.70298322789472,229.90956115722656,39402600,0.028417300276604343,0.40640982505533935,50.28912229775541,0.08441773960280052,220.68060973443812,213.68164640455137,217.7772300720215,74.00812890016589,0.018600555182432393,6.090380803874674,232.6717529296875,194.8669281005859,1.5273205779106531
2025-08-20,229.33119207499823,229.81981519856657,225.13307755654057,225.3723907470703,42263900,0.012563076458870334,0.41047808966197347,45.35731552488719,0.06797611347205179,221.12744602135547,214.1401069670031,218.3806610107422,69.30757915792478,0.019314259845756004,6.2408865910225915,232.6717529296875,194.8669281005859,0.8812974288571773
2025-08-21,225.63166356522296,225.88095827873423,223.14868274098328,224.26551818847656,30621200,0.008457174676552208,0.4092371034538196,49.91796281406415,-0.07317484874671687,221.42631003727178,214.53718191686482,218.94817123413085,75.68321332162758,0.019366555828709886,5.57660147273747,232.6717529296875,194.8669281005859,0.3136589499796596
2025-08-22,225.53193619713707,228.44369658121065,224.77408575714253,227.1174468994141,42477800,0.015364571306319637,0.4028280331960041,50.78723733553147,-0.12937183577364164,221.96832307176152,215.0305256416707,219.65230178833008,76.67900643032905,0.01948379722777777,5.433934737230463,232.6717529296875,194.8669281005859,0.07683356719209478
2025-08-25,225.84106025439092,228.6531118971015,225.59176554347297,226.51914978027344,30983100,0.012361756070314703,0.39138041544332947,51.01171198730731,-0.12079846815165951,222.40173513923884,215.4810599216159,220.31804962158202,76.39697500220365,0.019522822708119465,5.426357548090995,232.6717529296875,194.8669281005859,-0.16059026934028875
2025-08-26,226.2299670421739,228.84258604761433,224.05612439304167,228.6630859375,54575100,0.017420134644237445,0.3723775279803711,48.92482611910939,-0.1984466730514971,222.99805426288276,215.99800211831723,221.22944564819335,71.34754797270459,0.01918490239711761,4.881764995729043,232.6717529296875,194.8669281005859,-0.2105741162018937
2025-08-27,227.96506627689797,230.24859923631865,227.6160475796746,229.8397674560547,31259500,0.019458488867869578,0.34698999703967087,46.70333124681851,-0.27428705947304266,223.6496459955658,216.54081644528733,222.31023788452148,66.43083392573237,0.018864146800309345,4.529092159466264,232.6717529296875,194.8669281005859,-0.2017019633582633
2025-08-28,230.16884905542523,232.75153884501827,228.69301327644948,231.9039306640625,38074700,0.023831513668895795,0.30209383490973335,40.7114005011642,-0.2857625462421769,224.43576834494644,217.1432915126903,223.56794509887695,56.84419126998833,0.018658344579067097,3.983017636510137,232.6717529296875,195.80320739746097,-0.09930837536576576
2025-08-29,231.85405874294375,232.7216147258446,230.71727541448905,231.485107421875,39418400,0.021996104212326048,0.2607101817095329,46.88628845073879,-0.30358114505819245,225.1071339713206,217.70571566599168,225.06318588256835,60.39396388076546,0.017306917135965747,3.784294607530551,232.6717529296875,199.50851440429688,-0.10189705538006155
2025-09-02,228.6032698757151,230.19876225122124,226.32970313085187,229.0719451904297,44075600,0.012118088398406907,0.20090738963832172,38.197924684290584,-0.283707146136722,225.48473503980716,218.15145015714612,226.38945999145508,50.14704256779511,0.017741801339316205,3.8868611342046386,232.6717529296875,199.50851440429688,-0.2971926954066113
2025-09-03,236.5408165177042,238.17618932549604,233.6988505309185,237.79725646972656,66427800,0.03527856865992595,0.10326915254131101,42.27723917041926,-0.14864835652375996,226.6573561283709,218.92187393411007,228.1734146118164,58.89889532416238,0.01897103370904199,4.1560986521787004,237.79725646972656,199.50851440429688,0.10847311576553409
2025-09-04,237.7772812570227,239.22318747047024,236.07211403385233,239.10353088378903,47549400,0.042035337712167636,0.09366370174037729,52.56860565220624,-0.09981153030890177,227.84270610507738,219.71331146154847,229.5082244873047,61.80832687147059,0.0161084822833749,4.077036540119887,239.10353088378903,200.20574951171875,0.3958314171493038
2025-09-05,239.3229322237051,240.63921565449175,237.8171975861315,239.01380920410156,54870400,0.04066747680236791,0.11329990234685695,59.12172382304317,-0.014127537233060705,228.90662068593682,220.47019372596233,230.50088806152343,64.1906647143316,0.014969328029365911,3.9267474065504024,239.10353088378903,200.20574951171875,0.5039816771295991
2025-09-08,238.62491556233425,239.47250850410185,235.6732593017711,237.20892333984375,48999500,0.036962552704350844,0.16268906375118436,69.83707833063379,0.05270062023820277,229.69731617678508,221.12661449513416,230.93914871215821,61.78756095635089,0.012225990356954012,3.983729280511497,239.10353088378903,200.28543090820312,0.3835319457466859
2025-09-09,236.33140663047269,238.10638391026913,232.70167593051625,233.6888885498047,66313900,0.01727062473400429,0.19350232379701918,61.36125474669605,0.05973978190303808,230.07746592659646,221.61925269335654,231.29663848876953,55.76868612526668,0.012594948346615753,4.119061370649419,239.10353088378903,201.58029174804688,0.015783398020314365
2025-09-10,231.53496736029473,231.76431424305812,225.31256565050364,226.1501922607422,83440800,-0.014867190780235441,0.20488443314829152,49.10052787534129,0.05295689909281731,229.70343986318176,221.7969365979599,231.15404205322267,51.087566908812846,0.014480548353075481,4.376192749121922,239.10353088378903,201.58029174804688,-0.7441868323668617
2025-09-11,226.23995033725743,229.7998710451417,226.010588238333,229.3810577392578,50208600,-0.0012336061894924805,0.21404517132796627,55.12649361338954,0.09189437586189242,229.67273680376042,222.09435311330492,230.98950729370117,56.751800267935614,0.014380860030369019,4.451693268340334,239.10353088378903,201.58029174804688,-1.0211706949095953
2025-09-12,228.57335925244223,233.84842918261825,228.373926506362,233.40968322753903,55824200,0.013795210990513684,0.21849062862444216,54.4874333909535,0.15726513308188217,230.0286364631679,222.53809154915723,231.05382614135743,58.054685479579994,0.014933005505337348,4.5442878600204875,239.10353088378903,201.58029174804688,-0.9276694726339967
2025-09-15,236.33139853346725,237.5180438551372,234.36695488957943,236.03224182128903,42699500,0.021994170068020565,0.22027977968744045,57.496917979787206,0.15948506251970707,230.60040840203658,223.06727391277025,231.30860595703126,61.57768497554655,0.015063296494705699,4.619074593875461,239.10353088378903,201.58029174804688,-0.694474423262184
2025-09-16,236.51088466190768,240.53949594661788,235.65332541334,237.4781494140625,63421100,0.02519281652784988,0.22001632207409969,57.029918396512564,0.12311913816198938,231.25543135556285,223.63240628536994,231.67058181762695,60.91359185224873,0.01506724535839006,4.6261966566401185,239.10353088378903,201.58029174804688,-0.459454729532915
2025-09-17,238.2958480596019,239.42266510979977,237.05934071942244,238.3157958984375,46508000,0.02589956962041594,0.21790097190232255,56.96820557072579,0.052733826348359436,231.9278470263128,224.2082254858824,232.0908935546875,60.58268644796589,0.015054570734705829,4.606966137621067,239.10353088378903,201.58029174804688,-0.27338211742896323
2025-09-18,239.29302360434255,240.51954939992544,235.98238232851827,237.20892333984375,44249600,0.020453076417491743,0.21229004215712075,56.49821393013953,0.04255943449705324,232.4308066752205,224.71805677427304,232.68272018432617,56.78572014105917,0.01427071287087422,4.641154816395237,239.10353088378903,201.58029174804688,-0.2512143910481752
2025-09-19,240.5494606794321,245.60516498271895,239.53234916144805,244.8074188232422,163741300,0.04391851768926446,0.20095522924959092,59.00174501841042,0.12178616885059257,233.60953164169877,225.50587489384046,233.70981521606444,64.39656642226386,0.015571015121502949,5.097719268646641,244.8074188232422,201.58029174804688,0.22318767900484637
2025-09-22,247.5995237986898,255.9160073848096,247.42002368458668,255.35755920410156,105517400,0.06773739950062446,0.186671680606457,60.16584304908714,0.19568251265430203,235.6807723619276,226.67652918051738,235.12182083129883,74.15689118717599,0.017744166468737606,5.522946716542661,255.35755920410156,201.58029174804688,1.1440309259206582
2025-09-23,255.15815615601056,256.6140289111009,252.86464151383095,253.7122344970703,60275200,0.05585774927826772,0.17125269081695604,54.308024472674546,0.11116265284117377,237.39805447003644,227.73675291842142,236.48147506713866,66.81418383007262,0.017862049403743648,5.140456949557203,255.35755920410156,201.58029174804688,1.5155291598936493
2025-09-24,254.49998437943248,255.01852163586057,250.33176892231356,251.5981903076172,42303700,0.04354906677323043,0.15761438847442225,50.96741359304196,0.1396107914940672,238.75044835932985,228.67249556113498,237.62823028564452,62.97908573725522,0.018113245900514954,5.25014832648071,255.35755920410156,201.58029174804688,1.4898672511695645
2025-09-25,252.49566170312627,256.4444966190252,250.99989343760635,256.14532470703125,55202100,0.05281958130239882,0.14584336000120507,53.48324498748287,0.17157820621454412,240.40710324958712,229.74986140999366,238.94350814819336,66.2874254450521,0.01834989170279055,5.437475834556324,256.14532470703125,201.58029174804688,1.6383234459122669
2025-09-26,253.38315498635407,256.87328100426123,253.06405044687503,254.73931884765625,46076300,0.04341172580316122,0.13505738585153645,54.063378308542795,0.06678859739026088,241.77207616368895,230.72984013303926,240.08527755737305,66.79402703364852,0.018493912147710668,5.438188788488857,256.14532470703125,201.58029174804688,1.5044816014123086
2025-09-29,253.8418726304012,254.2806338056043,252.29624220529692,253.7122344970703,40127700,0.03629660807231745,0.1319517892364019,57.24782766546827,-0.05364944454278575,242.90923410020147,231.63111050025617,241.1966339111328,70.14445365509195,0.01854282154217428,5.226643692960745,256.14532470703125,201.58029174804688,1.2214698931549828
2025-09-30,254.1410137555297,255.1980209495745,252.39595068950493,253.9116668701172,37704300,0.0342779079234182,0.1257020970929216,69.52952248002522,-0.060689966370709336,243.95708484019343,232.50485780887817,242.4386199951172,82.76839495784395,0.01822649635828442,4.828482790158497,256.14532470703125,201.58029174804688,0.9352868005676278
2025-10-01,254.32049261064776,258.0599285933123,254.21080232618831,254.72933959960935,48713900,0.03722659329755362,0.10889437182995822,76.47442369416153,-0.07543104699619407,244.9830138648997,233.37640611439704,243.28522415161132,81.7274346505279,0.016513869704085537,4.854124141328954,256.14532470703125,201.58029174804688,0.6994410837492886
2025-10-02,255.85613542550084,257.45162766856953,253.43299812845933,256.40460205078125,42630200,0.039644988391930785,0.10815600627567398,76.07361368840145,-0.12640840206687542,246.070784168317,234.27947262170625,244.15027770996093,80.58356972934975,0.016522272760326768,4.750133203032809,256.40460205078125,201.58029174804688,0.5606444858975204
2025-10-03,253.9515436206674,258.5086431914624,253.23357360959045,257.2920837402344,49155600,0.03920199860529856,0.10877571563523909,76.00222861471703,-0.11119864629550424,247.13947936564247,235.18192795968775,245.06419143676757,79.64407156866126,0.016495600402228715,4.833469556909508,257.2920837402344,201.58029174804688,0.4384001926665242
2025-10-06,257.2621558739689,258.33912604890287,254.3304629034206,255.96583557128903,44664100,0.03115944322029093,0.09784348176566957,73.40608258471585,-0.08721720131667621,247.9800847185612,235.99698316014272,246.00203704833984,75.86497371467016,0.016417163781193605,4.770790457781252,257.2920837402344,201.58029174804688,0.19066454054599546
2025-10-07,256.0855101139428,256.6738420114173,254.70939836699205,255.75645446777344,31955800,0.028563809258890314,0.09058210376419432,75.56693146266456,-0.017849046579729966,248.7206913613433,236.77186438789295,247.10541534423828,74.8367562549788,0.01586306559031862,4.742298975927533,257.2920837402344,201.58029174804688,-0.051898668051705954
2025-10-08,255.79633660873375,257.7906945345413,255.3874895821648,257.3320007324219,36496900,0.03787744970388227,0.11022886912597396,94.96539116800457,-0.05443845755747889,249.5408160633508,237.57814424454114,248.66450576782228,78.27922882745027,0.013274410357442154,4.589873110282484,257.3320007324219,201.58029174804688,-0.16447614276189615
2025-10-09,257.08267167133846,257.27213808351553,252.42584836214985,253.32330322265625,38322000,0.015831143761438057,0.12136501857205932,73.18870207957093,-0.08621909452751031,249.9010529356656,238.1956014593692,249.8616180419922,63.31045509551573,0.01401855559677906,4.340581019382258,257.3320007324219,201.58029174804688,-0.545678097935693
2025-10-10,254.22079760361632,255.65673769030235,243.31165772832736,244.5780792236328,61999100,-0.01948288301969887,0.12334497916141257,32.43031797777692,-0.0837013078181259,249.39410305832914,238.44589470502657,250.42003784179687,32.14403788544385,0.016237563079429494,4.4289018336970845,257.3320007324219,201.58029174804688,-1.3762957813369336
2025-10-13,248.67648318296307,248.98560621270488,244.867252416582,246.9613342285156,38142900,-0.00901285032381206,0.12567116133309345,39.87587417348717,-0.061809181486938924,249.16241078882308,238.7798335098693,250.96649246215821,39.08415102625904,0.016198534079985637,4.475911804540094,257.3320007324219,202.1181640625,-1.7317257967122135
2025-10-14,245.90431694508948,248.1479694164288,244.00966795095763,247.07101440429688,35478000,-0.00783604876406839,0.12821143962581066,43.48006671005143,-0.06443336071529548,248.96323018077297,239.10497785867037,251.4461357116699,42.17241977926072,0.016179368503822213,4.4367367153918185,257.3320007324219,202.1181640625,-1.9118324396825885
2025-10-15,248.78616738422895,251.10959602979932,246.7718617608356,248.63658142089844,33893600,-0.00123350308800724,0.13081577729370766,36.90942068245268,-0.05058929832849801,248.93212077507064,239.4787662336597,251.96217498779296,35.52477766201096,0.016204536869798315,4.3576746502164525,257.3320007324219,212.40733337402344,-1.8753395517531013
2025-10-16,247.54965348458143,248.33741809379524,244.43846029169785,246.7519073486328,39777000,-0.008217835316488476,0.132222627682856,36.143651098606895,0.010337677979185056,248.7244814011242,239.76398745385475,252.43932418823243,34.88103552153572,0.016283334703789905,4.385452548203195,257.3320007324219,219.16053771972656,-1.920911339291286
2025-10-17,247.3203043073955,252.66518358811555,246.57242016484557,251.5782470703125,49147000,0.011436844860689506,0.13714947247011233,51.25143572792272,0.04905112725132432,248.99626860771355,240.22729175253937,252.77786560058593,46.46859936317473,0.015284743825629065,4.646144461125384,257.3320007324219,224.26551818847656,-1.5828713594687365
2025-10-20,255.168106265739,263.63416054313814,254.90884523128253,261.50018310546875,90483000,0.05138282827916949,0.13682183172894116,67.61205185777752,0.18570997235765385,250.18711760749974,241.0615227859876,253.0849967956543,59.500616854945285,0.014773992435408044,5.3071332620365315,261.50018310546875,224.26551818847656,-0.6933148334921357
2025-10-21,261.141213133835,264.5415968076956,261.0913359303388,262.0286865234375,46695900,0.04861353451837158,0.13443747750498325,67.51371087679479,0.18494208604354512,251.31488607568429,241.8837645011817,253.50081939697264,59.20523653784431,0.014661535982053766,5.2572760587623675,262.0286865234375,224.26551818847656,-0.1025971641601906
2025-10-22,261.9090191460537,262.1084670888602,254.7093866241015,257.72088623046875,45015300,0.025445125691320535,0.12767173298043233,57.02154512669698,0.2618511661537819,251.92498132852091,242.50482809840864,253.80695419311525,51.556615145202755,0.015060645334035,5.498736839094404,262.0286865234375,224.26551818847656,-0.038560061697788584
2025-10-23,259.2066564378435,259.8847307097371,257.2821086816683,258.84765625,32754900,0.028237629199553624,0.11888010298404529,59.020265328884015,0.21033067163916552,252.5842837019951,243.14572332003968,253.94207077026368,51.82924072137534,0.014561378235598608,5.307847728108462,262.0286865234375,224.26551818847656,0.03891640159865073
2025-10-24,260.4531458541269,263.3848541030092,258.44880663072195,262.07855224609375,38253700,0.03801093020820267,0.10611137697958058,63.801367567261494,0.15667722144732554,253.488499753814,243.8881871994928,254.30903244018555,56.87992913348237,0.014717842741936611,5.3740894657373905,262.07855224609375,224.26551818847656,0.25494665752347245
2025-10-27,264.13273028939324,268.3607587413759,263.9033682058253,268.0516357421875,44888200,0.05523915447248445,0.08854267689556815,66.51492972763859,0.07072892602679426,254.87546508604007,244.83577341685339,255.0260025024414,62.24913115031715,0.01539162408115519,5.6825010979414525,268.0516357421875,224.26551818847656,0.7209140084431711
2025-10-28,268.23110734142335,269.12859257872884,267.39348082722177,268.2410888671875,41534800,0.05024684394358035,0.07021868136705062,65.11250905106296,0.0718060250289978,256.1483816366255,245.75362892470963,255.74247360229492,61.17691384118964,0.015392197883688806,5.6347801550222085,268.2410888671875,224.26551818847656,0.948369422390531
2025-10-29,268.5203194424725,270.6443152614699,266.35642794866993,268.93914794921875,51086700,0.047671089615857934,0.06427212284658114,71.20493584949344,0.016709569633360566,257.3665498568725,246.66286496488647,256.4529640197754,67.16357284070044,0.01539205909389104,5.5906183652027766,268.93914794921875,224.26551818847656,1.044703104568728
2025-10-30,271.2226702585742,273.36662916750566,267.72259312931254,270.63433837890625,69886500,0.04898136259787992,0.05812801594142298,88.5304768403012,-0.03690297225827477,258.63014876373285,247.60292274582844,257.16445083618163,83.89105154125201,0.015388677860649392,5.111972370646929,270.63433837890625,224.26551818847656,1.1150557581502447
2025-10-31,276.2085578376442,276.53764389728985,268.4006608909581,269.60723876953125,86167100,0.039986950287955035,0.05221331700704973,84.19735546652826,0.0007950408074388626,259.67558590714225,248.46583709969914,257.7802085876465,80.53238841576265,0.01545806321403623,5.378362086165479,270.63433837890625,226.1501922607422,0.9891643758380466
2025-11-03,269.6571458353552,270.08592548154905,265.4988962118729,268.2909851074219,50194600,0.031142871927085543,0.047061036603873375,80.87568506316009,-0.04788156149409206,260.4961001166927,249.24329388431573,258.39646606445314,77.70836986148525,0.015451122042249668,5.4104140721801235,270.63433837890625,226.1501922607422,0.7261628261640247
2025-11-04,267.5730004152706,270.72408938596277,266.86501191822913,269.2781982421875,49274800,0.03151884268411349,0.045612006372572705,80.20179987309282,-0.045885704010665274,261.33249041435886,250.02897640815385,259.07255325317385,77.36651538673486,0.0154335094487851,5.376224300663689,270.63433837890625,226.1501922607422,0.5363570533660287
2025-11-05,267.8521863717013,270.93349568379296,266.17693326929896,269.3778991699219,43683100,0.028681288903386774,0.03946676433708594,84.15370039308709,-0.031213971318450717,262.09871981965057,250.78775769292906,259.67484817504885,81.48770256651139,0.015419329042994884,5.416112963898933,270.63433837890625,226.1501922607422,0.3445174858443778
2025-11-06,267.1342708755924,272.6287059365568,267.1342708755924,269.0089416503906,51204000,0.02536164559124929,0.035931676438818894,82.81117323698257,0.05113541978205949,262.75683618448295,251.50231392655502,260.45913009643556,77.69333781984584,0.014864639083169035,5.373375223734249,270.63433837890625,226.1501922607422,0.13076581004860355
2025-11-07,269.03885049148494,271.5218466038475,266.0173996929098,267.7126159667969,48227400,0.022046330776798646,0.04956757341431777,82.31107657735721,-0.08793546290337817,263.22881521137,252.1380120457802,261.61585693359376,63.59673788897869,0.012140827050653103,4.905413326456539,270.63433837890625,226.1501922607422,-0.14499524611388548
2025-11-10,268.46119877683986,273.2223721938244,266.9639805623884,268.9303283691406,41312400,0.02526907470821188,0.05858431264411772,83.55026964161252,-0.056265559994819636,263.771816464491,252.79653425453944,262.714306640625,64.66280850489963,0.012080354969485547,5.105994094605056,270.63433837890625,226.1501922607422,-0.28439621944273163
2025-11-11,269.3096487524697,275.3983427074405,269.2996575494418,274.73956298828125,46208300,0.04598895857048366,0.06138415009261138,103.07809780276607,-0.06263409235651674,264.81636375247103,253.65704518527443,264.09773406982424,83.98847848187054,0.012634998315046837,5.03948937128657,274.73956298828125,226.1501922607422,-0.03735328745970534
2025-11-12,274.49005224267427,275.2187095291286,271.19618380015726,272.962890625,48398000,0.033082742747682616,0.061942752846517714,92.35938161385818,-0.050811698634261715,265.59222345461666,254.41413716330288,265.3140495300293,77.47667149038702,0.012906288792000103,5.140911064208183,274.73956298828125,226.1501922607422,-0.04507492686178427
2025-11-13,273.6016390736082,276.1868626363035,271.58539619817094,272.4438171386719,49602800,0.028122855786086864,0.06228640703825173,87.64029077971577,-0.04770982746383978,266.24475618643146,255.12118343684676,266.59864501953126,72.55865666506821,0.01268112028652727,5.117012418911417,274.73956298828125,226.1501922607422,-0.1317135256783315
2025-11-14,270.5473523374902,275.4482508823214,269.10005949599775,271.90484619140625,47431300,0.023836114114893153,0.06541894404705578,75.72757255782305,0.04409665089610271,266.7838123773814,255.77936628996676,267.61497497558594,60.98411825704483,0.012291753998855529,5.121725625414383,274.73956298828125,226.1501922607422,-0.26424361497184545
2025-11-17,268.3214829895084,269.98836893107386,265.237217022597,266.9639892578125,45018300,0.0009212803845094311,0.08294162945785728,71.07115348876002,0.07208277108323502,266.8009720802796,256.2179789553725,267.88816528320314,47.13543306655423,0.010094636971329127,5.474048298078823,274.73956298828125,226.1501922607422,-0.6989059705437626
2025-11-18,269.48928956232544,270.20795552947055,264.8279672087311,266.94403076171875,45677300,0.0007290026433159269,0.09584604276888593,68.20209271734798,0.1017099360434246,266.8145967166072,256.6386084379743,268.13393249511716,45.38449808111016,0.0100952617501441,5.552055512931645,274.73956298828125,226.1501922607422,-0.9845200681734241
2025-11-19,265.0376012369211,271.70520656667077,265.0076580872151,268.0619812011719,40424500,0.006894113991873538,0.11116219878005364,71.56009392874498,0.09461267298931397,266.9333952389467,257.08658384045265,268.65098724365237,43.88581575408345,0.009239530630412995,5.627306401593257,274.73956298828125,229.3810577392578,-1.0868786320296753
2025-11-20,270.327749378444,274.91922505965954,265.42688147061517,265.7562561035156,45823600,-0.006278578824997942,0.12126064987465986,65.0754878090364,0.11864451425442346,266.821286749858,257.42657098802374,268.9964172363281,41.371161302233986,0.00951619255668982,5.724117871787014,274.73956298828125,233.40968322753903,-1.2850241307022499
2025-11-21,265.4568071090486,272.8230952896135,265.17732758833057,270.98651123046875,59030800,0.02080978496400854,0.12607567635435554,81.36088653811268,0.16027285000249414,267.2179747956305,257.95833335047257,269.4418151855469,55.13852318726083,0.010078509220837467,5.942599188330353,274.73956298828125,236.03224182128903,-1.0489624275178775
2025-11-24,270.397645153795,276.48633959077114,270.397645153795,275.4083557128906,65585800,0.04318316334462197,0.13052526966956682,94.22409242652225,0.11468829118986013,267.9980110734648,258.64264795292036,269.80965118408204,60.33292009814764,0.009450583559647008,6.101857543276245,275.4083557128906,237.20892333984375,-0.6023228879390325
2025-11-25,274.75950033189645,279.8600396675645,274.7395483878858,276.45635986328125,46914200,0.04406192484474913,0.13254714589374125,95.27732713470641,0.10370878820379903,268.80356810106633,259.3412248905816,270.22041473388674,61.56175136753935,0.009464062016361989,6.127852462218008,276.45635986328125,237.20892333984375,-0.26104861516534594
2025-11-26,276.4464065684995,279.0116481613461,276.11703191175064,277.0353088378906,33431400,0.04244049520256711,0.1323528678615943,96.81387232694932,0.05594945334172641,269.5875434093353,260.0351105355741,270.62522277832034,63.02071369163135,0.009461775065684788,5.942151118548797,277.0353088378906,237.20892333984375,-0.033044434589780014
2025-11-28,276.7458380127342,278.4826014787427,275.4781737009374,278.3328857421875,20135600,0.04482128667778125,0.13005198355693043,102.98230125197969,0.006893717498818841,270.42043315532123,260.75267034759815,271.01015014648436,67.22795323965025,0.009425604531312167,5.763578323325054,278.3328857421875,244.5780792236328,0.15794836127493195
2025-12-01,277.4944549964911,282.89442609469603,275.62792768573877,282.57501220703125,46587700,0.059054840662121744,0.12393893287305224,102.31576070238813,-0.018007816890905692,271.57801211262694,261.6084484597328,271.6585388183594,70.15629719458482,0.0098213987874551,5.835585950290855,282.57501220703125,244.5780792236328,0.503285257957133
2025-12-02,282.47518456741903,286.86701880065203,282.10587559562896,285.6592712402344,53669500,0.06719867503696066,0.11520211653894423,97.23013105147355,-0.06361848943454529,272.9190844104943,262.5516179805368,272.526953125,67.54326528491008,0.00984035633969086,5.713666583628225,285.6592712402344,244.5780792236328,0.8522194327184831
2025-12-03,285.6692634925469,288.0847586222564,282.77461708045536,283.623046875,43538700,0.049015439165665885,0.10317572119294062,92.8714573951646,-0.05258176865666453,273.9385094071139,263.3779485254177,273.24419555664065,66.98462926837807,0.01010508391310171,5.805639141687489,285.6592712402344,244.5780792236328,0.856396937082728
2025-12-04,283.5731318378766,284.20196835267484,278.07334059490756,280.179443359375,43989100,0.026825653579877,0.08782073583487586,79.91706195174827,-0.004616009406628208,274.532884069234,264.03683067576895,273.7842727661133,61.27435064213018,0.010627232732878552,5.91472209308997,285.6592712402344,244.5780792236328,0.5525010964723771
2025-12-05,280.01974631085085,280.6186397013617,277.53434330937836,278.26300048828125,47265800,0.015601454025652595,0.07382643131961981,74.85937915667716,-0.014225812919356096,274.8881332520004,264.5947196880243,274.2469757080078,58.909026534141354,0.010788274540684454,5.681586736351376,285.6592712402344,244.5780792236328,0.16764213658324856
2025-12-08,277.6142094762677,279.15136205700173,275.6378704438954,277.3746643066406,38211800,0.010317678724685723,0.07474773603446719,83.85326920773912,-0.06499685838979696,275.12494573339467,265.0958939867936,274.730078125,66.4563098834242,0.01074220208572401,5.456291196658311,285.6592712402344,244.5780792236328,-0.18255871859042117
2025-12-09,277.6441787437343,279.5107061083118,276.4064879695729,276.6659851074219,32193300,0.00630431834819374,0.07619229722056603,80.95306521832508,-0.07349578310593208,275.2717113880639,265.5496230503477,275.1168609619141,65.04016293679024,0.010764958822094021,5.293736183658273,285.6592712402344,244.5780792236328,-0.48079706050570525
2025-12-10,277.23491184461454,279.2312028389952,275.92734368017386,278.26300048828125,33038300,0.013339276618858503,0.07296048204059272,89.02834826679683,-0.12992701056085199,275.5565960642751,266.04818687144314,275.29303283691405,65.55078859539674,0.00974041169471095,5.051329803612963,285.6592712402344,244.5780792236328,-0.5825922837593094
2025-12-11,278.5824273392719,279.07150890817053,273.3022288840155,277.514404296875,33248000,0.008732428669263412,0.06717873403686067,93.54845760266703,-0.19093465144781385,275.74305399118936,266.4978424567542,275.52060852050784,68.81790697788003,0.009630512365271663,4.785396691835152,285.6592712402344,244.5780792236328,-0.7042880972644969
2025-12-12,277.38461586894516,278.70217518025987,276.30663218031253,277.763916015625,39532900,0.008932742800959395,0.061771743725177485,84.80055693628944,-0.22374138662326748,275.9355170411356,266.93964926298446,275.78661346435547,62.903851830159695,0.009608408770525989,4.410380641739754,285.6592712402344,244.5780792236328,-0.7667755894634771
2025-12-15,279.63046152672615,279.63046152672615,272.33402020742307,273.6016540527344,50409100,-0.00959352808007636,0.061195706519406874,58.28006580665839,-0.17587824510802563,275.7132443755736,267.2009043527786,275.8714538574219,46.52578577967653,0.01024075434873507,4.496648276191678,285.6592712402344,244.5780792236328,-1.068678208310268
2025-12-16,272.3140798989353,274.9891026980292,271.2859911871425,274.1007385253906,37648600,-0.007248013465966081,0.06059805347448796,62.11438480109797,-0.16969665437735593,275.55967238984186,267.4714860850379,276.2282913208008,45.372545211040816,0.009265948879945848,4.395406864135111,285.6592712402344,244.5780792236328,-1.204903382578204
2025-12-17,274.50001118897205,275.6478724530811,271.13626563598973,271.33587646484375,50138700,-0.018148777379686166,0.060948181744177585,51.86392456371757,-0.1069864044200014,275.15740611127063,267.6230308058146,276.44788360595703,39.68935396356915,0.009611601108024802,4.51090619038482,285.6592712402344,244.5780792236328,-1.4356952195920676
2025-12-18,273.1025913325419,273.12257373871984,266.4549687260805,271.68524169921875,51630700,-0.014897349782950733,0.05719344330173177,48.93342101737393,-0.002682115089511994,274.8267237863133,267.78233319379126,276.62904663085936,37.54673618495524,0.00958057695993881,4.7725617071586806,285.6592712402344,244.5780792236328,-1.5116461689168474
2025-12-19,271.6453053723066,274.09077415448866,269.399477884542,273.1625061035156,144632000,-0.007247481906080028,0.05394277408287347,40.09749088146996,0.04041330442156288,274.6682268641421,267.99332036672166,276.9993591308594,30.32955735461249,0.00937412985596857,4.58861869722935,285.6592712402344,244.5780792236328,-1.4111391378980844
2025-12-22,272.3539780142796,273.37210596231955,270.00836035897595,270.4674987792969,36571800,-0.019624061280873843,0.052925340611165786,25.10368367051613,-0.0017443422047337398,274.2681575227283,268.0903469711364,276.9734085083008,17.72686959633627,0.008644141608541718,4.488804582823674,285.6592712402344,246.7519073486328,-1.4683487709921752
2025-12-23,270.3377490962612,271.99467443806464,269.06012395403746,271.85491943359375,29642000,-0.012248292038562963,0.05206945481175374,37.342492992397055,-0.017356153645113337,274.0383253237631,268.2379772637818,276.7957366943359,24.2913106552743,0.007854409872993486,4.319119507268397,285.6592712402344,246.7519073486328,-1.3575354500132075
2025-12-24,271.8349404799371,274.9192064044749,271.69521595033444,273.3022155761719,17910600,-0.003661511749081397,0.05070520469001973,50.518569097997364,-0.08851010404154847,273.9682196335163,268.43657484465984,276.63802947998045,33.54032730465218,0.007906602398927423,4.1116454141521945,285.6592712402344,246.7519073486328,-1.1403024022890051
2025-12-26,273.65160578690546,274.8593534534055,272.35399820928086,272.89300537109375,21521800,-0.00529043595220725,0.04920163345320115,53.83789529447583,-0.14714722935606472,273.86581827519035,268.61133682608863,276.4309143066406,36.14831888055519,0.007884287270297132,4.07029247501943,285.6592712402344,246.7519073486328,-0.9836341649917211
2025-12-29,272.1843267483383,273.8512128461511,271.8449608988494,273.2523498535156,23715200,-0.0030083306168315702,0.047634146247087596,57.97878134606087,-0.13642148969946022,273.8073927112213,268.79333733696814,276.17688751220703,39.068331828084375,0.007798229650905755,3.962632498890526,285.6592712402344,251.5782470703125,-0.8218503195126751
2025-12-30,272.30405905646904,273.57169281796894,271.77504318392386,272.57354736328125,22139600,-0.006826791378517855,0.05560633546168153,65.4928546208114,-0.1380255751473778,273.68988363046515,268.9415808674118,275.6768142700195,39.130336105982074,0.006813255843244948,3.869234748555251,285.6592712402344,257.72088623046875,-0.7297200378190934
2025-12-31,272.553621806917,273.17246717497864,271.24605357156486,271.3558349609375,27293600,-0.014124773557437556,0.06860057985733684,57.20964121548392,-0.12694108742161125,273.4675932809863,269.03625749853046,274.9616424560547,31.277070959416307,0.0061399539322170215,3.770845780311853,285.6592712402344,257.72088623046875,-0.7188056741225761
2026-01-02,271.7551282774649,277.32476727085935,268.5011639041959,270.5074462890625,37838100,-0.017927561237267235,0.07883641574063044,56.887179761753245,-0.02982593790357546,273.1856745198507,269.09395117659056,274.3058624267578,31.108770775053486,0.006047318099898092,3.9890117333481703,285.6592712402344,257.72088623046875,-0.7341603421912268
2026-01-05,270.1381413175191,271.00652312062255,265.64648609237463,266.764404296875,45647200,-0.03739680710798043,0.08375891540590168,43.94325139048911,0.03205392059158063,272.5741249748054,269.0025963969939,273.63511047363284,25.045418291386028,0.006201773496962918,4.200761306798212,285.6592712402344,258.84765625,-0.9482317259212403
2026-01-06,266.5048844877732,267.05385240251036,261.63392891626114,261.87347412109375,52352100,-0.053894880032215056,0.08174088160313812,36.64903108513241,0.026268350613273705,271.55501536969,268.7230229744096,272.8156341552734,24.24385398892572,0.00709939381937646,4.066724318722935,285.6592712402344,261.87347412109375,-1.346727251863792
2026-01-07,262.7119324450406,263.1910228349833,259.3282042611396,259.84722900390625,48309800,-0.05773953509137001,0.07855348847866638,30.463768080103414,0.05398928498710309,270.4399880967582,268.3749526226252,271.9392623901367,20.665624077528435,0.007177965906808935,4.078131966077003,285.6592712402344,259.84722900390625,-1.6540394914685708
2026-01-08,256.5433578451618,258.80916773471864,255.22581364132833,258.55963134765625,50419300,-0.057858831135434635,0.0738949118508888,31.89693698786088,0.08357001894515093,269.30852554922467,267.99003806282246,271.03394470214846,22.00356298349044,0.0071860791645024106,4.085975433611757,285.6592712402344,258.55963134765625,-1.8371813523804272
2026-01-09,258.5995368285105,259.7274461787287,255.74485516422808,258.8890075683594,39997000,-0.051793957688876194,0.07288226313908494,32.33591516953879,-0.023771054142673442,268.31619050342795,267.63313490617685,270.0652450561523,21.93517555449357,0.006951983918630214,3.8941887194589913,285.6592712402344,258.55963134765625,-1.8255162233239508
2026-01-12,258.679389570116,260.81540508500296,256.32375036738995,259.7673645019531,45263800,-0.04092485845548832,0.07202979827369453,28.06564846284157,-0.0763748936891464,267.5020165985256,267.3246733216975,269.1778930664062,19.82903679915536,0.0071238460221705645,3.8799286085780187,285.6592712402344,258.55963134765625,-1.6531659650201893
2026-01-13,258.24022168851656,261.3244878277737,257.9108470550362,260.5658874511719,45730800,-0.03236863236984485,0.0714209527887298,35.25428404470821,-0.045056353741594224,266.8414328702062,267.0596228954024,268.31799163818357,25.61449289304697,0.00720702466878521,3.8834925492490107,285.6592712402344,258.55963134765625,-1.3904631847687905
2026-01-14,259.0087756526009,261.33447181199796,256.23393227813756,259.4779052734375,40019400,-0.036630481641196574,0.0657374371778704,27.893105990894057,-0.009790245534129549,266.1401445276568,266.7623006357175,267.61180419921874,19.0618077296278,0.006658475257714889,4.038206052808527,285.6592712402344,258.55963134765625,-1.2021237111386989
2026-01-15,260.16664839115424,260.55593980217856,256.57331808587395,257.7311706542969,39388600,-0.0413601356968066,0.06455739932626081,16.807516234521415,0.001570877406998239,265.3392898730511,266.4081386756618,266.79332580566404,11.651915630486542,0.006632353721718268,4.092394000105967,285.6592712402344,257.7311706542969,-1.1095669426084798
2026-01-16,257.4217218192236,258.41986733264514,254.4572284259222,255.05612182617188,72142800,-0.04970908983184056,0.0613801900546007,14.805290498337756,0.07762771468213936,264.3599405352531,265.9629615443093,265.97933807373045,10.482061794888779,0.006648964226114492,4.196485690291559,285.6592712402344,255.05612182617188,-1.1386108133662773
2026-01-20,252.26132447540704,254.31750190322293,242.9685916985444,246.2425079345703,80267500,-0.060347118539050656,0.10048773178007414,6.253007133475314,0.2671823337203536,262.6344707637595,265.1896104223587,264.707201385498,6.4671304291368585,0.00959232428818383,4.916576988886258,285.6592712402344,246.2425079345703,-1.6315028385190256
2026-01-21,248.2388060412761,251.09350304772093,244.7253292878455,247.1907501220703,54641700,-0.0515822596088626,0.12741845122630796,9.102907212557161,0.3501028674458204,261.16364022645575,264.4837727635239,263.40861358642576,9.441767089814945,0.009508880852440258,5.243114426445568,285.6592712402344,246.2425079345703,-1.762590311709868
2026-01-22,248.737864640942,250.5345296526772,247.68980878155543,247.8894500732422,39708300,-0.04394689584630108,0.15020090012221574,11.290097228313233,0.32344778347790504,259.8994316404354,263.83301501096383,262.279711151123,11.871524377394039,0.009586006064137856,5.344354849816505,285.6592712402344,246.2425079345703,-1.6719417817840023
2026-01-23,246.8613663013417,248.94748685874615,244.22624741136653,247.58001708984375,41689000,-0.04171395251492172,0.16532649213563969,11.699772975509102,0.2343212445945202,258.72615406418856,263.1956425434689,261.0659660339355,12.08314912052262,0.009359034455118714,5.051328855581945,285.6592712402344,246.2425079345703,-1.507591361755364
2026-01-26,251.01365072947272,256.08423219515316,249.33677343540953,254.93637084960935,55969200,-0.010046542132555156,0.21016754973693516,24.623494801340303,0.2572217310663405,258.36522232946675,262.87174953586657,260.1476737976074,32.52727654690315,0.011952865929203332,5.27591300394348,285.6592712402344,246.2425079345703,-0.8130128385062934
2026-01-27,258.6894015269614,261.4642450011371,257.73115984508394,257.7910461425781,49648300,-0.0014672103760022075,0.2483950316858153,31.7961826689894,0.0891830534297664,258.3105388830964,262.67250626554153,259.39257583618166,43.583284007064606,0.012388586659757556,5.3550523371776615,285.6592712402344,246.2425079345703,-0.10794214860404505
2026-01-28,257.1721946066941,258.3799421919039,254.03801819206552,255.9644470214844,41288000,-0.005997945230418921,0.27699616663254717,31.984801634645745,0.02787650907204342,258.08710156294285,262.4094451187158,258.5281806945801,43.85854145005444,0.012385194499853862,5.38927415332014,285.6592712402344,246.2425079345703,0.2682418826468691
2026-01-29,257.52154586161765,259.16847988830324,253.93820707645816,257.801025390625,67253000,-0.0007194379275690834,0.29752038095445715,35.01875901646279,0.016542524550267723,258.0598562131983,262.22872277643773,257.78955459594727,48.820583284147475,0.012600605928034116,5.432763971124937,285.6592712402344,246.2425079345703,0.651729991381564
2026-01-30,254.6968198516284,261.4143357105436,251.7123589200436,258.99884033203125,92443400,0.0023559743598863658,0.30865511462679895,35.91374806372553,0.15638710001994305,258.14928327213477,262.10206071979434,257.171704864502,50.16626889639771,0.012697988801088479,5.841291526553462,285.6592712402344,246.2425079345703,0.9774432598637581
2026-02-02,259.5477742456141,269.98836769074944,258.72928762151224,269.50927734375,73913400,0.02296104695306028,0.3447156123396114,35.56816217416527,0.19878380233754722,259.23118746943146,262.3925398030867,257.12179641723634,61.41789117587938,0.015897403633778583,6.3246790516694755,285.6592712402344,246.2425079345703,1.841951943649323
2026-02-03,268.70080609664296,271.3758289780004,267.11372779647115,268.98028564453125,64394700,0.020317696488722333,0.36353789489609045,35.91050818890801,0.19238486657788423,260.1596730099171,262.650882777261,257.23259048461915,59.92469809045589,0.015574460220557028,6.385283366583173,285.6592712402344,246.2425079345703,2.2901394505265467
2026-02-04,271.7850411492978,278.432693698261,271.7850411492978,275.97723388671875,90545700,0.032540933009068955,0.3800003290129763,39.91137060486508,0.2424922034959318,261.66610737913635,263.1734847815535,257.9377784729004,67.07998989069314,0.01590108854677425,6.696131118002413,285.6592712402344,246.2425079345703,2.928958393531122
2026-02-05,277.6142303156022,278.98168486317746,272.72332314901723,275.3983459472656,52977400,0.028711954400855975,0.3873309025048404,41.77559283164188,0.2624667685630937,262.97393962372007,263.6528911017775,258.71533432006834,68.74210065577509,0.015754728826018253,6.8586839749921,285.6592712402344,246.2425079345703,3.163625627741263
2026-02-06,276.6060720438839,280.3890519626743,276.4164219647768,277.6042175292969,50453400,0.0309798375813565,0.38720529853718233,45.88519864699103,0.1867439432505742,264.3672994242512,264.2000019420724,259.6675636291504,74.16049620092897,0.01567550793352056,6.932117339898222,285.6592712402344,246.2425079345703,3.303183060626118
2026-02-09,277.6541982366954,277.9439398399519,271.4499228389202,274.3672180175781,44623400,0.02089617210606264,0.38121054524721776,51.61222458685199,0.032871491917707774,265.31967262361565,264.5987162979746,260.4414741516113,84.22619080778139,0.01604234352888638,6.532580687998524,285.6592712402344,246.2425079345703,3.020931741359533
2026-02-10,274.6369782150198,275.11651686144285,272.68876099546605,273.4280700683594,34376900,0.01705462077198579,0.3702392313673215,50.68521944677251,-0.021010986024446288,266.09190095168645,264.94496546544065,261.12450942993166,81.93641205162908,0.016106477605559902,6.251122267005765,285.6592712402344,246.2425079345703,2.628853152600345
2026-02-11,274.44714753122867,279.92208361183503,274.1973776592452,275.24639892578125,51931300,0.019421003912134957,0.35376528979590927,51.589948161164,-0.03285361829315003,266.9637579016002,265.34894324819913,261.8585350036621,82.41569927537415,0.016130815724503672,6.476138982210677,285.6592712402344,246.2425079345703,2.3584744062670233
2026-02-12,275.3363333447182,275.46621856633783,259.94051360693726,261.4891052246094,81077200,-0.009585675358022887,0.34736866976834757,32.22565440932265,0.056745950857423955,266.4423624085535,265.1975770511956,261.9590950012207,62.49807362508933,0.01997677531170973,7.247886518783602,285.6592712402344,246.2425079345703,1.179173179673582
2026-02-13,261.7688319830923,261.9886306947134,255.21485759663088,255.5445556640625,56290700,-0.018968112818608752,0.3311895218186416,25.815001348953423,0.027721137561124154,265.4044760519353,264.81902719287666,261.84976425170896,50.56071342757996,0.020595748041661754,7.1242835182673945,283.623046875,246.2425079345703,-0.012098624930230173
2026-02-17,257.8124646511843,266.0449008431299,255.30478047881587,263.6371154785156,58469100,-0.0029958738998437755,0.3070048678715576,27.289038502444935,0.13663475468330932,265.2361559973239,264.7726777138821,262.2788139343262,54.91505819639912,0.021624807241307196,7.425158247752127,280.179443359375,246.2425079345703,-0.252581817162546
2026-02-18,263.35737977838915,266.57441720150126,262.20844437502524,264.106689453125,34203300,-0.0021217236748362267,0.29338037766573033,31.380059043989547,0.1880868272699452,265.1285877550193,264.74656052718575,263.1720230102539,57.005407295884666,0.019856745461239535,7.426876021083386,278.26300048828125,246.2425079345703,-0.3704280632409871
2026-02-19,262.35827847824623,264.2365527856389,259.81060750150084,260.3401184082031,30845300,-0.008985164699012619,0.2738077687953424,28.606276558968425,0.13793482120468492,264.6725430553225,264.57375887546095,263.82949142456056,52.11436116819085,0.02025828230976806,7.369424054818596,278.26300048828125,246.2425079345703,-0.6747267506447834
2026-02-20,258.73163460792017,264.5063132392292,257.9223826043077,264.3364562988281,42070500,-0.0006356485402855674,0.24740849160031822,30.009723959006603,-0.01395993801008144,264.6405347927992,264.56445289206357,264.65184173583987,54.24682028124201,0.020452093549064708,7.146706472277278,278.26300048828125,246.2425079345703,-0.5829898246200771
2026-02-23,263.24744081710827,269.1819753311392,263.13755670993424,265.9349670410156,37308200,0.002491599448059012,0.20682057628156453,26.29733170492204,-0.04913516746057822,264.7638140545341,264.61819854496366,265.56958923339846,46.68619288058999,0.02042956246019712,6.7742306545606885,278.26300048828125,246.2425079345703,-0.39952942494832555
2026-02-24,267.61343657617186,274.6369951599546,267.46358073991865,271.8895263671875,47014600,0.014222901015593701,0.19108617468744096,30.71474974473127,-0.044953917972870294,265.44245332240587,264.9033486556391,266.41724700927733,52.45066535320121,0.02000152690896571,7.091368292947097,277.763916015625,246.2425079345703,0.11070762620377161
2026-02-25,271.5298429675081,274.6869380517792,270.8005039088116,273.97760009765625,33714300,0.017332335535931866,0.17694676642881713,28.782592079298034,-0.09870600924395034,266.2553244438583,265.25920165336527,267.22657470703126,48.16369677511928,0.019944876011409696,6.693798727892656,277.763916015625,246.2425079345703,0.5520120794634482
2026-02-26,274.6969199809464,275.8558253670768,270.55071567552415,272.6987609863281,32345100,0.013318905379894563,0.16068355917413413,28.992593347661636,-0.10091897977100495,266.86898506695064,265.55094907818733,268.06329040527345,47.5523833134853,0.019886239857902173,6.625709297706401,277.6042175292969,246.2425079345703,0.7108503481188077
2026-02-27,272.5588900215503,272.5588900215503,262.6480379442022,263.93682861328125,72366500,-0.005748143547269444,0.1429008126443937,22.484186434571434,-0.022327401799302926,266.5897320713631,265.4876502364263,268.3700805664063,38.924908489222716,0.02137580540927264,6.987139085329064,277.6042175292969,246.2425079345703,0.2051440182065991
2026-03-02,262.16844722421786,266.2846497598317,259.960490133898,264.476318359375,41827900,-0.00423002541192044,0.12088571848117344,24.526075938481036,0.029638164295948455,266.38845457498326,265.44799016281644,268.6439544677734,41.61870099886165,0.0213628891690765,6.975006415679208,277.6042175292969,246.2425079345703,-0.09744856515373823
2026-03-03,263.23749216234586,265.31556422164516,259.8905695547566,263.5072326660156,38568900,-0.006499519831547159,0.13149094261861397,27.599822942435924,0.013781065158993133,266.1140524884149,265.371882025687,268.3438522338867,41.59759563542075,0.01926510147289051,7.189094901458619,277.6042175292969,246.2425079345703,-0.3529226391590309
2026-03-04,264.4063951364299,265.9050144519466,261.179387723623,262.2783508300781,39803100,-0.00878834073774424,0.14172777479680757,26.182773165951154,0.05512308401042931,265.7487475685733,265.2505670768396,268.0087554931641,38.906006630231204,0.019282051298295987,7.0627815575191875,277.6042175292969,246.2425079345703,-0.5812465720322038
2026-03-05,260.54995479568396,261.3192350446657,257.01320478174756,260.0504150390625,49658600,-0.014014643805657867,0.15985186724053743,34.94036613596454,-0.0446480206075518,265.20604923242945,265.0466395459464,267.21241455078126,48.46676766145887,0.018245975251517964,6.329884492442758,277.6042175292969,246.2425079345703,-0.8430167155099104
2026-03-06,258.39192833924307,258.53178361058343,254.13584003818684,257.2229919433594,41120000,-0.019885126875496734,0.17581221965467136,37.797486377186765,-0.10284980401389754,264.4457580620418,264.739829836041,266.30364685058595,51.9160330288295,0.01833329237582306,6.268513199785127,277.6042175292969,246.2425079345703,-1.148364346012152
2026-03-09,255.45463216869055,260.9095975388004,253.44647267699952,259.6407775878906,38218500,-0.012147197218273724,0.19058433226735905,33.01520379338828,-0.13484780760948678,263.9881408740274,264.5398670027802,265.4054748535156,44.75890112704918,0.018380776841088457,6.034442092462762,277.6042175292969,246.2425079345703,-1.1276643511185689
2026-03-10,257.4128391437035,262.2384104290217,256.71350175461305,260.58990478515625,30590800,-0.008758945675329088,0.2055747292105507,34.13523217062176,-0.1490968879522222,263.664499341754,264.38496652365774,264.7166091918945,45.44511673573155,0.018327709925010104,6.117223224457951,277.6042175292969,246.2425079345703,-0.9948453250478684
2026-03-11,260.8496568052655,261.888707997661,259.3110658747261,260.5699157714844,26218900,-0.008103970810521626,0.21989885517068652,38.36638936309639,-0.15257161483150727,263.3697770969664,264.2353566902392,264.0737014770508,50.32961953238675,0.0183332614137564,5.985201570086297,277.6042175292969,246.2425079345703,-0.8582941339791255
2026-03-12,258.4219063383753,258.71164792954545,253.94601921584928,255.52456665039065,40794000,-0.020632425848068448,0.2323240706777324,28.802172457029226,-0.05400228300250498,262.62261419729253,263.8937570808334,263.0876098632813,37.729559748427704,0.01859000133008768,5.988056278708697,277.6042175292969,246.2425079345703,-1.0453124492214414
2026-03-13,255.24483747003177,256.0940459350445,249.29033192864068,249.8897705078125,36930000,-0.0402078873796485,0.2495278399416695,27.293733075034,-0.036088547508701385,261.40996241734206,263.34458113679335,262.5076431274414,29.915017713874875,0.01575016047675931,6.042291663365759,277.6042175292969,246.2425079345703,-1.4605687066570565
2026-03-16,251.8779423541949,253.6563027081548,249.6499992581203,252.58729553222656,32074200,-0.029290807331598872,0.26173613084833824,22.653626691009084,-0.054281626867856425,260.56970842828343,262.92272679935934,262.3597801208496,23.69281473911613,0.01521917351268274,5.706882758444012,277.6042175292969,246.2425079345703,-1.4620334627813916
2026-03-17,252.72716690012703,254.89516767044785,251.94787083452104,253.99598693847656,32361600,-0.025248235954524682,0.274213994328823,24.55579385899839,-0.07804549298157115,259.94363971496847,262.5726585695208,261.87772369384766,22.25304005305658,0.01331883843496094,5.639801522226814,277.6042175292969,246.2425079345703,-1.2829830179811776
2026-03-18,252.3974721128864,254.70534343896443,248.7708084606242,249.70994567871097,35757900,-0.03873515424045356,0.2903599030211926,22.25049917402645,-0.05019732339589311,258.9690021877058,262.0682384561557,261.15788650512695,20.537776343707534,0.013704276008198582,5.684760471283068,277.6042175292969,246.2425079345703,-1.3606756195778051
2026-03-19,249.17043241392184,251.5982036354298,247.0723745163624,248.73085021972656,34864100,-0.040008091047673736,0.3005164327533607,28.588215733083636,-0.11655386241536825,257.9939400955173,261.54520362335455,260.5774230957031,25.655801900458712,0.013437962848771554,5.290125191064602,277.6042175292969,246.2425079345703,-1.381074203809101
2026-03-20,247.7517334570195,248.97061168291063,245.77356028907465,247.76173400878903,88331100,-0.042488990981882684,0.3082321984792827,27.843180008823218,-0.161450555579275,257.01944427773367,261.0046754031755,259.74868698120116,23.60369651915127,0.012789064171347871,5.066760317343336,277.6042175292969,246.2425079345703,-1.360708080662853
2026-03-23,253.73622734962268,254.3656523266213,250.0496214753341,251.25851440429688,40546100,-0.0233867037034259,0.3090602987845598,36.92347313687348,-0.09741107929155723,256.47078428978733,260.6224730110626,259.0148643493652,32.08651331351706,0.013214621236726702,5.150969149553601,277.6042175292969,246.2425079345703,-1.0277546372713289
2026-03-24,250.1195650925759,254.5954370944537,249.32029842391177,251.4083709716797,45152300,-0.023086593134792898,0.315380592433913,43.33427408437789,-0.07971584068797266,255.9886496880628,260.26113567618484,257.99080657958984,33.58480827148236,0.011861547645110658,5.190220002569196,277.6042175292969,246.2425079345703,-0.7275818860297703
2026-03-25,253.86611511385965,254.76528059453105,251.3684162845015,252.3874664306641,28476700,-0.016775693253132946,0.31824015512815357,49.98376734694251,-0.11046888738393301,255.64567985402482,259.9523643332233,256.9112998962402,37.97428282569963,0.011697102973848713,5.056771306976265,277.6042175292969,246.2425079345703,-0.4091125940905975
2026-03-26,251.88793104116343,256.76344411909713,250.53918279672283,252.6572265625,41796700,-0.013955014275790528,0.31693437529581386,55.63054055934355,-0.03992976062447595,255.36106525483197,259.6662804990773,255.90922317504882,42.2093915753056,0.011750853401455158,5.078891758511882,277.6042175292969,246.2425079345703,-0.14020574451908185
2026-03-27,253.666280215245,255.2548282141602,247.8416601166152,248.57098388671875,47900000,-0.03694792531218131,0.30776108947533753,49.21891861491536,0.0016900544585150001,254.71439083882117,259.2311708280044,255.14093093872071,32.12904471791056,0.010155379044274628,5.075323418207889,277.6042175292969,246.2425079345703,-0.19413058055445376
2026-03-30,249.83982057534303,250.63907198816295,245.2840052006544,246.40298461914065,39446200,-0.04554188437482164,0.29211196646607424,43.003455862556585,-0.017040928055903293,253.92282834170874,258.7281047021666,254.23726425170898,27.964008786391588,0.01016231985404393,5.063191854857881,277.6042175292969,246.2425079345703,-0.3247129580207879
2026-03-31,247.6818040942864,255.24482803058763,246.87255213324852,253.5563812255859,49598100,-0.001645637010726228,0.27815246236123364,51.770863146650655,0.0617343390664582,253.8879286163637,258.5252920168105,253.7397216796875,41.08231627463355,0.012494040203082762,5.510634804037315,277.6042175292969,246.2425079345703,0.099112341365033
2026-04-01,253.8461228128272,255.94418062939917,253.096813183035,255.3946990966797,40059400,0.006712653944607201,0.2602590812019172,62.316903924719085,0.0364088875392512,254.03143056686997,258.40252366700145,253.3955390930176,49.82021128501081,0.012635980356951846,5.240882724803677,277.6042175292969,246.40298461914065,0.5087902044369152
2026-04-02,253.96601496217016,255.89424639361263,250.4192795609811,255.68443298339844,31289400,0.007451033876023493,0.24646879186192525,75.24291928143502,0.013207695117161355,254.1888593684441,258.2959318754876,253.17723999023437,59.415585542565374,0.012528534402861995,5.145972212391371,277.6042175292969,246.40298461914065,0.7881380900639519
2026-04-06,256.27389167390277,261.9186847371787,256.2239194053331,258.6217041015625,29329900,0.019945806854103052,0.2291705696042209,75.63097850437401,0.04527553020806052,254.6110350573125,258.3087072569023,253.24717559814454,59.72933968980934,0.012577318248048043,5.305111376944637,277.6042175292969,246.40298461914065,1.138317107824684
2026-04-07,255.92421782448065,255.96418954301225,245.47383916108728,253.26666259765625,62148000,-0.005785030469369353,0.2073304988981123,59.25485891810338,0.19168373574928288,254.4829995849643,258.1109800153633,252.9284698486328,48.95684880473123,0.01322181901897041,6.033723384412381,277.6042175292969,246.40298461914065,0.9827442700924571
2026-04-08,258.2121146377317,259.51090582044134,256.29386854025813,258.66168212890625,41032800,0.01685880156312372,0.1816497638634083,70.93235258797056,0.09893789322347568,254.880969351054,258.1325761766787,252.83205871582032,62.40996518548066,0.014118386938241152,6.055845401872729,277.6042175292969,246.40298461914065,1.2021352607854539
2026-04-09,258.7615948993736,260.879638597066,255.8342992320816,260.2502136230469,28121600,0.02155597750165345,0.1512724512592413,74.45964055217921,0.16258149562187096,255.39232594838666,258.2156207824186,252.81607360839843,65.70415570918564,0.014191298092769818,6.092953276581085,277.6042175292969,246.40298461914065,1.3993843933158474
2026-04-10,259.7406946341393,261.94865175168746,258.78155637925676,260.240234375,31291500,0.020542187329935766,0.10862216512725245,80.84472329331042,0.18360793828227395,255.85403151282603,258.2950173938924,253.0518569946289,67.4685603039367,0.013439056758170788,6.090813560766422,277.6042175292969,246.40298461914065,1.467212611390419
2026-04-13,259.49093671136296,259.9405042051452,256.4237552437805,258.96142578125,36234700,0.014252746364464499,0.09103387210242068,79.85784756434629,0.11057249190418639,256.1499738241045,258.32115105614173,253.50543975830078,61.4972073349932,0.01239788085489971,5.891710761722655,277.6042175292969,246.40298461914065,1.3660488413575278
2026-04-14,259.01136264890187,261.68888841493145,256.9532612999924,258.59173583984375,48370700,0.01133259893321306,0.07517848506962485,79.76718887235333,-0.02992334100732541,256.3825225875082,258.33176222413005,253.80566177368163,60.65184150066003,0.012234300090806798,5.853174222036736,277.6042175292969,246.40298461914065,1.2191716659810274
2026-04-15,257.92237663273806,266.3146386359468,257.57269269729437,266.18475341796875,49913500,0.040250707558463696,0.0725375914021521,78.36669386935536,0.029578094085798146,257.31606838088544,258.6397226631041,254.41510009765625,67.10429694342308,0.013740814641312929,6.234965766938369,277.6042175292969,246.40298461914065,1.5567244107071856
2026-04-16,266.55439590858066,266.91408037974617,261.0294875448873,263.15753173828125,43323100,0.024505354230934386,0.06758523358997538,74.35138900203334,0.019325678400873514,257.87239822444695,258.8168916464444,255.08747940063478,62.18407883386617,0.013384332129658411,6.21070373211584,277.6042175292969,246.40298461914065,1.4989064232853557
2026-04-17,266.7142527536172,272.0493335842862,266.47448343207725,269.98126220703125,61436200,0.047424798848459015,0.06717848091638513,82.25587571027656,0.037024096275179774,259.02562336564546,259.2547100998007,256.15,73.35950839191204,0.014242790173467124,6.316320428434409,277.6042175292969,246.40298461914065,1.821557076554115
2026-04-20,270.08114756253855,274.0275237795767,270.04120633500696,272.79864501953125,36590200,0.05382367845349711,0.0693044291658848,88.15406864246465,0.05620160142278596,260.3373397136346,259.7858448025353,257.40184555053713,78.39638914405667,0.014174208484905988,6.222834341651331,277.6042175292969,246.40298461914065,2.105936777602142
2026-04-21,271.250098918132,272.5488901425708,265.1557075406741,265.9250183105469,50209800,0.01992813548158356,0.07780997955341433,65.1812390098676,0.04852477831654811,260.8694995800072,260.02659670481023,258.1351707458496,63.3867322237383,0.015496124632162454,6.137198203609202,275.24639892578125,246.40298461914065,1.728163889786438
2026-04-22,267.5734973129919,273.48803128351057,266.62435952726383,272.9185791015625,43249200,0.04060565751918268,0.09106015064567419,65.44950554655254,0.038342513645710286,262.0170309630125,260.53216464193775,259.21068115234374,67.06230528206522,0.01633345690601467,6.47403002693774,275.24639892578125,246.40298461914065,1.8362027412127937
2026-04-23,274.79681820267325,275.5161566987003,271.39995382845746,273.1783142089844,33399600,0.037435374278257355,0.10054466799168564,65.38458554833272,0.02677180127270451,263.0800103197717,261.0280920759396,260.25022354125974,67.04305274389999,0.016349974023813697,6.376975458195689,275.24639892578125,246.40298461914065,1.8091533027859947
2026-04-24,272.50893317942314,272.80864483253174,269.4017800912603,270.81048583984375,38157100,0.025499617428513054,0.10874032317658024,59.640560483511585,-0.018190373851172392,263.8162460835881,261.41171536079855,261.15788650512695,62.00790100295836,0.01658795771725136,6.2014241984773895,273.97760009765625,246.40298461914065,1.527042728695728
2026-04-27,265.84505761361925,268.1129570778125,264.8260075108844,267.3636474609375,41466800,0.011775497218033048,0.10587417420543085,62.44279673097474,-0.08566524290338284,264.1540938338119,261.6451244627648,262.0975196838379,64.430334034758,0.016388443515942257,5.689753726226257,273.97760009765625,246.40298461914065,1.0275131412595289
2026-04-28,272.0893199684016,272.97851539952296,268.4127145556596,270.4608154296875,40018900,0.021011914588776374,0.09840926089296474,61.102862874898925,-0.0802320274642917,264.75473398580004,261.99083783401665,263.30041122436523,62.67439695369171,0.016201244569892075,5.644798348783427,273.97760009765625,246.40298461914065,0.8331769815932115
2026-04-29,267.3037117460274,270.7905199823619,266.7942019267937,269.92132568359375,30047900,0.018148400838775357,0.09763695569632604,62.43435289461146,-0.13965980508615483,265.2467903379709,262.3018373575295,264.1186584472656,60.62804476011164,0.015213518843326864,5.569868255253701,273.97760009765625,246.40298461914065,0.6063355941475828
2026-04-30,270.25102650288807,275.7459641951834,267.893213328058,271.1002502441406,91848200,0.020431067661907734,0.09650252282668034,63.203041316706695,-0.07408175362230063,265.80426270998703,262.64687315700445,264.9039360046387,61.63564251545758,0.015187177057328041,5.904557933446179,273.97760009765625,246.40298461914065,0.4792951850807996
2026-05-01,278.6032901046287,286.95561044034525,278.1137509144006,279.88214111328125,79915400,0.04471990307468234,0.09908619449710487,65.00901485842562,0.09079427451155464,267.14501303411026,263.32276601803494,266.1138214111328,69.31020379190173,0.016524145562341566,6.7644780095165435,279.88214111328125,246.40298461914065,0.9055789011838087
2026-05-04,279.4025768563376,280.3716851917065,274.60697695873915,276.5751647949219,46668400,0.02916569677004207,0.10154935157161846,60.240499976770735,0.2018066392122615,268.0431227256161,263.84246793085407,267.0114944458008,65.74527265877373,0.016836046304553886,6.8379838036614204,279.88214111328125,246.40298461914065,0.8827817028712328
2026-05-05,276.6750995896243,284.30808218316156,276.2455026895375,283.9184265136719,49311700,0.04934554205693283,0.1033921580765172,60.74471400253539,0.20278125266951474,269.55505641971666,264.6297604242979,268.54408264160156,65.59480353022445,0.016574835654217468,6.789457629016539,283.9184265136719,246.40298461914065,1.2573656269133195
2026-05-06,281.66051049385584,287.76487170009636,280.8112868075762,287.245361328125,58336100,0.055498902464960496,0.10540218199221939,66.84420869987147,0.23267084424980555,271.2398473633746,265.51664673425194,269.9732666015625,71.07150713426863,0.016240007114186057,6.865814204563772,287.245361328125,246.40298461914065,1.6022056408637981
2026-05-07,289.00371711581823,291.8611003514943,285.5169394038565,287.1754150390625,45224300,0.04933503689995968,0.10707029890686308,62.58512595591877,0.1319797231254196,272.7575204753449,266.3660101971857,271.3195266723633,67.05648501111634,0.016286920084290533,6.6838398546804045,287.245361328125,246.40298461914065,1.689892897810691
2026-05-08,289.7430674686918,294.4886952888782,289.7330669166447,293.0500183105469,52692800,0.0609721901394081,0.10642458579247158,62.88960267461535,0.022576808128710324,274.69013931679274,267.41244188790574,272.96001586914065,68.9404002619016,0.016591182923836476,6.917198331628279,293.0500183105469,246.40298461914065,1.9873207352970867
2026-05-11,291.9800109863281,293.8800048828125,290.2300109863281,292.67999267578125,42247300,0.05371973766354463,0.09768909127222244,71.60156503743015,-0.030125214366054975,276.40345868431547,268.40332623252834,274.6459442138672,78.48869137638242,0.016483529557488198,6.631988075744508,293.0500183105469,246.40298461914065,1.997571112443663
2026-05-12,292.55999755859375,295.2699890136719,292.55999755859375,294.79998779296875,45748100,0.05455528588329614,0.08340344466577065,69.28732952235669,-0.0742495166701167,278.1555090756158,269.438489430977,276.45635681152345,75.9975373387595,0.016384226869779174,6.285343681609825,294.79998779296875,246.40298461914065,1.9816413179079495
2026-05-13,293.5,300.9200134277344,293.5,298.8699951171875,52684300,0.06373930876131843,0.07547038964571158,74.30131822215876,-0.050173809587319096,280.1283172700512,270.5926661245539,278.0906188964844,77.99030622049658,0.015602324113702947,6.521330150002078,298.8699951171875,246.40298461914065,2.070066027168666
2026-05-14,299.82000732421875,300.45001220703125,295.3800048828125,298.2099914550781,35324900,0.05646107760688407,0.061911456353284565,78.79615211664455,-0.01049079015682508,281.85038147814896,271.6756984904568,279.8432418823242,81.00469027667177,0.0151969577961671,6.613721093323128,298.8699951171875,246.40298461914065,1.9126863981653184
2026-05-15,297.8999938964844,303.20001220703125,296.5199890136719,300.2300109863281,54862800,0.05952780725651314,0.05402697331439874,89.77701522414137,-0.03669049955039194,283.60082238368983,272.7954754510792,281.3556793212891,88.43187844140644,0.014487082224688102,6.6634028693517,300.2300109863281,246.40298461914065,1.7761648921485724
2026-05-18,300.239990234375,300.6600036621094,294.9100036621094,297.8399963378906,34483000,0.044908237102911905,0.04266560651433208,82.00185076354805,0.006192273453932584,284.9569341888518,273.7776135250718,282.60774688720704,82.55388569939831,0.014733984630298841,6.673055159452738,300.2300109863281,246.40298461914065,1.3743872186932435
2026-05-19,296.9700012207031,300.510009765625,296.3500061035156,298.9700012207031,42243600,0.04956500052533862,0.05188913171437626,94.082463614344,0.0635451817933479,286.29151200140905,274.76555029744947,284.25999603271487,84.0606220653497,0.012979951907253769,6.6847469884913915,300.2300109863281,246.40298461914065,1.0489208844974645
2026-05-20,298.17999267578125,302.79998779296875,298.0799865722656,302.25,38229800,0.05951763045955169,0.06752222349072699,100.61668420307755,-0.00925439933415606,287.81136800127484,275.8433718544122,285.72656707763673,84.80910350227568,0.01214078189259181,6.460979156604087,302.25,246.40298461914065,0.9231633872247027
2026-05-21,301.05999755859375,305.5400085449219,300.3999938964844,304.989990234375,42965100,0.06322685325928096,0.07833340095610726,97.06751265826222,-0.13882105831261027,289.4474272615701,276.98637649676374,287.31715087890626,82.43758772414012,0.012127380387703406,5.695597331763578,304.989990234375,246.40298461914065,0.8926057758688888
2026-05-22,306.1199951171875,311.3999938964844,305.8399963378906,308.82000732421875,43670200,0.07250872584919962,0.08864793393754893,109.78132551690088,-0.13832467059353948,291.29243488658426,278.2347541762718,289.217626953125,91.10259787648047,0.011736235522672207,5.74168986241658,308.82000732421875,246.40298461914065,0.990848027454593
2026-05-26,309.55999755859375,311.82000732421875,307.6700134277344,308.3299865722656,48000500,0.06714675726478109,0.10149137873370194,111.9053246356486,-0.1814514743095802,292.9150588566491,279.4149593682716,291.2659439086914,87.70523176010981,0.011009817005167684,5.4622194626208875,308.82000732421875,246.40298461914065,0.8867164509484073
2026-05-27,308.3299865722656,313.260009765625,308.29998779296875,310.8500061035156,50430900,0.07013463526283105,0.11142568631895339,111.2836496243098,-0.2041849720923229,294.62314907063643,280.6477062990655,293.2854034423828,87.39092980737902,0.01096482821691164,5.319822111202037,310.8500061035156,246.40298461914065,0.8512723616516116
2026-05-28,310.67999267578125,312.79998779296875,309.57000732421875,312.510009765625,48220400,0.07055931696649254,0.12085745838447945,113.96140951028845,-0.2110513708724706,296.3266596130163,281.8972083957933,295.4148376464844,88.20661368502246,0.010767631980583186,5.097380648424336,312.510009765625,246.40298461914065,0.803913870847806
2026-05-29,311.7799987792969,315.0,309.5299987792969,312.05999755859375,70026800,0.060586648152593944,0.12768455174389506,106.82940465589256,-0.12814801128277764,297.82507275069037,283.0800628727659,297.462825012207,84.27675447719227,0.010930973741401903,4.965717860630581,312.510009765625,246.40298461914065,0.6150817086304059
2026-06-01,309.6300048828125,310.94000244140625,305.0199890136719,306.30999755859375,48849900,0.0333142687845163,0.13217584914821812,91.47136884881216,-0.09297403919714653,298.63316082763356,283.99104070358266,298.78421783447266,70.58284606139259,0.010648880265563121,5.207861764090402,312.510009765625,246.40298461914065,0.00784074910367849
2026-06-02,307.4599914550781,315.45001220703125,306.69000244140625,315.20001220703125,44534700,0.061166500799377195,0.13090782822510114,92.58778572004263,0.0375176562981645,300.2109561971,285.214921939012,300.7154602050781,75.57667937973297,0.011239518043605701,5.667149135044643,315.20001220703125,246.40298461914065,0.10445549833173118
2026-06-03,314.17999267578125,316.94000244140625,308.8500061035156,310.260009765625,50836700,0.03680013123696184,0.12868149617159005,77.98516467907424,0.0742849925685447,301.1680089179119,286.197082245938,302.0325393676758,63.975436231558454,0.011263735706002776,5.715005057198661,315.20001220703125,246.40298461914065,-0.2456687913886526
2026-06-04,313.2300109863281,313.5400085449219,309.6499938964844,311.2300109863281,44869100,0.037108349097947725,0.12645809922310783,81.10152941641078,0.10463005500912614,302.12629482918965,287.1787657259533,303.2317718505859,65.85482415653257,0.011137336917655732,5.630719866071429,315.20001220703125,246.40298461914065,-0.47972380638948486
2026-06-05,312.8599853515625,315.1700134277344,307.1499938964844,307.3399963378906,65310500,0.018258063410146505,0.12107534510995868,68.26562418713227,0.15319356655500593,302.6228378300183,287.9694022205391,304.24000091552733,58.280883237342664,0.011709948950372884,5.726433890206473,315.20001220703125,246.40298461914065,-0.9378207692801066
2026-06-08,308.739990234375,317.3999938964844,301.1700134277344,301.5400085449219,77949100,-0.00370154812054669,0.11186627528892926,61.71263620934196,0.24331332454626553,302.51971123143767,288.501582860711,304.6645004272461,53.992236932916775,0.012004631771786713,6.475003923688616,315.20001220703125,246.40298461914065,-1.632081225733872
2026-06-09,300.2799987792969,300.75,287.7799987792969,290.54998779296875,70108800,-0.033752888471260685,0.10895809289472179,39.92881540317757,0.2635486511353111,301.3797375706311,288.5819124658976,304.5580001831055,42.50889868128467,0.014704673003471218,7.160718645368304,315.20001220703125,246.40298461914065,-2.765466039696994
2026-06-10,290.739990234375,294.75,287.3800048828125,291.5799865722656,52793300,-0.02804448671892561,0.10480413028708348,38.11808483749455,0.28608878734595344,300.44642795173917,288.69948399948066,304.3970001220703,40.111220661180866,0.014628379676169615,7.350003923688616,315.20001220703125,253.26666259765625,-3.341278966889142
2026-06-11,293.7200012207031,297.0,289.5899963378906,295.6300048828125,42572500,-0.01384289100072272,0.10478095615271464,39.57705760784144,0.3341359852332697,299.98772099279375,288.97126913216033,304.23500061035156,41.53097808438869,0.014632693959510827,7.51214599609375,315.20001220703125,253.26666259765625,-3.3370855304816764
2026-06-12,296.0299987792969,297.1400146484375,289.6199951171875,291.1300048828125,38742100,-0.024988959074064378,0.10836692022833103,31.887174570194098,0.3256824385718684,299.14412898231933,289.0559254361075,303.8810012817383,34.18561939152667,0.015000065161510591,7.591432843889509,315.20001220703125,253.26666259765625,-3.507611470056659
2026-06-15,294.1199951171875,297.7799987792969,291.70001220703125,296.4200134277344,45732600,-0.007464954308059913,0.11705592909943788,36.386133299234814,0.1999999326694768,298.8846894056922,289.34471320048505,303.6905014038086,40.1943413179069,0.015522052199757243,7.7700042724609375,315.20001220703125,253.26666259765625,-3.1459388479384076
2026-06-16,295.25,300.4800109863281,293.9700012207031,299.239990234375,39874400,0.000974474934353221,0.12384576840011298,36.6878546049942,0.10054843326958873,298.9185275798525,289.7327632802454,303.7605010986328,40.488280771444416,0.015573099409865407,7.880717686244419,315.20001220703125,253.26666259765625,-2.620115378337605
2026-06-17,300.8500061035156,302.07000732421875,294.3599853515625,295.95001220703125,42745100,-0.008086195715978657,0.13283637932071277,33.074491330686925,0.11574371060928645,298.63581183006,289.97657696364877,303.60950164794923,36.78583743578454,0.015751050850776716,8.200720650809151,315.20001220703125,258.59173583984375,-2.402921143417851
2026-06-18,298.1099853515625,300.57000732421875,295.6199951171875,298.010009765625,85962200,-0.0017225543123187627,0.1385754323313662,35.489132626814374,0.08671724200368391,298.57621163344714,290.29161354411843,303.39750213623046,39.069563152896485,0.015623832738604649,8.163578578404017,315.20001220703125,258.59173583984375,-2.043655727622429
2026-06-22,297.30999755859375,302.4200134277344,296.760009765625,297.010009765625,44879900,-0.004365077775186887,0.1422939259188268,38.78216500088331,0.062382684126877086,298.4270495507974,290.5550800626089,302.99850311279295,42.18751281819897,0.015465917296501524,8.065006801060267,315.20001220703125,258.59173583984375,-1.8048001254690975
2026-06-23,297.5400085449219,301.6400146484375,294.17999267578125,294.29998779296875,52010900,-0.011742137165936301,0.14313227965654876,28.49937485746146,0.022522902899561048,298.0339960500518,290.7019391892897,302.27250213623046,30.408685891091096,0.015207763194073238,7.94500732421875,315.20001220703125,258.59173583984375,-1.758952369948279
2026-06-24,295.3599853515625,299.70001220703125,292.94000244140625,293.0799865722656,53081900,-0.014168848615772991,0.14019252768920382,30.747871618196026,-0.003896777441398269,297.562185623596,290.79519594940643,301.51000213623047,32.68841765639637,0.015212255058079877,7.850008283342634,315.20001220703125,258.59173583984375,-1.7373829569375432
2026-06-25,287.3999938964844,288.79998779296875,273.75,275.1499938964844,107013700,-0.04997388870300879,0.16190710723033966,16.67637497245118,0.09171666759256891,295.4276911733949,290.18165861399774,299.7250015258789,22.904770329844595,0.019863020174683884,8.952863420758929,315.20001220703125,263.15753173828125,-2.7945942128151664
2026-06-26,275.0,285.95001220703125,274.2099914550781,283.7799987792969,261775500,-0.024422188024408757,0.18591522041906525,22.837617698055517,0.1292324444641446,294.31838713586177,289.930613130284,298.2885009765625,33.48289740669075,0.021428214968197943,9.218577793666295,315.20001220703125,263.15753173828125,-2.77117709081393
2026-06-29,286.7300109863281,288.3699951171875,279.8500061035156,281.739990234375,66427000,-0.026780079428664425,0.20033494849557945,24.38051980089662,0.07474975931378625,293.1204445738154,289.6094122324052,296.7725006103516,35.34635133053604,0.021422306119310897,8.667864118303571,315.20001220703125,265.9250183105469,-2.746289857758809
2026-06-30,281.1700134277344,289.94000244140625,280.70001220703125,289.3599853515625,65100200,-0.007783309936160694,0.2111411359166386,32.86604572429479,0.0503458637374794,292.7623056002675,289.59963078609763,295.925,49.073062473792156,0.02230349580941435,8.345005580357142,315.20001220703125,265.9250183105469,-2.099047601167773
2026-07-01,293.44000244140625,296.5899963378906,289.20001220703125,294.3800048828125,50164200,0.003494099763256828,0.2135673600932537,36.39954517633373,0.06323879743652627,292.91637219860513,289.7870964369492,294.8839996337891,52.05340081991905,0.02157304819045641,8.346433367047991,315.20001220703125,265.9250183105469,-1.2567949952532023
2026-07-02,294.1199951171875,309.4200134277344,293.67999267578125,308.6300048828125,75352800,0.03042824805489858,0.2249678017394563,36.731510469458925,-0.001276556166523446,294.4129086447201,290.52603402306147,294.80249938964846,58.29293135375314,0.024217438817482135,8.941434587751116,315.20001220703125,267.3636474609375,0.2554343268965451
2026-07-06,307.3599853515625,314.20001220703125,307.0,312.6600036621094,53590000,0.03525243455794112,0.22792693871142083,40.356341141766826,-0.032543075368623775,296.1507272178048,291.3940328324359,294.8739990234375,63.817223570333205,0.024385775453554866,8.918576921735491,315.20001220703125,267.3636474609375,1.4555197266500361
2026-07-07,315.2900085449219,315.4800109863281,310.1499938964844,310.6600036621094,42490000,0.028342171041430313,0.22601947444405837,38.2479868930943,0.018046977165275147,297.53256306964334,292.1495611002663,295.0399993896484,59.54167191515606,0.024252203112214658,8.824292864118304,315.20001220703125,267.3636474609375,2.008911044579552
2026-07-08,311.9100036621094,314.82000732421875,307.04998779296875,313.3900146484375,41323500,0.031623879715846404,0.21770784074755842,39.214389177186,0.06821900546667337,299.042796553338,292.98252006293967,295.6324996948242,59.49283432970273,0.023855646753371436,8.914293561662946,315.20001220703125,267.3636474609375,2.425236889594297
2026-07-09,310.510009765625,316.5299987792969,308.1600036621094,316.2200012207031,48124500,0.037077144752512115,0.21405171160114772,45.68205298845232,0.07368430399721282,300.67872080737277,293.8937938338324,296.91600036621094,63.682988158427634,0.022079129211903786,8.961434500558036,316.2200012207031,269.92132568359375,2.7346808657309634
2026-07-10,314.7200012207031,316.9100036621094,312.1700134277344,315.32000732421875,34132300,0.031606955945388135,0.2080675480297805,44.5930212737836,0.0005590091033400579,302.07312904707237,294.73403750012204,298.1030014038086,61.87079237676195,0.022139477874278383,8.946432931082589,316.2200012207031,269.92132568359375,2.7166402620766217
2026-07-13,317.0199890136719,323.45001220703125,315.7799987792969,317.30999755859375,43257800,0.03318107945129197,0.19992957383765672,46.561855002426384,0.02290552290588943,303.524259381503,295.61936926712093,299.18700103759767,63.73476392864753,0.022028690379056158,9.122861589704241,317.30999755859375,271.1002502441406,2.672524649518526
2026-07-14,313.760009765625,316.19000244140625,311.9100036621094,314.8599853515625,36336800,0.02511616845091414,0.19153999461929982,47.71030918062099,0.017159886387946077,304.60385233103244,296.3739032312167,300.37350006103514,63.95980001956042,0.021750304788724317,8.975716727120536,317.30999755859375,275.1499938964844,2.324936532416567
2026-07-15,317.6199951171875,328.7300109863281,317.32000732421875,327.5,60957600,0.04798463806133292,0.18469427202602542,49.90897752033199,0.0638616439863553,306.78443782331505,297.5945344770513,301.92749938964846,70.23277807815381,0.023014006250525697,9.483575003487724,327.5,275.1499938964844,2.7630701323847755
2026-07-16,328.010009765625,334.67999267578125,326.7900085449219,333.260009765625,62970600,0.055102853229237525,0.17611662092887448,63.93754353304451,-0.03291911898490818,309.3059208654398,298.9931805667993,303.6285003662109,89.86142122479706,0.02316305194861286,8.666431971958705,333.260009765625,275.1499938964844,3.2253477609430368
2026-07-17,331.9800109863281,334.989990234375,329.0,333.739990234375,63407100,0.05153887121685342,0.16622523076222387,64.35893277385809,-0.07720590206018507,311.6329750910527,300.35580055376306,305.51799926757815,88.58509070185222,0.022857506209451043,8.255715506417411,333.739990234375,275.1499938964844,3.3342146871240166
2026-07-20,333.510009765625,333.7099914550781,323.67999267578125,326.5899963378906,53468000,0.030587126614201012,0.15353431262940564,58.096548530074166,-0.0829942957580061,313.05745330503726,301.3845925452975,306.9469985961914,82.10451122727838,0.023679222319411813,8.365716116768974,333.739990234375,275.1499938964844,2.721337158901405
2026-07-21,323.1300048828125,329.6000061035156,322.2200012207031,327.739990234375,41338900,0.030250090466076025,0.13628368080388825,57.48383599519299,-0.08276294021703756,314.45579015545036,302.4181375527123,308.4834976196289,80.27769164247923,0.02360349501486975,8.232860020228795,333.739990234375,275.1499938964844,2.211695594741058
2026-07-22,327.8699951171875,329.0,323.3399963378906,325.8900146484375,38755900,0.023767652857084716,0.11126330043855093,55.21687435305336,-0.14491212609545023,315.5447639166872,303.3386033211721,310.06299896240233,76.16677479523153,0.023504960846457514,8.109289986746651,333.739990234375,275.1499938964844,1.5969846402451813
2026-07-23,321.7300109863281,323.29998779296875,319.3500061035156,321.6600036621094,40840800,0.012651338240792108,0.07414985432953614,45.52582607867448,-0.1401136844106874,316.1271677019655,304.057089609052,311.4919998168945,62.980679486205055,0.023774758162622752,7.452146257672991,333.739990234375,275.1499938964844,0.7931142413275198
2026-07-24,321.7900085449219,334.3699951171875,321.6199951171875,333.0199890136719,47489400,0.043743526277095726,0.10502896464974486,61.56314526812328,-0.049316325027209285,317.73600782688993,305.19288958570377,314.38549957275393,67.69819197013604,0.018954841519993895,7.848573957170759,333.739990234375,275.1499938964844,0.905932059341402
2026-07-27,334.5400085449219,339.57000732421875,334.0199890136719,336.9100036621094,49604300,0.05136853652946635,0.13226144534000098,68.2172346659319,-0.0514001681697458,319.5621026683394,306.43669798085693,317.04199981689453,72.09225035007135,0.018272664587055475,7.935716901506696,336.9100036621094,275.1499938964844,1.1086173146089031
2026-07-28,340.0299987792969,342.8900146484375,335.6000061035156,340.0799865722656,51859000,0.05600097851143301,0.15530617225648852,70.12200190522844,-0.040256923709523496,321.5161868496657,307.7560426315004,319.95899963378906,72.29740720174712,0.017882272368822814,7.901430402483259,340.0799865722656,275.1499938964844,1.3085271360008708
2026-07-29,339.7300109863281,344.57000732421875,337.3500061035156,338.19000244140625,56090800,0.04593748880585769,0.17268658915758814,67.54026466422515,-0.03576170119884847,323.10416928697435,308.94953125149675,322.40050048828124,68.64710797617647,0.01769361740262091,7.819287981305804,340.0799865722656,275.1499938964844,1.1703200924533181
2026-07-30,333.1000061035156,334.75,329.5899963378906,333.42999267578125,74817800,0.02767507904274202,0.1853501881803878,61.85164637779062,0.08626469752861254,324.0875810382893,309.90954934656673,324.3529998779297,64.42567892783417,0.018205112192036074,8.095003400530134,340.0799865722656,275.1499938964844,0.6416072626432605
2026-07-31,304.80999755859375,310.69000244140625,300.0,308.9100036621094,132489100,-0.032511156115180385,0.1757932789756153,34.43213938408012,0.26164898741830767,322.6420974786531,309.87035147658804,324.3669998168945,45.07620275273701,0.023146877331806915,9.902145385742188,340.0799865722656,275.1499938964844,-1.3666490938779727
2026-08-03,309.5799865722656,311.79998779296875,302.55999755859375,303.4200134277344,75052000,-0.04169320249556248,0.16496501867950214,33.47490557775328,0.2823580988022061,320.81142280713703,309.61739704329966,323.9050003051758,43.52502812877087,0.023279108663251873,10.176430838448661,340.0799865722656,275.1499938964844,-2.9794136184479543
2026-08-04,302.7300109863281,310.4200134277344,301.32000732421875,309.3800048828125,68001000,-0.024753882154136955,0.15434091671724764,29.770775220672903,0.24480184683445705,319.72271633815376,309.60808754681,323.84100036621095,38.90520780078869,0.023699678663407327,9.835715157645089,340.0799865722656,275.1499938964844,-3.5222459748701604
2026-08-05,309.3599853515625,311.7099914550781,305.6700134277344,311.0,49438800,-0.01923136846724961,0.14534948279846557,27.697115682486395,0.2409789596873697,318.8919814488058,309.6626723488959,323.72149963378905,35.64238957047003,0.023644126859454523,9.70357186453683,340.0799865722656,275.1499938964844,-3.634949923423904
2026-08-06,314.3399963378906,316.2900085449219,309.2300109863281,312.4100036621094,46139900,-0.014557900724240607,0.14309987876992394,28.76233575031143,0.20815279194118697,318.2746502310252,309.77041083176704,323.5309997558594,36.405348536769154,0.023573895885189215,9.780000959123884,340.0799865722656,275.1499938964844,-3.4772659696145647
2026-08-07,311.45001220703125,314.80999755859375,310.739990234375,313.3299865722656,34407100,-0.01127083131222501,0.14089082674516698,32.68238026912632,-0.0555436070169939,317.8037298825719,309.9100020372768,323.4314987182617,40.819699286119345,0.023577015189404946,9.352144513811384,340.0799865722656,275.1499938964844,-3.1817207573957615
