Date,Open,High,Low,Close,Volume,Trend_Normalized,Volatility_Stability,Momentum_Normalized,Vol_Change,EMA_20,EMA_50,SMA_20,RSI_14,Rolling_STD_20,ATR_14,Rolling_Max_50,Rolling_Min_50,MACD_Histogram
2019-12-12,285.206841471859,288.43597254390977,284.971024718016,287.6559143066406,96389600,0.018386771591018748,0.14417605935835812,76.23288375559758,0.0672730504198853,283.1466873056669,278.6099334034842,283.5935943603516,66.02789948889193,0.005011119265735217,2.045435512180059,287.6559143066406,261.71392822265625,-0.07180278702810838
2019-12-13,287.4199981041912,289.05272214678655,286.64899183529326,287.82818603515625,81503900,0.01715969882053503,0.14955157494620228,74.92619342380135,0.07357468870806283,283.592544327523,278.97143350668705,283.9459884643555,65.21513762723214,0.005013336014092226,2.12707348628047,287.82818603515625,261.71392822265625,0.0327264788062136
2019-12-16,289.5516883749544,290.3952475141658,287.7647791043134,289.8056640625,82749700,0.02266211392785958,0.1519145672349341,74.27113334366719,0.08498344897939392,284.1842700165684,279.3963052931895,284.2956604003906,64.82814972036486,0.00499093858562477,2.1588165388536344,289.8056640625,261.71392822265625,0.20190479635660008
2019-12-17,290.1864949241495,290.485812387136,289.7873865193276,289.8690185546875,61097700,0.02052363648088067,0.1509859680165323,72.3774696345419,0.061002245894928864,284.7256746392464,279.80699993089536,284.63807678222656,63.7041926809071,0.004995000178182408,2.129660243912586,289.8690185546875,261.71392822265625,0.2801202059583936
2019-12-18,290.2591048310666,290.4858697567159,289.8327856635954,289.88720703125,48133000,0.01843147626216276,0.1457784604531716,68.68867893796423,0.09601322000969104,285.21724915277053,280.20230217012494,284.98547821044923,61.018597191930446,0.004990084427624725,2.0856021462113694,289.88720703125,264.1992492675781,0.29370080587314895
2019-12-19,290.07772911648044,291.14808077783215,289.823753465592,291.07550048828125,85310500,0.0210783311158375,0.14099935031920016,76.75254696222031,0.020904244184565046,285.7751778513906,280.6287021041703,285.44490814208984,67.5358509417307,0.004887523219139943,2.088193795590452,291.07550048828125,265.9861755371094,0.3400616045007765
2019-12-20,292.1054650052227,293.48186803995895,291.13016050237536,292.3515930175781,147142100,0.023447514653713166,0.13546277941946505,90.77480438158855,-0.043775016626116936,286.4015031053132,281.0884233164608,285.9908142089844,80.4297541601961,0.004863034906581719,2.03396080905357,292.3515930175781,268.4443664550781,0.4093661494453169
2019-12-23,293.13550600154747,293.1901949374519,292.65240185614937,292.7982482910156,52990000,0.02245141302908337,0.1276181462387091,101.97290687421625,-0.16544215421549446,287.010716932523,281.5476321389924,286.5277618408203,91.5875335822787,0.004863207720152863,1.8016572801096515,292.7982482910156,268.4443664550781,0.43555255510765223
2019-12-24,293.0260982506087,293.07166308676193,292.5065255951328,292.8073425292969,20270000,0.020819590781861182,0.11882178324221188,103.25129507098949,-0.21324828731566892,287.5627765131681,281.98918940920043,286.9558609008789,90.44825800015349,0.004675596963130967,1.6755138443339572,292.8073425292969,270.276611328125,0.4044237763316034
2019-12-26,293.1902210059652,294.3752129631039,293.18112472741444,294.3660888671875,30911200,0.023624625400395227,0.10849363148596011,100.8567356366272,-0.19481072458456294,288.21071102307474,282.47455801539604,287.42969970703126,91.17684847571917,0.00475149146784106,1.679304480912813,294.3660888671875,270.276611328125,0.436976185484939
2019-12-27,295.0952934102021,295.1499823509916,293.7644828220485,294.29315185546875,42528800,0.020881335776750203,0.09627085733866478,97.04492376283285,-0.2505010239269069,288.78999110235037,282.9380322836342,287.8363967895508,88.56142746449491,0.004721465913650192,1.56509911163723,294.3660888671875,270.276611328125,0.40261010186451474
2019-12-30,294.37518834855865,294.511910689044,292.18751963133974,292.6706237792969,49729100,0.012777248233863328,0.08433255094291402,87.56064453464015,-0.1928475087005047,289.15957516682147,283.3197025383661,288.2150314331055,83.2091109957133,0.00484024519931523,1.641716534233126,294.3660888671875,270.276611328125,0.2282934188229233
2019-12-31,292.1692833540794,293.6277198137139,291.82290156546304,293.381591796875,57077300,0.015506224772345992,0.07029768320931025,101.44705866866,-0.07979269661991961,289.56167198873135,283.71428643085665,288.7503067016602,86.30710609854684,0.004255061727396247,1.6578981873447927,294.3660888671875,271.219970703125,0.1237943222777016
2020-01-02,294.91296621198353,296.1435228475682,293.9923228046252,296.1252746582031,59151200,0.024699404669206535,0.05991927554000667,106.40283561249156,0.05850688248576663,290.18677700487154,284.2009918515369,289.5175552368164,88.15880336925386,0.004062457883542051,1.7735429359276793,296.1252746582031,271.219970703125,0.1979745119086016
2020-01-03,292.74353546966336,295.00411329960116,292.68884653822107,293.8829345703125,77709700,0.01213516270755501,0.055341517537001464,75.9914517546915,0.0549044763543487,290.538792011104,284.5806758797242,290.0860626220703,72.0775131731279,0.004570088414955931,1.7715058140768423,296.1252746582031,272.0090637207031,0.061611208085130986
2020-01-06,292.13287226263657,295.08621432416686,292.01437027823323,295.0041809082031,55653900,0.014330567471268285,0.05018219831297216,76.2059554429865,0.16237253612434333,290.9640671441611,284.9894407828018,290.685237121582,73.83797198359323,0.004587975677838025,1.8192282236797237,296.1252746582031,272.4534912109375,0.014947514522093641
2020-01-07,294.43897268463854,294.9129805533922,293.7279886988713,294.1746520996094,40496400,0.010546635806513029,0.048334269557448004,69.49177006750291,0.04920318059745399,291.2698371399181,285.3496451481668,291.113671875,65.71165179600303,0.00439559176609462,1.7224942093568245,296.1252746582031,273.5692138671875,-0.09757599406660677
2020-01-08,294.3660286722624,296.9547400028766,294.1199284891358,295.742431640625,68296000,0.014605033037997529,0.04694645087685964,72.7046941050285,0.1310062333015365,291.6957985209378,285.757205402773,291.66539459228517,69.05952164027158,0.004333518895952839,1.875093184066279,296.1252746582031,275.0295715332031,-0.09226747678951952
2020-01-09,297.3011366636997,297.820709338136,296.71775096243204,297.7477722167969,48473300,0.01905206651157931,0.04678653614824884,73.82425565335609,0.11465738279574644,292.27217696816246,286.22742370920537,292.33326110839846,72.59402077518347,0.004402339252347973,1.9768927272370311,297.7477722167969,275.0295715332031,0.014752009551690648
2020-01-10,298.3312381801406,298.4861809242892,296.42616567870095,296.8910217285156,53029300,0.013826016185264132,0.050801799548328815,64.92442529423326,0.14560271222756183,292.71206694533896,286.6456040236881,292.917919921875,67.04063182405932,0.0045490884543118735,2.0294418653333253,297.7477722167969,275.1385192871094,-0.002773765662580363
2020-01-13,297.51086261756024,298.94192708972656,297.0824473403548,298.9328308105469,47086800,0.018879199895694403,0.05497051595676316,67.34985692921636,0.10159444691213615,293.30452064678735,287.12745605454535,293.4817657470703,68.4561323031525,0.004431291203753522,2.004051708871413,298.9328308105469,275.1385192871094,0.08754225430631157
2020-01-14,298.4952711557389,299.54351294484616,297.92100945963375,298.47705078125,62832800,0.015310088685710056,0.06025106527619855,63.355880364813196,0.19596609767030126,293.7971425643552,287.57253820069064,294.014208984375,65.91723649477447,0.004490014848894465,2.0600446778241723,298.9328308105469,277.68731689453125,0.0811270784793674
2020-01-15,298.38584690535674,299.9080685509151,298.3038135068561,299.1515197753906,72056600,0.01623850699740528,0.061958303843589656,66.23736147568752,0.13821935799066587,294.3070832511205,288.0266159095024,294.4815017700195,67.14280530926746,0.004333102597294759,2.1342673601405937,299.1515197753906,278.4945983886719,0.08636390442543274
2020-01-16,300.5278990481638,301.63995361328125,300.30001924233943,301.63995361328125,54050300,0.02087634447329288,0.06849215269227994,63.78603836857008,0.11286862392302455,295.00545185704055,288.56047229004275,295.0700485229492,68.71466708542714,0.0045695389917733975,2.2000218890037098,301.63995361328125,278.4945983886719,0.2141956140442911
2020-01-17,302.3510080804288,302.7885196066415,301.57621099627295,302.5788879394531,95846000,0.021578356315103672,0.07315877461453275,65.57035800864557,0.07795702181703845,295.726731483937,289.1102140802157,295.7046325683594,70.40862807944352,0.004552270525765685,2.1876511091055266,302.5788879394531,278.5580139160156,0.31279263818528724
2020-01-21,301.62178693577914,302.78853074420584,301.5488776178504,301.98638916015625,77742400,0.017562367850429236,0.07710667067778383,68.15609705597733,0.052951787098969305,296.3228893578626,289.61516212256635,296.25017700195315,74.17222948093598,0.004617128282614559,2.110169828294898,302.5788879394531,279.5376281738281,0.2894519081314808
2020-01-22,302.84318902456715,303.49038781097767,301.8678844320141,302.0228271484375,48914900,0.016066326249103178,0.07927631346148635,67.7318449782368,0.018010609287628432,296.86574057601257,290.1017372216201,296.7337387084961,73.23533369876682,0.004592413863000279,2.097147337631522,302.5788879394531,279.69195556640625,0.23038407146055828
2020-01-23,301.3756489009387,302.77939649699647,300.2635941747511,302.36920166015625,51963000,0.015528063512743077,0.08066261184632137,64.24570459429228,-0.025629706470340574,297.3898797268834,290.58281425842546,297.2122863769531,69.2740882534144,0.004593687462281025,2.0795667141709617,302.5788879394531,279.69195556640625,0.17127394307113564
2020-01-24,303.0254328321711,303.1074662187742,298.3948999055085,299.6801452636719,87578400,0.0057855229218271124,0.09081889501144881,56.01736712600745,-0.013319161453583583,297.6080002541966,290.9395723370626,297.55592651367186,67.41485684949717,0.0051552307564134165,2.1707194422626515,302.5788879394531,280.2814636230469,-0.07886851954594354
2020-01-27,294.4481411214826,296.3532135264237,294.1108833593813,294.8765563964844,84062500,-0.005699462503857867,0.1347540330701757,34.072717117545096,0.07380304947518668,297.3478627439383,291.0939638688046,297.5814498901367,49.68606808914406,0.006328107630081536,2.349106432145289,302.5788879394531,280.3721618652344,-0.5703982321518151
2020-01-28,296.298487210109,298.84163406721996,294.9676767051918,297.9665832519531,63834000,0.0012305619820558442,0.17287396836405175,38.176264025701414,0.20424889282100134,297.4067885066064,291.3634783544183,297.76512145996094,58.393952495473826,0.0067378817589479265,2.5411696793884135,302.5788879394531,280.7803039550781,-0.6824058294082409
2020-01-29,299.3247726958283,299.55265256689614,297.5199541027187,297.7204895019531,53888900,0.0006466992636329926,0.19452041096933395,37.03765769526311,0.18440695394303197,297.43666479187755,291.6127729092236,298.0176147460937,54.65084073469751,0.006592459200665058,2.48387589013389,302.5788879394531,280.7803039550781,-0.7620127763301201
2020-01-30,295.66036446661803,298.89627442765044,294.9129398382602,298.6866149902344,75491800,0.0026082485769019057,0.20359354608482075,35.905827077920975,0.25985445167862675,297.5557076679115,291.890178481028,298.2828659057617,52.32083744481561,0.006605085096159683,2.6199513824109806,302.5788879394531,280.7803039550781,-0.7380407145468522
2020-01-31,298.06678837146853,298.22175888029057,292.3515728105219,293.2630920410156,113845600,-0.007995167534790525,0.22326897146390406,26.109799727154023,0.3476225403338815,297.1468871320167,291.9440182284785,298.13975677490237,42.68360531841825,0.007552595006595236,2.9253104491341406,302.5788879394531,280.7803039550781,-1.0564942836752809
2020-02-03,294.7398209430448,297.3011883827756,294.62131896327486,295.4416809082031,69083000,-0.0032398528658520503,0.2391822501281137,26.81617652125442,0.30571038419462937,296.98448653927255,292.08118147082064,298.2176940917969,42.998075661277205,0.007553798019557066,3.0672526620305,302.5788879394531,280.7803039550781,-1.0853227616760956
2020-02-04,299.0421238964606,300.8104734483571,298.723086598825,299.94451904296875,62573200,0.005262264931110841,0.26051931415756296,30.684052873669074,0.3123266676887426,297.26639439676745,292.38954765012056,298.46471099853517,52.53212682645299,0.008235594707158879,3.334844737383467,302.5788879394531,280.7803039550781,-0.7803067785760613
2020-02-05,302.87059303020703,303.618045742721,301.4121839936726,303.40838623046875,65951100,0.010760862364075438,0.2755688687374263,32.70304687405043,0.4021030074330896,297.8513459999771,292.82165896699695,298.9263977050781,56.700268320074244,0.0085194344718345,3.4826498556472694,303.40838623046875,280.7803039550781,-0.3465592183898023
2020-02-06,304.3654777307045,304.62070207645655,303.35367662683126,304.4292907714844,50359700,0.011790302689208693,0.2811508079951673,32.28711999534365,0.2959806896179953,298.4778169305969,293.27686021423176,299.3607406616211,54.60303998759106,0.008485197921464186,3.3954063993426025,304.4292907714844,280.7803039550781,-0.009977253801835229
2020-02-07,303.3718697108561,304.4383317479117,302.25981501693957,302.8067321777344,64139400,0.007872672788063854,0.28212528533418535,30.26024506284572,0.1842918299920724,298.8900945731814,293.65058068338874,299.61368865966796,50.367698481335346,0.008519282333976821,3.4644212651000026,304.4292907714844,280.7803039550781,0.07938211364720482
2020-02-10,301.92253597033135,305.13107376686384,301.88606741089336,305.0672607421875,42070000,0.011339347535406592,0.2810446924624556,33.24756279116319,0.17618637230648915,299.4783961130867,294.09829362687105,300.0225006103516,54.71795284009975,0.008592957167200075,3.6076607815010755,305.0672607421875,280.7803039550781,0.2567314039487245
2020-02-11,306.41633961218275,307.2002328793031,305.0672809970112,305.5959777832031,54864500,0.011552738227038931,0.2731207073774382,34.69093715268671,0.09274137857283993,300.0610229388121,294.5491832016292,300.35565795898435,55.39053961103954,0.008496653496470465,3.64412283565479,305.5959777832031,280.7803039550781,0.36882882199329625
2020-02-12,307.02702899526753,307.77448148627434,306.6624268441835,307.5648498535156,43992700,0.01430890701386059,0.2628448762872407,36.43274378477977,0.039447038085759445,300.7756731211648,295.0596015017032,300.81004791259767,57.472465060670345,0.008551877481829017,3.620030077142352,307.5648498535156,280.7803039550781,0.5252179927733258
2020-02-13,306.1428600443528,308.20290257264736,305.8694153801374,307.2366943359375,54501900,0.012485694169694207,0.2461279962079733,39.692582369467104,0.016106895156706935,301.3910084749527,295.5371345540261,301.214306640625,61.65976190094996,0.008569386359354298,3.450095854231226,307.5648498535156,280.7803039550781,0.5533821849107463
2020-02-14,307.64693997585454,307.84747536853007,306.4528517159032,307.7289733886719,64582200,0.012645929225782775,0.23038246052100841,48.53361315681608,-0.09020665603354727,301.99462418102115,296.015245880875,301.51875762939454,72.87470371102619,0.008412907992302791,3.15190740768382,307.7289733886719,282.5127868652344,0.5507979787301913
2020-02-18,306.73540821888315,307.7927740817303,305.5504162851949,306.9359436035156,57226200,0.009963961340594423,0.21087308467443952,45.42493008397216,-0.16043769868023883,302.46522603078256,296.44350853666487,301.73661041259766,67.38512172211534,0.00843506826545944,3.028855988098091,307.7289733886719,283.02069091796875,0.4457959532106912
2020-02-19,307.90211788539574,309.07795777585227,307.61954912250815,308.4034423828125,48814700,0.012097751919561365,0.18891847476111082,47.60719067732896,-0.16669541892076023,303.0307704452616,296.9125255502393,302.05746307373045,69.77044173277353,0.008455815981324643,3.0366642529666064,308.4034423828125,284.39044189453125,0.4253503952016331
2020-02-20,307.85655491074664,308.67694462905206,304.1557883522253,307.136474609375,74163400,0.00838927818184348,0.16087123751211113,44.860305105017815,-0.15053742033796425,303.4217898894629,297.31346472902896,302.31314544677736,65.4655500035189,0.008533736346889887,3.0750800877835007,308.4034423828125,284.39044189453125,0.2834982560593744
2020-02-21,305.78739481387316,306.09730805211063,303.1530905628107,303.9734802246094,113788200,0.00109727376810745,0.12202473165053936,47.61362912571105,-0.15738442360114502,303.4743318261435,297.57464180728704,302.393359375,71.37136551966036,0.00889079148443517,2.907104506844344,308.4034423828125,284.39044189453125,-0.04865919130984375
2020-02-24,294.5483849080448,304.0464012409805,292.8164758374308,293.89208984375,161088400,-0.015131835120483812,0.1171649517083089,25.16291488762695,0.08531315810455542,302.5617373516298,297.4302280047954,302.1039566040039,47.64932831999911,0.01148899712771057,3.420806582686469,308.4034423828125,285.1978454589844,-0.9240890424904866
2020-02-25,295.27757219253857,295.8882745622072,284.1114604678439,284.98651123046875,218913200,-0.02563908256782527,0.1551286736311831,14.546137990052186,0.28052387542617163,300.8879062924716,296.94223911168456,301.6094543457031,29.98304367641846,0.012841207229070943,3.878522407987134,308.4034423828125,284.98651123046875,-2.0169962861184962
2020-02-26,286.38118955607183,289.9634545114292,283.2091195022636,283.9383239746094,194773800,-0.026101820439647327,0.17235084033955106,11.279802122330564,0.3496981565774935,299.2736603574371,296.43228165532867,300.9080413818359,22.143970519532118,0.012525176779382164,4.0985801443738,308.4034423828125,283.9383239746094,-2.682884639776499
2020-02-27,278.43268874388383,283.9929622601153,271.1861267089844,271.1861267089844,284353500,-0.0359448882759064,0.23627483752365172,6.037686031366331,0.600885880676268,296.59865715282257,295.44223636331515,299.5813232421875,14.391700706601043,0.01571831427354602,4.922852294481345,308.4034423828125,271.1861267089844,-3.7870265974408617
2020-02-28,263.15560884540804,271.5324726677233,260.2752047841163,270.04669189453125,384975800,-0.035616629178803365,0.2669745753043408,6.340198670742608,0.9164548458965522,294.06989855679484,294.44633265865696,298.14932708740236,14.542211534967919,0.015612106289448632,5.57133451966955,308.4034423828125,270.04669189453125,-4.358245708028759
2020-03-02,271.8241515658398,281.80529862026447,268.40595433040124,281.7414855957031,238703600,-0.01447455181975528,0.33447354667602586,11.035640619861319,0.8406899717625966,292.89576398907184,293.9481033620705,297.57324676513673,29.034931951349705,0.018625665502288353,6.296644372090461,308.4034423828125,270.04669189453125,-3.736511048508258
2020-03-03,282.11517570579525,286.07116546161603,271.2407589694564,273.67449951171875,300139100,-0.022678811863317792,0.38324991319706664,9.387963609122327,0.8573062654078694,291.06516737218107,293.15306007382145,296.4848876953125,24.733018632292072,0.01941048664536299,7.203603968879321,308.4034423828125,270.04669189453125,-3.652282789728505
2020-03-04,279.0343161033958,285.3967315712866,276.49116917188974,285.1779479980469,176613400,-0.00654222021100894,0.44011450271802244,12.346900280641254,0.9239098843316564,290.5044798127397,292.8403105806538,295.7465591430664,34.60385420995412,0.021584844601453265,7.885298851486222,308.4034423828125,270.04669189453125,-2.652104808777064
2020-03-05,277.995197331708,281.17639114422417,273.46494478951723,275.6981506347656,186366800,-0.01667093536153334,0.4823359892712017,11.057356803268899,0.7378673519805998,289.0943532243612,292.1680690141484,294.3610473632813,30.73501674551332,0.022381304829341402,8.555264281201914,308.4034423828125,270.04669189453125,-2.4633153154494916
2020-03-06,267.2118873410211,272.3437456449538,264.5502664620457,271.1405334472656,228667200,-0.021155266009412553,0.5061397741443379,10.744616145741176,0.6606300903776283,287.3844656265426,291.34345977623144,292.6966094970703,28.70782518015048,0.022453547922637002,9.251925746922845,308.4034423828125,270.04669189453125,-2.4732486305680474
2020-03-09,250.94126219037892,259.04468244351574,249.25497367188592,249.96595764160156,309417300,-0.03817062537918012,0.5609087585200015,7.425190910996924,0.6921730008736637,283.8207981994053,289.72081263369694,290.0545707702637,23.20357512940724,0.02770076582848267,10.655011602554582,308.4034423828125,249.96595764160156,-3.6620352761778205
2020-03-10,259.4549092564181,262.9915813511426,249.30056924454237,262.90045166015625,276444100,-0.02052309249595555,0.6144266548221488,9.375537940857607,0.5936384171070013,281.82838424328634,288.66903377198946,287.9462303161621,30.681164756906966,0.030706924803240884,11.479940026430553,308.4034423828125,249.96595764160156,-3.3422785204924157
2020-03-11,255.863530672836,256.9938059331485,246.912402650246,250.08447265625,255316300,-0.03196089321771656,0.6465757795561152,8.668991880390188,0.5597384480565697,278.8051545683305,287.15591372823496,285.17065505981446,27.941108797102046,0.03200234033452766,12.29900379307937,308.4034423828125,249.96595764160156,-3.72947546539499
2020-03-12,233.3489613279396,243.06576125881952,225.76511340861424,226.15707397460935,392220700,-0.049621389159351534,0.6891090796647132,6.866634202506915,0.6073814903081902,273.7910516546428,284.7638023653477,281.10026626586915,24.07534908821539,0.03707274346712234,13.75157345029876,308.4034423828125,226.15707397460935,-5.240084406742318
2020-03-13,239.81168618296,247.45934891414748,226.53085295661575,245.4904632568359,329566100,-0.02478465138451958,0.7415168581268999,9.134724823822257,0.5641097199030867,271.0957575215183,283.2236714199159,278.01295471191406,34.811256925686905,0.04326841550243554,14.471026988583647,308.4034423828125,226.15707397460935,-4.6028919713974155
2020-03-16,219.840238227868,234.16932404862888,216.3582414155472,218.6279296875,297240000,-0.04505296986154798,0.7832776091766954,7.900972230047738,0.4744891471296182,266.0988215373261,280.69050507746823,273.55790252685546,31.28538836443832,0.04847530211142921,15.710698970506893,308.4034423828125,218.6279296875,-5.5905268757560425
2020-03-17,223.35866962977036,233.50389718402428,216.09387404457632,230.43206787109375,262070500,-0.03179280027800642,0.7940947611742833,9.258731142761377,0.4348349828760314,262.7019878548278,278.7195859713359,269.7327087402344,35.77315306259399,0.05087893767956696,16.47181955124135,308.4034423828125,218.6279296875,-5.064440024355031
2020-03-18,215.34646582603455,226.39407689191867,207.84466479454713,218.76466369628903,327597100,-0.04222153503090144,0.7698339467278328,9.87929219422302,0.3960831142278569,258.51748079210984,276.36841254878505,265.2507698059082,35.98071647805172,0.05136710179617231,17.17043151734247,308.4034423828125,218.6279296875,-5.103516160439126
2020-03-19,218.0809829271714,225.4916389608034,211.67300364288351,219.2294921875,289322000,-0.040790892333120624,0.7166479228470191,10.63059334412415,0.261920055679308,254.7757675916708,274.1276705738327,260.8554206848145,36.36053644460063,0.05146030118888102,17.353386334079104,308.4034423828125,218.6279296875,-4.7088943811262975
2020-03-20,222.37079573833208,224.1495443005765,209.50697679443655,209.78204345703125,347158800,-0.05017261111518176,0.6430491972992634,9.400697982488342,0.20531790909829128,250.49065100741942,271.6043126476836,256.14584884643557,30.45005790445566,0.051809084273219175,17.442187992384586,308.4034423828125,209.78204345703125,-4.6849717289153645
2020-03-23,209.22268050674896,210.58882164978553,200.11806218300111,204.4182281494141,326025200,-0.05548808822080439,0.5922133822994984,10.1240735048717,0.09038971885262348,246.10280121141892,268.9695642359868,251.67215576171876,30.90397390865253,0.051712723297618786,17.13078463342921,308.4034423828125,204.4182281494141,-4.623364229718906
2020-03-24,214.9349002864805,223.81030151692397,214.36643944810632,222.9392547607422,235494500,-0.027186568560114456,0.5482383422864547,10.592159535050696,0.07326518397945048,243.89674916849734,267.164454060487,248.5697929382324,33.47830528474691,0.056850981623990736,17.678630441139358,308.4034423828125,204.4182281494141,-3.006553771206928
2020-03-25,224.5162200852684,235.04200407098807,219.82180274754663,226.2766265869141,299430300,-0.021938435147288732,0.4830305603321212,12.145907112518016,0.044187187380567705,242.2186422559656,265.5610098458371,245.68670806884765,36.43845674648978,0.05712373441824727,17.929144592204487,308.4034423828125,204.4182281494141,-1.461860935366591
2020-03-26,228.77973377835932,240.9558761412187,228.34879937507776,239.4888916015625,257632800,-0.003514802193587326,0.4542262245368821,14.36179589498631,0.047713951996691595,241.9586660031653,264.5385738362577,244.10184631347656,41.708441798379646,0.058429995780224696,18.181384976603397,308.4034423828125,204.4182281494141,0.590179111308359
2020-03-27,232.21804924789328,239.13131375893417,230.18257586335056,232.35557556152344,224341200,-0.013022122874656792,0.41812675017167666,16.26456048235579,-0.009134200770970935,241.04408596110417,263.27649547254265,242.21729049682617,45.020403971892655,0.05870116636414558,17.282867545377126,308.4034423828125,204.4182281494141,1.552890641204808
2020-03-30,234.44605962945383,240.61665407010992,232.45643301160396,239.9014892578125,171369500,-0.0016405929583086956,0.41921102215590883,16.55329780237024,-0.01376291237998084,240.93526722745736,262.35982856216106,240.12529067993165,43.29229238887063,0.05827230946529729,16.895015145519004,308.4034423828125,204.4182281494141,2.71562002790872
2020-03-31,238.90208181788717,241.4418275508448,234.92282878626665,236.32565307617188,194881100,-0.006972731820567,0.4303231236674333,18.3986150646611,-0.08258422688854494,240.49625635590635,261.33888050388697,238.2578483581543,45.75860027195443,0.05807693448123512,16.21865441370957,308.4034423828125,204.4182281494141,3.2268109943686074
2020-04-01,227.36774076850008,236.24314028710725,223.6268712845055,225.6898498535156,189554600,-0.023757679632004983,0.46043079104318885,21.133896591990553,-0.141698418030188,239.0861224032977,259.94087930191165,235.28344345092773,49.84311344895869,0.0575711546117729,15.388613166854611,308.4034423828125,204.4182281494141,2.84492766809117
2020-04-02,224.80967193777292,231.67708998353663,224.2595386780604,230.8977508544922,177660400,-0.01371229645419317,0.49469884696855476,19.666032861354772,-0.20815453764828473,238.30627749388765,258.80193308828734,233.04342346191407,44.58645366943375,0.05775389416429746,14.396847192993047,308.4034423828125,204.4182281494141,2.9279256559909275
2020-04-03,229.9166909570072,232.26391415318625,224.83718484688495,227.5603179931641,135561200,-0.01883208068949053,0.5294294676538513,24.825309102681565,-0.2566942473327244,237.28285277953302,257.576771712008,230.864412689209,54.014394113431656,0.057738154391778096,12.846454869065374,308.4034423828125,204.4182281494141,2.745934775233181
2020-04-06,236.40815247528656,244.80677011871967,227.5419314311164,242.8446350097656,188061200,0.010154667585944263,0.5752841233560846,26.59098623460691,-0.240244270838613,237.81254632526947,256.99904086093966,230.5083465576172,55.40924815393871,0.057476785429996534,12.836084551076468,308.4034423828125,204.4182281494141,3.5895323005914523
2020-04-07,251.4174604431951,252.16930817093797,242.8721667882083,243.0922088623047,201427200,0.010196260428598437,0.6200115361629437,31.423510726424748,-0.2669708351434633,238.31537132879663,256.4536749002089,229.5179344177246,61.773498776075435,0.056184256512295985,11.888746699978308,308.4034423828125,204.4182281494141,4.063934903338527
2020-04-08,245.6870219261838,253.05874090906812,243.20228632655915,251.2524871826172,153774500,0.025965983147069712,0.6628463842317052,34.23485329882856,-0.24531233968901833,239.54747760058908,256.249706754421,229.57633514404296,64.42343417082569,0.0556225233852065,11.613596466324273,308.4034423828125,204.4182281494141,4.777772096656628
2020-04-09,254.50742362725188,257.8265512385249,252.57282112817143,255.0759124755859,189999200,0.03498844737125422,0.7020241533013144,42.91105836078688,-0.23335473084137937,241.0263761601126,256.2036756062314,231.02227706909179,71.48945319654621,0.050713506228817595,11.037274791307686,308.4034423828125,204.4182281494141,5.316604389914206
2020-04-13,254.10395500418,254.4431958847466,248.8502262862596,252.74696350097656,114839100,0.028918199005249428,0.7183742432241912,48.606125861404195,-0.16443443884762643,242.1426225735282,256.06811826877043,231.38510208129884,73.60921817934071,0.047332619018313864,10.73405527148925,308.4034423828125,204.4182281494141,5.312752753499582
2020-04-14,257.6248340505204,261.2189863290575,252.6095016366842,260.2012634277344,134143400,0.05396484798136472,0.7248618278339025,56.71129918525042,-0.22376092752624055,243.86249313107166,256.2302023926514,233.46376876831056,70.40978143842148,0.03960033358015475,9.96387036612235,308.4034423828125,204.4182281494141,5.581194503894018
2020-04-15,254.4981997482188,260.3387165438089,252.5635698315606,254.6724090576172,121775000,0.033548042216482124,0.7193021548783083,54.75931922996734,-0.20663792500059452,244.8920089335998,256.16911245794415,234.67578582763673,65.18878220792699,0.038712714822076034,9.432080751037125,308.4034423828125,204.4182281494141,5.16495706636145
2020-04-16,255.94695583827448,256.7538144297248,252.83874828819563,255.901123046875,131798300,0.03682844529918996,0.7188000559932273,54.62389841399359,-0.2540458476934342,245.94049599200696,256.15860306927476,236.53260879516603,60.06976613552531,0.03638020848366561,8.66321050726745,308.4034423828125,204.4182281494141,4.760876076417353
2020-04-17,261.65902364519036,263.4194162623719,258.9267132107058,262.8143005371094,146684800,0.056726426754704726,0.7175182088575319,63.226286661937344,-0.2266664757218999,247.54752499630243,256.41961081311143,238.71184921264648,68.73864708023793,0.03657631680482657,8.535494612787804,308.4034423828125,204.4182281494141,4.737515286601996
2020-04-20,259.1192277447229,262.95180422099605,257.9639789331066,258.18402099609375,100109300,0.03774802037676474,0.7175532928883297,60.122999224796835,-0.22660256526165035,248.56052461533017,256.4888033693068,241.1319480895996,61.66619995271844,0.03505165001694295,8.301690811309445,308.4034423828125,204.4182281494141,4.206532937902425
2020-04-21,253.7280752057677,254.92918511748837,249.40955259580767,250.34478759765625,126385700,0.006376480644108652,0.7162423556688094,57.4585286216908,-0.1506517573670464,248.73045442317076,256.24786157434016,243.42827606201172,58.48408007978429,0.03533023488327849,8.462795785288582,308.4034423828125,204.4182281494141,3.170842724544663
2020-04-22,255.2134632901999,257.64318883426245,253.893154318908,255.901123046875,92951600,0.030346947658259134,0.700677160424076,81.05992594126717,-0.14366145389691776,249.41337524447593,256.23426398502784,245.07636947631835,69.48089541477364,0.030121504406135584,8.077054317069999,308.4034423828125,204.4182281494141,2.720750909217787
2020-04-23,257.17549374033564,260.33873886010645,255.58013253954968,255.8826904296875,104709700,0.027658806544186718,0.6815371827712523,79.47495632537112,-0.08958351310133439,250.02950050021036,256.2204767867792,246.55667266845703,67.26640606628757,0.030108887180676662,7.887129675290039,308.4034423828125,204.4182281494141,2.299325565554559
2020-04-24,257.39554010912246,260.1186727932332,255.35088916404356,259.4493408203125,85063200,0.04421129189684234,0.6585700791504729,93.67888893727887,-0.098212191179186,250.9266281497439,256.3470989057413,247.55469512939453,71.96803119514902,0.027622068714051547,7.697204984067777,308.4034423828125,204.4182281494141,2.141510617936789
2020-04-27,261.420615255831,264.3087793852271,260.96217561684955,263.190185546875,77896600,0.06033406397020895,0.6330139697500361,91.3867766198033,-0.1795520779904869,252.09458599708972,256.6154552446093,249.0964256286621,66.6665583366916,0.026490545031304834,6.811104975304303,308.4034423828125,204.4182281494141,2.1634302195977293
2020-04-28,266.83019054311086,267.1786091367333,261.6773336103177,261.97991943359375,105270000,0.05008614337620518,0.6063674364401019,92.4348283319878,-0.2274414614121163,253.03604632437583,256.82582638927533,250.20034713745116,65.2320883832138,0.02587308751675728,6.538005144250249,308.4034423828125,204.4182281494141,1.9759556707816506
2020-04-29,267.2978754969445,270.36942737195216,266.27097494933463,268.8382263183594,118745600,0.08037888781288462,0.576259416297908,92.28179005912561,-0.20449209416616865,254.54101584761236,257.29690089629827,251.82597579956055,64.48631422344869,0.02586328298477999,6.425360565078462,308.4034423828125,204.4182281494141,2.177478527130557
2020-04-30,267.4628265283742,268.9390166066362,264.6021678699744,266.3350830078125,122901700,0.06712718818560566,0.5478899380999358,95.6640815514704,-0.20559700058231878,255.66426033905998,257.6513394104753,253.85823745727538,59.481009610257416,0.023195675651375033,6.265559470846609,307.136474609375,204.4182281494141,2.009864464342021
2020-05-01,261.5948274910563,266.5001372793607,258.1198471539412,259.2843017578125,125180000,0.019896610025892162,0.5118390482450013,85.69061250718553,-0.16600119585179585,256.009026188465,257.7153771495866,255.2775650024414,55.09938195296958,0.02418916662729421,6.419459751996123,303.9734802246094,204.4182281494141,1.3248686212966887
2020-05-04,257.4047574252565,260.3021001779905,255.92859477193736,259.9995422363281,80873200,0.02250816029545602,0.47057553919131073,79.63723239586237,-0.10192401597804357,256.38907533588053,257.80495225102743,256.89952621459963,49.82416293844213,0.023721498764929905,6.1168898029732555,293.89208984375,204.4182281494141,0.8440862360212473
2020-05-05,262.8142792143297,265.2073206037957,260.12780177122573,262.40167236328125,79569900,0.04228047342295563,0.4301927801420822,114.08931001048663,-0.09245921059074613,256.9617036242044,257.98521578484133,257.8773780822754,57.12590761086238,0.019060642038414448,5.933506349774634,285.1779479980469,204.4182281494141,0.6222338101037672
2020-05-06,264.097843121118,264.4829166436481,260.19192950703405,260.62286376953125,73632600,0.025602154246843103,0.38553660697501013,108.00805783751063,-0.07236990219384376,257.31038554280696,258.08865296071156,258.75391082763673,54.309444893184406,0.019205173644077596,5.960357849423553,285.1779479980469,204.4182281494141,0.30606759872702183
2020-05-07,263.8320105300923,265.6932743331002,263.2635498583758,263.767822265625,75250400,0.04818285687874882,0.33389073014825305,108.34392679636844,-0.07661732116799902,257.92537951640867,258.31136548247287,259.3796775817871,50.934542820276455,0.018007433593303267,5.7855090885715565,285.1779479980469,204.4182281494141,0.26088701191381114
2020-05-08,266.8944094168429,268.5998195757135,265.7666377314456,268.1322021484375,76452400,0.07574972439572943,0.2921580305597252,126.99724186709246,-0.10048839905365914,258.8974578623162,258.69649633211856,260.03249206542966,59.80125799778708,0.018058864375153805,5.774378518728633,285.1779479980469,204.4182281494141,0.465149415568773
2020-05-11,266.20676247386785,269.56254444611375,265.7850057832069,268.1872253417969,79514200,0.06956413721975191,0.254776182203604,152.1481363825484,-0.11434484835325787,259.7821976222667,259.0686817834785,260.8045051574707,70.76377578598283,0.01785776389525951,5.417454966058689,285.1779479980469,204.4182281494141,0.5389768343221122
2020-05-12,269.36997290557235,269.78255179515514,262.7042425975372,262.841796875,95870800,0.023431264568625248,0.23983494001732825,127.93685216508369,-0.08962192206365027,260.07358802728896,259.2166470811852,260.936531829834,58.11691278080424,0.01743087633098213,5.401734106130958,285.1779479980469,204.4182281494141,0.18130733045895653
2020-05-13,262.28244947607476,263.31852740068314,255.7726018636216,258.19317626953125,144721100,-0.014577034580799604,0.22310290358807836,116.76837829567525,-0.06032012215122717,259.8945011932168,259.17651097092426,261.11257019042966,52.4380143466405,0.01721216240305912,5.600828335881299,285.1779479980469,204.4182281494141,-0.3840110448433567
2020-05-14,255.7635079143885,261.41146013220174,250.29888679853764,261.2831115722656,121977900,0.010636170225987207,0.20876520470205678,114.37023946691536,0.04641225306265295,260.0267498007453,259.2591227592122,261.38166961669924,51.95465158869725,0.017372817943950094,6.054027600486618,275.6981506347656,204.4182281494141,-0.5551129883263872
2020-05-15,258.89919065123917,262.53002466488874,257.95480613821377,262.48419189453125,111146300,0.019968911918292146,0.19064466166978986,115.01365519798723,0.0449135174658164,260.2607919049154,259.38559605863645,261.3651641845703,49.204390537151596,0.01630917590261266,6.033726169183786,271.1405334472656,204.4182281494141,-0.5894353603322333
2020-05-18,268.6915050760796,272.0839701507051,268.3706196611589,270.47943115234375,119703800,0.07872308331164929,0.17133153186932026,129.69760394030573,0.1677949154728573,261.2339956427657,259.82064841525244,261.9799346923828,58.307918462412246,0.017090290489695386,6.326476364166518,270.47943115234375,204.4182281494141,-0.10129691805204999
2020-05-19,269.8834715117107,271.58885385664627,267.68296642946405,267.7012939453125,95189300,0.05416667622004876,0.1468193085152611,118.27129943561111,0.11190548039162396,261.84992881443685,260.1296933379999,262.84776000976564,48.792370752389814,0.015582917957725576,6.006217756225362,270.47943115234375,204.4182281494141,0.0014199758717663435
2020-05-20,271.2313310260345,273.110923020854,271.0021111251568,272.2490539550781,85861700,0.08768419260992497,0.1357395428140234,137.223040070363,0.08606166061525111,262.8403216849741,260.6049623818069,263.66515655517577,56.02022512819333,0.015294503413116247,6.082844923288197,272.2490539550781,204.4182281494141,0.3246959301629744
2020-05-21,272.1205969507901,272.9274551573874,269.2782657160711,270.3693542480469,78293900,0.06213112698472676,0.12039990686827501,150.51109363965637,-0.051059965488727266,263.5573724052668,260.98787970989474,264.3894897460938,62.61200233049568,0.015447257395138378,5.744909160137969,272.2490539550781,204.4182281494141,0.3583418597290686
2020-05-22,270.08516244349306,271.0570523361643,268.8473696991475,270.8828430175781,63958200,0.06044713539637687,0.10961297760444492,150.48355744075107,-0.07348291351489644,264.255036273106,261.37591748666665,264.961164855957,62.43956786049646,0.015226240504948986,5.5903503909210865,272.2490539550781,204.4182281494141,0.3606004897045656
2020-05-26,276.83341854716673,277.0718161691973,270.90120710948116,274.2203063964844,88951400,0.0811116356030701,0.09928493482577602,150.8463366778315,-0.10527829287291857,265.20410961818965,261.87961901254187,265.5126708984375,63.2258593309769,0.01514515032187401,5.6604357326461985,274.2203063964844,204.4182281494141,0.5224653480467727
2020-05-27,277.0075509205538,278.3370370080894,272.1939349208289,278.30035400390625,104817400,0.10300973538438618,0.08771120195794979,159.39980968251606,-0.03554451523368585,266.4513709882579,262.5235694043601,266.3286926269531,68.81334111084118,0.01531273372302634,5.792729657692375,278.30035400390625,204.4182281494141,0.8220822613391823
2020-05-28,279.3272461114309,281.33521382254526,277.11756385460404,277.7868957519531,90405200,0.09283912103966563,0.07348879776422979,159.36349538834259,-0.05770765836363534,267.5309447752765,263.12213122191275,266.7761260986328,65.80512821924331,0.014344950232582728,5.731818186576108,278.30035400390625,204.4182281494141,0.8973125758434941
2020-05-29,277.3193091660714,279.61150744849493,274.5778489741923,279.02471923828125,119090800,0.09323283879969561,0.06548945998999076,152.23563453449648,0.00022861898664783276,268.62558996222936,263.74576212451547,267.4106079101563,63.211632792963,0.014115413447197491,5.746222555448544,279.02471923828125,204.4182281494141,0.9376755722753787
2020-06-01,278.3828651183529,280.75757894742645,277.8694149921172,280.1524353027344,55758300,0.1038286495537492,0.052915367468425394,172.24691200618187,0.016518714077212282,269.7233847565632,264.3891610726809,268.45401458740236,64.14464570201565,0.012368500089614145,5.682695790620144,280.1524353027344,204.4182281494141,0.944904563527448
2020-06-02,281.0693740975131,282.5180592457431,279.73991573138625,282.4721984863281,74267200,0.11130596771435194,0.03502330504858472,196.06951694685065,-0.05033086623428151,270.9375574927313,265.09829979478474,269.57764739990233,74.9939967687462,0.01240207899707994,5.375541098958635,282.4721984863281,204.4182281494141,1.0049068802477246
2020-06-03,284.45263612777273,287.18494662104723,284.1775835194625,286.23138427734375,92567600,0.12836571649560605,0.032683427977101116,218.64757587218614,-0.10695447738770913,272.39411242459914,265.9270482058655,270.76913299560545,86.52634809670643,0.01252144188341244,5.173171284505604,286.23138427734375,222.9392547607422,1.1844112763907848
2020-06-04,285.2503028822557,286.98321817364206,283.3890390401753,285.4795227050781,75794400,0.10764992141122533,0.028586569618884516,207.92337426695477,-0.19115663190321064,273.640341975121,266.693811911717,272.0119659423828,83.56629027778719,0.012359184491049746,4.63614312734865,286.23138427734375,225.6898498535156,1.1388233267371968
2020-06-05,290.8616625425781,294.565835177491,290.7974742690629,292.7962646484375,150524700,0.14307571301670632,0.026887897630277817,195.45264549024233,-0.13710893101916388,275.4647155630559,267.7174375092354,273.46338806152346,85.95022896298516,0.013135954780444815,4.958364123472786,292.7962646484375,225.6898498535156,1.4668654690692398
2020-06-08,293.60313838658124,296.52798606844794,293.062182869184,296.33544921875,73641200,0.15195143896804955,0.025250998142085042,188.1896331913541,-0.20122115033917498,277.4524044826458,268.839712478236,274.87355041503906,84.28968051609561,0.01297213629152331,4.539217206603971,296.33544921875,225.6898498535156,1.7674770338697998
2020-06-09,293.6764120455833,296.408722278723,292.8145433136846,294.1257019042969,77479200,0.11459289733226294,0.025865510323063428,181.4013231580584,-0.1597213688263165,279.0403375704221,269.831319906709,276.17047424316405,85.57985872839116,0.013234564821348362,4.5169523164508405,296.33544921875,225.6898498535156,1.6642252491116354
2020-06-10,294.70329579254934,295.59266964831977,291.7692714487275,292.48443603515625,95000800,0.09669710205076995,0.025551824833747263,177.2957693454514,-0.1487523090110192,280.3207279003968,270.7196774019422,277.65260620117186,79.56016815788652,0.012174836661716688,4.403650111025895,296.33544921875,225.6898498535156,1.3457384219384698
2020-06-11,285.57119193533765,286.2038408309795,275.0729417317749,275.623046875,209243600,-0.02216991038622074,0.06378482218948105,80.7852509835481,0.1618864515013907,279.87332970750185,270.91196640088566,278.5240997314453,55.33812717637683,0.0180362536683716,5.386671886887683,296.33544921875,225.6898498535156,-0.06533787579767925
2020-06-12,282.61891221793167,283.3890875968667,273.78020888553783,278.92388916015625,194678900,-0.004347522275273374,0.08799318036195644,81.74849193712618,0.1929712592492614,279.78290679823084,271.2261594502688,279.40613861083983,57.73229699598726,0.01803646298785288,5.91518589219569,296.33544921875,227.5603179931641,-0.8004017090605764
2020-06-15,273.24835223856235,282.6555425806839,272.07474788246594,281.52777099609375,135782700,0.007716795151054127,0.10811175888030444,78.17445037440909,0.37223824014771534,279.94908434088444,271.6301442167718,280.35831756591796,57.12743848461378,0.01808366662526661,6.228887431238462,296.33544921875,227.5603179931641,-1.1158748755972372
2020-06-16,289.2570561458452,289.40376017355715,282.09623192993956,286.9465026855469,137627500,0.031094706016804727,0.12289123030395267,80.23930555284682,0.4064051677946925,280.61550513561417,272.2307857253512,281.1816711425781,58.21852360892502,0.0173689954434509,6.352665080538669,296.33544921875,242.8446350097656,-0.9696386701587549
2020-06-17,287.96429064170104,288.25769873534205,285.0210879201945,285.7546081542969,83398900,0.022279848338074358,0.13530140180848405,77.4202756209569,0.42667802775899943,281.10494351834586,272.76113170295696,282.08433685302737,57.47720347332004,0.017173793447798034,6.282590855339123,296.33544921875,243.0922088623047,-0.9613426378061805
2020-06-18,284.2418184413267,286.34145231822947,283.7833786982742,285.86468505859375,80828700,0.02024614884470906,0.14567209817341048,74.86600193176675,0.1334945758633681,281.55825223646474,273.27499654043294,282.76511840820314,56.5576859384198,0.016881785854304814,6.105763365742884,296.33544921875,250.34478759765625,-0.9546598556179546
2020-06-19,289.3235800973279,289.5169641791191,282.28778324973854,284.2309265136719,135549600,0.010985668241509521,0.15569596451197154,68.97230950963025,0.0846381032949155,281.8127926438178,273.70464085310897,283.45819702148435,53.872598678186364,0.01684867887649131,6.415836006747976,296.33544921875,250.34478759765625,-1.0584501913968047
2020-06-22,283.6323430698322,286.4503381503588,282.49041850503755,286.0543518066406,74649400,0.016843317409906546,0.16500314447847023,66.18593138039488,0.04356494788006349,282.2167506593247,274.18894324344353,284.2167724609375,53.43368179148208,0.0168684649261133,6.500248587531148,296.33544921875,250.34478759765625,-1.0030002583794762
2020-06-23,288.69736494870455,289.6274972240298,286.9660418676936,287.3712463378906,68471200,0.020000428067839134,0.17298130508713197,62.01125130908035,0.010418196466902785,282.70765500966434,274.7058963059709,284.8743194580078,51.14628824311095,0.016728513124288,6.418848393436154,296.33544921875,250.34478759765625,-0.8806879563826016
2020-06-24,285.3360276763805,285.95305250280444,278.20816137818287,280.040771484375,132813500,-0.009647223508755751,0.18347414385492486,51.01036553449135,0.0850025949456561,282.4536661024939,274.9151070972809,284.9613403320312,45.16970288646416,0.01756967894230877,6.816627381024797,296.33544921875,250.34478759765625,-1.2727270761374827
2020-06-25,279.46981736237365,283.3100417218154,277.45301313177083,283.04296875,89468000,0.0020700233415883737,0.19162199711328634,44.551694342888325,0.07864714894148372,282.50979016416113,275.2338467699366,285.2241439819336,40.618901916397995,0.017706988231299875,6.58596424656992,296.33544921875,250.34478759765625,-1.3042925658417612
2020-06-26,281.94708210428337,282.1589024781775,275.7401296700566,276.3202819824219,127961000,-0.02043778239942988,0.20103399816371423,32.780041487134895,0.06627477264491755,281.9203131944717,275.276452072387,285.08892211914065,31.859562399286176,0.018529049317560307,6.841044079422273,296.33544921875,250.34478759765625,-1.7259120859431718
2020-06-29,277.572693256611,280.51960120631884,275.2888164097337,280.3814697265625,79773300,-0.004914094013798518,0.20573656853736022,37.739808988828514,0.07041206228760744,281.7737566737184,275.47664884313895,285.10037384033205,37.94761155198408,0.01881211821568468,6.957944495961324,296.33544921875,250.34478759765625,-1.6777725427574923
2020-06-30,279.9486930198918,285.6675903215087,279.792153347328,283.97308349609375,113394800,0.006850182907162071,0.20805101172644166,41.531217100172874,0.10682138892877124,281.9832163710875,275.8098423589411,285.1754180908203,42.783204246963976,0.018941178462175513,7.104518694146216,296.33544921875,250.34478759765625,-1.363863804895241
2020-07-01,285.08739818187286,287.22392574002134,284.62694111006857,285.9622497558594,72396500,0.012266304795894009,0.20691219479478812,59.38236280441017,-0.10614982945915974,282.362171931542,276.2079759823497,285.1619613647461,61.72329433584896,0.018767413632033544,6.0930435470423765,296.33544921875,255.8826904296875,-0.9989876343339423
2020-07-02,289.38803604130976,290.7325908541107,286.8739585501112,287.5370178222656,69344200,0.015703813300854675,0.20204995163719594,57.07868897596051,-0.12732084439568647,282.8550143973252,276.6522521329346,285.2648361206055,60.16400113799648,0.018792788262465766,5.747433717536836,296.33544921875,255.8826904296875,-0.6454625058477057
2020-07-06,291.34955427526955,292.55594935283244,290.6036161923204,291.97576904296875,61713800,0.028103549907564834,0.1940152565136551,59.73145223471351,-0.21793256776644743,283.72365769691027,277.25317436470067,285.223811340332,61.817497739087216,0.018205334243366525,5.350157776990325,296.33544921875,258.19317626953125,-0.1333405083007979
2020-07-07,290.4379459868934,292.4086879039096,288.5868993171508,288.9644775390625,82910000,0.01602729639371344,0.18181910708046653,50.353830246149435,-0.27269152212283576,284.22278339616287,277.7124411558521,284.85526275634766,52.41395020454236,0.018112721074457078,5.060572020511423,296.33544921875,258.19317626953125,-0.023799759147443034
2020-07-08,289.7287189273089,291.2850657221682,287.96979804712055,291.174560546875,54638600,0.020965422947547496,0.1669459847727723,53.49056534474783,-0.28690589950569856,284.8848574105164,278.24036740648046,284.70770568847655,56.32929842830435,0.018148567486512765,5.0661903676471445,296.33544921875,258.19317626953125,0.1609387234498576
2020-07-09,291.78240850045916,292.0218551502653,286.1095744969354,289.5169677734375,83354200,0.013821765634295264,0.14152073281720487,50.923659821939836,-0.1292075063385627,285.32601077841366,278.68258702871407,284.5593322753906,54.11627855784762,0.018150295097811544,5.30577658431676,296.33544921875,258.19317626953125,0.1359325473551376
2020-07-10,289.45251680342045,292.74018697945144,288.02511114921197,292.4731140136719,57550400,0.030987612672338866,0.1383957892981351,80.8913777425375,-0.1080892967895335,286.0066872770097,279.2233920085163,285.4018356323242,59.02041885096536,0.012263187013934307,5.126197648663825,296.33544921875,258.19317626953125,0.27490157523843495
2020-07-13,294.81228763297554,297.1882340667077,289.2868020526864,289.9406433105469,102997500,0.016709545904994943,0.1359360756253561,72.85352769776402,0.010761639532465894,286.3813497563942,279.64367637330184,285.9526733398437,54.188236129875904,0.012339883222012283,5.407734246428114,296.33544921875,258.19317626953125,0.15846483095836295
2020-07-14,288.5223761645233,294.47150148289853,287.3251990766644,293.69793701171875,93657000,0.030223787215759856,0.13404821640043507,74.02558166595671,0.11903550086399628,287.0781675902346,280.1948238493182,286.561181640625,56.47752318545426,0.012478886601153689,5.662959745631326,296.33544921875,258.19317626953125,0.2890854000979495
2020-07-15,296.9120110782605,297.4921916391001,294.020326411243,296.39630126953125,87196500,0.03950573214413818,0.1330380279110396,92.43351121978087,0.042098989896973915,287.96560889302475,280.8301759050128,287.0336715698242,68.5002181621359,0.011946648528911247,5.279471864750868,296.39630126953125,258.19317626953125,0.4994720735931222
2020-07-16,294.4991602617193,295.87131342816184,293.85450907927094,295.4200744628906,54622500,0.031301628270753806,0.1327932063584937,86.64557377838436,-0.0495888425321559,288.67555799491674,281.4023287896355,287.5169448852539,64.67259060095783,0.011926038090913875,5.0426692647662765,296.39630126953125,258.19317626953125,0.5131835637929019
2020-07-17,296.42383888823116,297.0592718738817,294.4530691984586,296.2764892578125,62774900,0.03155116201543926,0.1329245709894598,102.87208451525174,-0.0817374673216259,289.3994562104306,281.98562920015223,288.0375350952148,77.47928101922005,0.0119243368221458,4.70719523587197,296.39630126953125,258.19317626953125,0.5186893368396408
2020-07-20,296.0094126786261,299.4168060932532,295.2634745052949,298.6708679199219,56308800,0.038270208894279255,0.13425826634988336,101.17442688840191,-0.14377554787257485,290.28244780181075,282.63995228720205,288.75953216552733,76.39577073605153,0.011862061064105771,4.630234292398626,298.6708679199219,258.19317626953125,0.6157303667462526
2020-07-21,300.632423503006,301.0744442907489,298.3209200855165,299.3063049316406,57292200,0.036952409804747725,0.13639421866864387,97.76609427097951,-0.22174256552185745,291.14186276655647,283.2935347438467,289.42212982177733,74.1937565306997,0.01182718532622001,4.4072405231880305,299.3063049316406,258.19317626953125,0.6514019502048343
2020-07-22,298.94720120561465,301.3231758826921,298.83669598418305,301.0100402832031,57792900,0.039923270066180426,0.13862485599653554,96.59426871190982,-0.1755532893617593,292.0816891967133,283.9882996669587,290.104069519043,73.95919581112757,0.011840679214121307,4.352643212800992,301.0100402832031,258.19317626953125,0.7134300177036881
2020-07-23,300.6508750281461,301.35077884843804,296.0555219337203,297.41845703125,75738000,0.024163207810091746,0.14633319699386962,94.85668775558317,-0.12940211439884486,292.5899528000025,284.51497250477405,290.9729537963867,64.78382319772004,0.010466586874686991,4.390137199691452,301.0100402832031,258.19317626953125,0.44916529122521176
2020-07-24,295.5674004213925,296.5251308789289,294.00183516323403,295.5029296875,73766600,0.013007995856711889,0.15214454508488595,80.5244471191941,-0.09167002954845327,292.8673791702403,284.94587278644957,291.59595184326173,55.70801783453079,0.010509469936882667,4.2756865095092484,301.0100402832031,261.2831115722656,0.10017799039620545
2020-07-27,296.19358696402725,297.8328128298591,295.4015862760953,297.6578369140625,48293000,0.025826764783413704,0.16401570585944772,112.6835270004857,-0.09802390413248319,293.3236132410805,285.44438118361086,292.66282958984374,64.46956182519332,0.008590819278591968,4.176360650009607,301.0100402832031,262.48419189453125,-0.024079988607137892
2020-07-28,296.9304135617862,298.0447401843748,295.4753812230402,295.77008056640625,57495000,0.01322995475164501,0.17121077776762333,101.2960519322673,-0.0644755069572468,293.5566101292068,285.8493105711715,293.43226013183596,57.731922768059775,0.008468459248720962,4.123081456172961,301.0100402832031,267.7012939453125,-0.2589066355771221
2020-07-29,296.64494113452423,299.96945672259363,296.608096689494,299.4076843261719,48454200,0.03132956357891931,0.17339803943363755,114.18632150238875,-0.08085020081993732,294.11385529082247,286.38101150274014,294.20399017333983,65.60155967939923,0.008437094822476789,4.000731134948495,301.0100402832031,267.7012939453125,-0.1975199062898607
2020-07-30,296.4422441472383,298.7537475391664,294.36099738513786,298.3393249511719,61861700,0.022254263314237074,0.17115367129027367,102.58877574294088,-0.08330481262744249,294.5162809727605,286.8499649713061,294.82284393310545,59.839314671340354,0.008483206159500685,4.024417642862391,301.0100402832031,270.3693542480469,-0.25356375060945746
2020-07-31,300.1258761780566,300.7981535361253,295.9172923240878,300.69683837890625,84986800,0.031934691220375254,0.16371326405664727,114.84936004419157,-0.10922782175277268,295.1049054876315,287.3929796147414,295.4808349609375,68.14772784612644,0.008549663958305873,3.8086625855778373,301.0100402832031,270.3693542480469,-0.16106377064495447
2020-08-03,302.3546141881708,303.5517916334194,301.81127807969176,302.7874450683594,53077900,0.041579402737664924,0.15582999111998533,117.23957308597893,-0.16143792654469702,295.8365759238913,287.9966841423343,296.021418762207,66.24959491264843,0.00805857394912358,3.5021376461691927,302.7874450683594,270.8828430175781,0.0030253312288461842
2020-08-04,301.93091720834786,303.9569396972656,301.93091720834786,303.9569396972656,41917900,0.046349935106402194,0.14465104967731077,120.31570892631096,-0.18123486366963582,296.6099439023079,288.6225765170375,296.7710418701172,64.29797396265573,0.007539051616524406,3.3758353505646506,303.9569396972656,274.2203063964844,0.1445931707788004
2020-08-05,305.25535623296946,306.1026094552458,304.98828331124287,305.8447265625,42697700,0.05229265817008733,0.12534233875598927,128.5759091873625,-0.16326771827440878,297.48944701280243,289.2979549501929,297.5045501708984,69.05709513400971,0.007494701062563165,3.3475408911160685,305.8447265625,275.623046875,0.3101340747110344
2020-08-06,305.264638297825,308.00894452980793,304.942312718452,307.88922119140625,43679400,0.05963246102504347,0.09384114008225779,133.06821597577076,-0.16002040878255075,298.479901696479,290.0270242145542,298.42316284179685,70.34524130320412,0.00729196384910788,3.3804286865398416,307.88922119140625,275.623046875,0.4913167683247739
2020-08-07,306.922272863609,308.3957411535914,306.0197668612782,308.1102600097656,57308300,0.05585314353327726,0.09716772905510584,130.3146650432518,-0.14576980215742585,299.39707867869674,290.7361707163272,299.20502014160155,67.90079587386396,0.007111922878665222,3.253474593993766,308.1102600097656,275.623046875,0.555317036287609
2020-08-10,308.56154419446693,309.2153854806249,306.6276185368531,309.0312194824219,44282100,0.059391069381474024,0.10075424855911502,139.64298873160382,-0.07438395713841262,300.31461589809913,291.45362360911525,300.1595489501953,68.24468231285039,0.0065969636414454115,3.2416347896037223,309.0312194824219,275.623046875,0.5859162514114056
2020-08-11,310.2099129722672,310.8453459347755,305.7526922046899,306.4801940917969,69601100,0.03729709221051657,0.10070725653690274,120.60171005419416,0.015390179711940233,300.90181382130845,292.0429008829459,300.79866180419924,59.946219852709426,0.006652874368365926,3.427790063287761,309.0312194824219,275.623046875,0.3710668878415282
2020-08-12,308.91143712616207,311.526829875344,308.8838108265044,310.7532653808594,53774400,0.05605670198472961,0.09886850396080746,139.83027274009092,0.018667589725658074,301.8400473031704,292.7766406671778,301.5165100097656,73.65993543475412,0.006993701182616386,3.410031411061287,310.7532653808594,275.623046875,0.4482900402026919
2020-08-13,309.9888955675153,311.4992082489788,309.2705836615696,310.1914978027344,41816100,0.047376503299516814,0.09531405378390681,146.8246408964654,-0.01634533049412834,302.63542354122416,293.45957624112117,302.2550811767578,77.37709132731243,0.006937802028298937,3.325174462446516,310.7532653808594,275.623046875,0.3949605567923973
2020-08-14,309.80472777793506,310.734860048338,309.0771977415584,310.2007141113281,47260400,0.04234021247840751,0.08938817211725043,141.50646077936344,0.005054681973792441,303.3559274050436,294.1160914517175,302.95129241943357,75.41030025830399,0.006958001243449691,3.2699198733762183,310.7532653808594,275.623046875,0.29813749287527447
2020-08-17,311.2136614504933,311.58202140842496,310.2098686209025,311.18603515625,35481000,0.044106718421783736,0.0814193223713712,156.03908172124173,-0.0174528449561282,304.10165195277756,294.78550100875805,303.57705078125,82.41607051642397,0.006829562810121292,3.185059040216377,311.18603515625,275.623046875,0.24074232857072175
2020-08-18,311.5821378053685,312.2820416597443,309.98894596467176,311.8584289550781,38733900,0.04317353234752541,0.07001078487522967,149.85821511754204,-0.11053591560610276,304.8403926196633,295.45502759488824,304.20465698242185,79.91090935217198,0.006829579856003421,3.0488961501367475,311.8584289550781,275.623046875,0.19054957099729375
2020-08-19,312.23588712741235,312.75159673010216,309.9980728045905,310.5598449707031,68054200,0.03109622632113177,0.052322891695039654,145.0424945762447,-0.15393776651833324,305.38510236738136,296.047373374332,304.68214721679686,79.0366415003495,0.00691021100454288,2.885098791885152,311.8584289550781,275.623046875,0.02128483114365931
2020-08-20,308.8378341384851,312.00578186582436,308.70892073892423,311.52691650390625,42207800,0.03717112171712126,0.04519262109182212,158.72848762512345,-0.16637278435563074,305.9700370470504,296.6544142813741,305.3875701904297,77.55347958955502,0.0061368996917235295,2.7719559286610513,311.8584289550781,275.623046875,-0.06919845332398733
2020-08-21,311.1953341258538,312.85296841916903,310.85457226958493,312.6319580078125,55106600,0.041878805154175906,0.03352217106516197,162.6869172284675,-0.17099703256334464,306.6045057099802,297.28098462358736,306.2440216064453,76.36838327973857,0.0057810260965798005,2.7107732783089773,312.6319580078125,276.3202819824219,-0.09659712603790549
2020-08-24,315.0631480494956,315.87355700727335,312.604322979584,315.7998962402344,48588700,0.05509438756949027,0.03379711804182261,160.15442283015463,-0.1210291341046047,307.480257189052,298.0072164516912,307.15112457275393,78.65363998027095,0.005929248297351455,2.799574102506946,315.7998962402344,276.3202819824219,0.04885011174197906
2020-08-25,316.36163229349035,316.9878471615432,315.2012714878101,316.90496826171875,38463400,0.05934324865368449,0.035567449535619675,166.99600285377025,-0.09018727156833117,308.37784871978215,298.74830475796676,308.2078689575195,77.81331827125855,0.005508392638090999,2.773924525060725,316.90496826171875,276.3202819824219,0.16325059145658116
2020-08-26,317.4943564112972,320.34916765874164,316.9510204608459,320.0821228027344,50790200,0.07424025554748014,0.036567077898365885,171.43043445655974,-0.02918622883879851,309.4925414895871,299.58492507344783,309.24159088134763,79.00909181997586,0.005337462554411664,2.8008936383226506,320.0821228027344,276.3202819824219,0.38405788702085
2020-08-27,320.94779884525434,322.2278548973866,319.1243787139967,320.7820129394531,58034100,0.07321194989567617,0.03681160030037937,176.91731606611148,0.029185936766269904,310.5677292467172,300.41618342113435,310.36372528076174,79.47672404491064,0.005094006345845431,2.85285805911384,320.7820129394531,276.3202819824219,0.5010152574645002
2020-08-28,321.80426786042483,322.9830369399693,320.616280645361,322.8540954589844,48588900,0.078545060129286,0.03412674588215242,177.35940898317912,0.04659124644441004,311.7378593621712,301.29610154026574,311.4715881347656,80.51996356050519,0.005040490532570213,2.837071584173592,322.8540954589844,276.3202819824219,0.633178605191163
2020-08-31,322.6423290489599,323.5171807672397,321.4543417386252,321.6845703125,66099200,0.059945985996335785,0.031749803408885224,178.60513656896697,-0.06390895457723389,312.68516516696445,302.0956493352553,312.4164443969727,85.75123101453394,0.0052188503841791994,2.620656248354229,322.8540954589844,276.3202819824219,0.5596295734340293
2020-09-01,322.5134176423937,324.8157035959039,321.6201295682686,324.71441650390625,54908700,0.06822222486918121,0.030914994231276163,166.94926246606371,-0.10291807544802989,313.8308081514351,302.9826598124573,313.4543182373047,84.86643446714783,0.005409101254997782,2.488437551503385,324.71441650390625,276.3202819824219,0.6277181285940339
2020-09-02,326.6206721827685,330.37798998883557,325.4787193923163,329.4110412597656,69540000,0.07858250617917509,0.03354063627417905,157.81692024208058,-0.02395756597863552,315.31463987603803,304.01906692803806,314.632633972168,89.78252410503123,0.005930716726905881,2.7337910441833952,329.4110412597656,276.3202819824219,0.8859522821805008
2020-09-03,327.7257482737778,328.19542353260755,315.49600820932886,318.0745849609375,148011100,0.007868728584075647,0.11736280563939837,60.75519770734987,0.26515846603119253,315.5774917888856,304.57026371364196,315.1419021606445,61.09527163765248,0.010337732745587417,3.6093175258731907,329.4110412597656,276.3202819824219,0.2246159109153858
2020-09-04,318.75605256613443,320.3215899223895,308.38654915956926,315.47760009765625,139156300,-0.0002746922914186326,0.16444887804905786,53.50447956790624,0.537908191991799,315.5679782944828,304.998002395368,315.51026916503906,55.78461199258258,0.010569453614636314,4.363155630567718,329.4110412597656,276.3202819824219,-0.4212003999752856
2020-09-08,310.0809258509965,315.54196689159204,306.5538378154059,306.85772705078125,114465300,-0.020332520794556164,0.2226827807626487,36.09413782694857,0.8473892955963365,314.73843055698745,305.0709327740117,315.401594543457,44.4488634708298,0.012331310025924497,4.841372300647257,329.4110412597656,280.3814697265625,-1.4068409319193353
2020-09-09,310.85461330882225,315.37630593191915,309.98895161129644,312.91748046875,91462300,-0.004001743084395889,0.2730662909078545,40.01147056860645,1.1110282382457846,314.5650067390601,305.37864052674655,315.7234588623047,52.36694639251695,0.012952243999381129,5.253161940334844,329.4110412597656,283.97308349609375,-1.6137818549914549
2020-09-10,314.78688177765224,315.4407229555937,306.5262807206502,307.4840393066406,90569500,-0.01511297505842311,0.3153785074067682,34.26491766469507,1.0683430600144974,313.8906288883535,305.46120518478165,315.55999755859375,46.27519739257912,0.01321026523093266,5.654417733766512,329.4110412597656,285.9622497558594,-2.051591456620301
2020-09-11,309.26138178450964,310.32042738546795,304.8225690491499,307.64056396484375,84680200,-0.013215416211226886,0.34904387157872396,33.18189012917517,0.6358714012297371,313.295384609924,305.5466702349802,315.43245086669924,45.31950037430719,0.013207843133504678,5.904379318533224,329.4110412597656,287.5370178222656,-2.24973981913862
2020-09-14,310.79936944297793,313.4608253569491,307.78798968967357,311.6926574707031,65605700,-0.0032692844278532167,0.3794975887389809,32.62498699776521,0.39499849975708745,313.1427439299982,305.78768934226343,315.50704803466795,46.21140637315617,0.013549124633521176,6.086595558848655,329.4110412597656,288.9644775390625,-2.03355218018266
2020-09-15,314.14224664496544,314.97106380213984,311.70182964170226,313.26739501953125,52920900,0.0002512912475035123,0.4038008978963119,32.566851183676526,0.27921475708732246,313.1546154623347,306.0810111335289,315.61111602783205,46.673457654932214,0.013576344642796343,6.193154891541773,329.4110412597656,288.9644775390625,-1.7224638686506353
2020-09-16,314.5013391992171,315.92874461250403,311.7477873154288,312.0240783691406,82096000,-0.002253575812960071,0.4230783446887491,29.216371591158705,0.18895638984110774,313.04694526298283,306.31407259374896,315.61939849853513,42.36076152253588,0.013604181334966553,6.245780455831225,329.4110412597656,289.5169677734375,-1.5441172093494746
2020-09-17,307.1801021515254,310.99269998077335,306.6551743743273,309.27978515625,91523300,-0.007384236075596569,0.4387705376796638,26.76043745814073,0.13320186618181395,312.68816810996066,306.4303750471804,315.5553955078125,39.50249914634086,0.013719775456073528,6.407596728075755,329.4110412597656,289.5169677734375,-1.5505891348188654
2020-09-18,310.0832931282361,310.19424068358853,303.2412544546544,305.71917724609375,105877900,-0.013363333989257828,0.4483584352457597,22.997062736706056,0.14071000814371248,312.0244546943543,306.4024849373339,315.2650085449219,34.775478595588154,0.013926798978311032,6.735184580527601,329.4110412597656,289.9406433105469,-1.7211236902933036
2020-09-21,301.142326624104,302.4644982707125,297.4716623333605,302.3165588378906,99450800,-0.01855438200827947,0.45109196980130434,21.981602180535383,0.17913981211469499,311.0998931842149,306.2422525412773,314.7492385864258,33.448173160028645,0.014069004873326085,7.17694714367894,329.4110412597656,289.9406433105469,-1.9715445106805247
2020-09-22,303.7960278580259,305.9503348545205,301.2903399000604,305.39556884765625,63612100,-0.010960697753611926,0.44850038814759835,22.097227668743137,0.17574140578928987,310.55662419978074,306.20904925917455,314.22902221679686,33.50404998191553,0.014071270637352286,7.281548638452141,329.4110412597656,293.69793701171875,-1.8407730889442928
2020-09-23,305.9503536740996,306.22775080288056,297.8138791281714,298.31317138671875,93112200,-0.02254814618042031,0.4415986641615035,15.420297104704165,0.1972880830559849,309.3905810747272,305.8994069896665,313.2994323730469,24.48572849308772,0.01481053925200718,7.477998509150702,329.4110412597656,295.4200744628906,-2.12221480044274
2020-09-24,297.0002185553226,302.1594777085532,295.68727323191223,299.1083068847656,76681300,-0.019429738774645305,0.4246734381441346,20.086910700160967,0.0840831893025138,308.41131686615944,305.6330893384939,312.25074157714846,31.184541877152924,0.01456146377365017,6.946367896736717,329.4110412597656,295.4200744628906,-2.1397073714809203
2020-09-25,298.25762343564503,304.7298270780176,297.38852490576954,303.9439392089844,71069400,-0.008175104324007644,0.40060909845571524,24.321967994788753,-0.01736268211116987,307.9858523273809,305.5668481569445,311.408837890625,39.04465736635807,0.015160975800348031,6.618243711695848,329.4110412597656,295.5029296875,-1.7281128513174138
2020-09-28,308.0954153354496,309.70421136202526,307.106085914168,308.9922790527344,64584600,0.0017985934243071157,0.36795646169533625,31.750146329046274,-0.10997219639193256,308.08170249170024,305.7011787803088,310.7157470703125,52.175100148831646,0.015641825185871372,6.38768250289976,329.4110412597656,295.5029296875,-1.051638104339288
2020-09-29,308.78887594020625,309.5285451633514,306.6160587994306,307.30950927734375,51304000,-0.0013900120888838614,0.3238563473766464,26.795295024112452,-0.1777508301625157,308.00816028080914,305.76425056450626,309.9969940185547,43.725826805205024,0.015656628954124636,5.987247323098537,329.4110412597656,295.5029296875,-0.6717702816645086
2020-09-30,307.9751372004484,312.7830704632652,307.7809790212787,309.6394348144531,104081100,0.002970550096776474,0.2637988098707483,32.61906530283774,-0.232218340470982,308.1635197602038,305.9162185743081,309.24324493408204,52.59140435124632,0.015590338375465657,5.741470105311249,329.4110412597656,295.5029296875,-0.24011129106560336
2020-10-01,312.22836509125534,313.1991843917802,309.7504423645945,311.62738037109375,88698700,0.006492764505227409,0.18147043150608413,34.890146819293776,-0.19338655126292292,308.49341124695525,306.14018570359383,308.35406188964845,54.591115222091325,0.015235989584313362,5.60303376538332,329.4110412597656,295.5029296875,0.18010402143258886
2020-10-02,306.69007030245626,311.59969787140113,306.2185149056574,308.668701171875,89431100,0.00037548318899392844,0.15120367982287736,33.91142775857292,-0.15783573636008674,308.510105525519,306.2393431729382,307.88376770019534,46.42772937713018,0.013412276342335529,5.57364834204982,329.4110412597656,295.5029296875,0.25502574794643773
2020-10-05,310.7212700191764,314.3272066536649,310.675051276602,314.1423034667969,45713100,0.011648556425661127,0.11596556262488755,35.991256048114856,-0.10082327642137678,309.0465053294502,306.5492631844621,307.81700286865237,50.94637338521678,0.013964982800876245,5.743655424217906,329.4110412597656,295.77008056640625,0.647143873850522
2020-10-06,314.28094252067115,316.3705485681372,309.16790315798374,309.6764221191406,90128900,0.001423786029965341,0.109544216287324,36.77733138253074,-0.00463602590019474,309.10649740465885,306.671896868175,307.9579376220703,47.62608052712071,0.012887091509845992,5.959490289437781,329.4110412597656,295.77008056640625,0.5817294802571024
2020-10-07,312.6259658002967,315.87132309591203,312.5982289095894,315.0669250488281,56999600,0.013748081644277108,0.11337569214129752,43.858675062242796,0.04824896123657396,309.674157180294,307.00111365957315,308.0654098510742,55.55461823038866,0.012712876814871269,6.01849007386336,329.4110412597656,298.31317138671875,0.860657237036838
2020-10-08,316.99938098191984,317.92398175584026,316.0840070284668,317.8592529296875,45242500,0.019896792843855617,0.12672459097371633,51.57011005495997,0.021932745580845348,310.4536901088077,307.4269230427149,308.58417053222655,61.82672240027113,0.012120869426184254,5.725923679440358,329.4110412597656,298.31317138671875,1.1730190549959432
2020-10-09,319.50498071538817,321.1600236881462,318.8855141153723,320.6977233886719,59528600,0.024800354352355992,0.13885815195363357,56.75390600615064,-0.0360739534381862,311.4293123259376,307.94734658569365,309.23702850341795,68.10573285781965,0.01222204411018916,5.372584811277891,329.4110412597656,298.31317138671875,1.4902333359608144
2020-10-12,323.2310413996827,327.3270142850216,322.7410043300661,325.8569030761719,80388500,0.03459831974358589,0.1501095211052248,57.50631930912301,-0.04011497906355144,312.80336858786467,308.64968213433986,309.9452407836914,69.361306206746,0.012376826680359197,5.513248807127151,329.4110412597656,298.31317138671875,1.938565848098021
2020-10-13,325.71829333157706,325.89396970025575,322.76881520469266,323.73040771484375,73255500,0.026060527439429285,0.1597415178839097,63.321088408354505,-0.1382680321783889,313.8440389809103,309.2410831374969,310.46839141845703,76.53993519819106,0.012511231934359249,5.135483294331002,329.4110412597656,298.31317138671875,1.9762052515809714
2020-10-14,324.30366960004284,325.39469156684834,320.96587488382295,321.6962890625,57727900,0.018765791798970175,0.1683519260181809,60.65328551766111,-0.1709669764138021,314.59187232201407,309.72952258553624,310.952001953125,72.99084109931658,0.012577137128818841,4.989527023358461,329.4110412597656,298.31317138671875,1.7558481455253683
2020-10-15,317.7944920914556,321.77951876830656,317.2582361118935,321.2987365722656,60357700,0.016428654382692403,0.17741839193972495,59.24518105141059,-0.16378608483135493,315.2306212982285,310.1832172516825,311.5529495239258,69.41869772117596,0.012359927119502376,4.788097057941676,329.4110412597656,298.31317138671875,1.485775205189934
2020-10-16,322.6485591089017,324.30360178414776,320.9288158479538,321.1044921875,89501900,0.014965045183169256,0.18705647683949575,57.98205342760074,-0.14050585565136686,315.7900375733972,310.61150254328317,312.3222152709961,65.2042399469815,0.011967620011811692,4.617705185309753,329.4110412597656,298.31317138671875,1.2082872789825467
2020-10-19,322.3620205940744,322.99074228284945,315.325822981665,316.2226867675781,68425600,0.0010876661925807818,0.1928417327603877,52.96712710500116,-0.10086323794777685,315.8312422585573,310.8315489834516,313.0175216674805,60.356758113828704,0.012243722092930556,4.957164680828588,329.4110412597656,298.31317138671875,0.6387950335150498
2020-10-20,317.5633049958053,320.7254513716909,316.8051539703146,317.4893493652344,60051900,0.0042548430371677935,0.19819244491081783,53.192080676368484,-0.04822549549759747,315.98915722109797,311.09263919450194,313.62221069335936,59.35238039834495,0.012112138151191651,4.887822067842255,329.4110412597656,298.31317138671875,0.3070587841909269
2020-10-21,317.44313504454004,319.60672543903087,316.583263194965,316.8883972167969,63575000,0.0026491726239344505,0.20785257710709018,58.13020158177007,-0.028061015192588412,316.0747991254502,311.31992382282726,314.5509719848633,56.48220217320516,0.010624434283972665,4.8495158297521685,329.4110412597656,298.31317138671875,0.02184689042019139
2020-10-22,317.1010016263074,319.20908978421284,314.96517658013624,318.6265869140625,55399300,0.007552692959535572,0.2152516258749697,64.82850907266,-0.004551307907339597,316.3178265338895,311.6064596303267,315.5268859863281,62.649757937209436,0.010637367729452677,4.7663049539407565,329.4110412597656,298.31317138671875,-0.07002438540594191
2020-10-23,319.84711952294293,319.9025933086826,317.25824879984316,319.70843505859375,49143900,0.010523818549412606,0.21782240760025867,62.95755873139464,-0.014443850580757478,316.6407416314804,311.92418415692543,316.3151107788086,57.95884063991538,0.010193280096610934,4.55100774158715,329.4110412597656,298.31317138671875,-0.07762404826886371
2020-10-26,316.33359795190205,317.1195140807674,310.31443920384794,313.8002014160156,91473000,-0.008493609505210884,0.2083659756175252,58.19937837034589,-0.050357799983985374,316.37021399191235,311.9977534612035,316.55550689697264,55.66288548673961,0.01066066880402018,4.707532773343745,329.4110412597656,298.31317138671875,-0.47791927849378135
2020-10-27,314.142337779827,314.4751804824875,312.5057765086921,312.71844482421875,65994100,-0.011060050867438758,0.19422358341321008,49.02453614389976,-0.09863503669020202,316.022426452132,312.02601586759624,316.8259536743164,46.342140462186514,0.010608014452608248,4.405711558845455,329.4110412597656,298.31317138671875,-0.7942605805796421
2020-10-28,307.05985871686283,312.7461466489848,301.5399921174108,302.030029296875,127094300,-0.03496090178458142,0.16728696528046866,26.255769044382262,0.03145878161344817,314.68981719925034,311.6340163942346,316.4454833984375,30.212443882891876,0.013056467881714372,5.002075689171302,329.4110412597656,298.31317138671875,-1.6526623030154466
2020-10-29,302.2612006889962,308.26184985459844,300.5784207406355,305.0997314453125,90597700,-0.02403883291180841,0.13905351134253946,26.612825483038584,0.11514533080178646,313.7764756988753,311.37776992564943,316.1191009521484,30.613573210724397,0.013196954261885396,5.315122714564459,329.4110412597656,298.31317138671875,-1.9240404784547875
2020-10-30,303.52783260839107,304.8315226203362,298.2761088587803,301.9190368652344,120287300,-0.03012264333376069,0.12902779182832214,16.423969118301027,0.17095022732679843,312.6471958099571,311.0068392173979,315.78161773681643,18.70922085403039,0.013230180627066697,5.329003549577493,329.4110412597656,298.31317138671875,-2.2077580144887086
2020-11-02,305.30316162109375,307.3002742972392,302.56632324038145,305.30316162109375,86068300,-0.019534631619394446,0.11141211097415986,24.467640698293653,0.16624835026953289,311.9477639824463,310.7831655861703,315.33966064453125,26.67927279917936,0.012817424563372001,5.490152330751902,329.4110412597656,298.31317138671875,-2.060353320127153
2020-11-03,308.5300107397287,312.7461876866935,305.38637399387943,310.6935729980469,93294200,-0.003302427323882314,0.10364340419956951,33.72822580197569,0.29501283157786484,311.8283172220273,310.77965215134196,315.39051818847656,37.16572914315739,0.013111209162062865,5.7054530009357824,329.4110412597656,298.31317138671875,-1.517724274542346
2020-11-04,315.1593172475223,321.7055046793928,313.98508475423665,317.63726806640625,126959700,0.015035979071912032,0.09705081738427937,41.37308519510169,0.2333021672954776,312.38155063577767,311.0485782656582,315.51903533935547,46.29486545228156,0.0134926806232005,6.169070788430986,329.4110412597656,298.31317138671875,-0.6532356365430249
2020-11-05,322.907491721787,325.63507467035436,322.55613899305547,323.83209228515625,82039700,0.028796447178067317,0.09507207079059347,45.710493079950176,0.22279143858788597,313.47207841190897,311.54989254093266,315.8176773071289,52.46123021306172,0.01403876451537037,6.499286550413424,329.4110412597656,298.31317138671875,0.32136810364998364
2020-11-06,323.5455408933041,325.00642591217644,321.43745226493905,323.7582092285156,74973000,0.02638992358475689,0.09237107729877196,51.22276712986178,0.16470536113548206,314.45170991825245,312.0286500580928,315.97070159912107,57.44566908619854,0.013916188251756362,6.206719003702919,329.4110412597656,298.31317138671875,0.9131128017101982
2020-11-09,336.52688050400957,336.90597013486416,327.3640851994297,327.8263854980469,172304200,0.03512270988457067,0.08876341763647103,54.68827654258602,0.24299260356630104,315.7254885448995,312.64816909495374,316.06917572021484,59.67798341916328,0.013730508170449025,6.824218739576902,329.4110412597656,298.31317138671875,1.496124015301336
2020-11-10,326.83703383089585,328.39961099114294,324.0817422973662,327.3455810546875,85552000,0.031014011699374792,0.08445946752772393,55.903064090097324,0.21229223025642985,316.8321640220222,313.2245381914139,316.249934387207,59.812546712981124,0.013642686750329308,6.916676343127681,329.4110412597656,298.31317138671875,1.7493835477121953
2020-11-11,329.5276530081711,330.6001931058199,328.28869157206935,329.7773132324219,58649000,0.034916106110931544,0.07989681639777604,57.20391495081472,0.10973146683593571,318.0650353753936,313.8736666243946,316.65398559570315,60.328896894492814,0.013620745126692806,6.84601197506024,329.7773132324219,298.31317138671875,1.9645689155029427
2020-11-12,328.76945432758134,329.8235125087104,324.7752013576145,326.5781555175781,67546200,0.022825591098936625,0.07681766184675153,53.03507072550579,0.07976834436268376,318.87580872226835,314.3718818751077,316.91795654296874,56.1232244969238,0.013834516632576963,7.01772387807856,329.7773132324219,298.31317138671875,1.7807818738636498
2020-11-13,328.48285175165734,331.8391565132532,327.965077662347,331.0994873046875,62892200,0.03216749478664683,0.07581438668455136,61.26035154215742,0.08310203113156378,320.03996858726066,315.0278664017579,317.41770629882814,65.81035814792811,0.014125659464380247,6.722509959573508,331.0994873046875,298.31317138671875,1.8452059172278075
2020-11-16,333.762310414162,335.42658008620566,332.4771021299016,335.232421875,74541100,0.04111268263770805,0.07420778308560602,66.818185114166,0.009773655556872374,321.4868689003787,315.8202019105125,318.3681930541992,69.48928395562685,0.013740637556540059,6.890916302982281,335.232421875,298.31317138671875,2.032834444674102
2020-11-17,332.8284586496354,334.63144099542336,331.3213552496351,333.429443359375,66111000,0.03199024860800969,0.07328154019614555,78.44127714251877,-0.0790607685836121,322.6242569440926,316.51076039870316,319.1651977539062,82.12252375558688,0.013864627025572184,6.369838595395919,335.232421875,298.31317138671875,1.9044000117566555
2020-11-18,333.6976230414402,334.24313403742127,329.3797256027603,329.4167175292969,70591300,0.017742799166771503,0.07022502907218893,69.4442180106792,-0.09897783273742022,323.2711579522073,317.0168763646088,319.79161376953124,74.40608079175752,0.014216453712320132,6.168408546874352,335.232421875,298.31317138671875,1.439234759558535
2020-11-19,328.7879664083773,331.173423449706,327.44728430310664,330.8035888671875,59940900,0.019680094753818926,0.06621433283364668,74.91604707406532,-0.15255147779273837,323.9885323250626,317.55753175686675,320.4004638671875,80.07325695410447,0.014203029336809494,5.947159729736289,335.232421875,298.31317138671875,1.1287072542366818
2020-11-20,330.5446951604477,330.7481084092092,328.46434393216515,328.5382995605469,70417300,0.011783527501034969,0.05597052418252362,69.43524424046909,-0.14765845110865172,324.4218434903468,317.9881501021091,320.84195709228516,74.76839276059434,0.014333140278987603,5.729874551380399,335.232421875,298.31317138671875,0.6957371454100052
2020-11-23,330.3412386076394,331.7651311623136,328.112948198128,330.5076599121094,63230600,0.01662474273908515,0.05022117757133058,71.41984592000028,-0.207783144634347,325.0014450543242,318.4791112711287,321.67733001708984,72.78331588152233,0.01356521565053766,5.459100044136534,335.232421875,298.31317138671875,0.47737911595303206
2020-11-24,333.05037819016013,336.3789460330993,332.19976142931375,335.83343505859375,62415900,0.028998237437723055,0.04032726566049259,69.1991419505434,-0.20062164852652953,326.03306314996894,319.1596729882842,322.8330795288086,71.73151779336084,0.013802917921182592,5.091911075539676,335.83343505859375,298.31317138671875,0.6180929762876337
2020-11-25,335.7502372606201,335.7779741513508,334.2246518372895,335.315673828125,45330900,0.031929090181269555,0.07262307147899219,81.86202627941863,-0.24850109598486214,326.91712130979334,319.7932416486702,324.4973617553711,65.86621736263254,0.010666484432368215,4.635552262493685,335.83343505859375,298.31317138671875,0.6021600887567207
2020-11-27,336.4066780190502,336.7210388362217,335.24167223686067,336.24951171875,28514100,0.03201279658664968,0.0910767723681212,83.09332731405115,-0.2456408066887864,327.80592039636065,320.43858557298705,326.05485076904296,66.8579331522809,0.01061671034926316,4.486294616216802,336.24951171875,298.31317138671875,0.5801445027689294
2020-11-30,335.4727353400609,335.7408773444086,332.0887228617469,334.76080322265625,83872700,0.024551255117116085,0.10693886251739768,76.96973132612749,-0.32906593210886237,328.4682901893412,321.00024116709176,327.6969390869141,60.058840767816235,0.010238238097718483,3.844368041263558,336.24951171875,298.31317138671875,0.3995469750630587
2020-12-01,338.00621842500254,339.95711197569057,337.4144605490259,338.4222717285156,74231400,0.03485994875819169,0.11958798636278546,82.51117913688522,-0.28429343148263464,329.41628843116735,321.6834580518535,329.35289459228517,64.7101068076611,0.010230074753372592,3.9071137597819563,338.4222717285156,298.31317138671875,0.45678219549254084
2020-12-02,337.3127522431998,339.2913825881508,336.7395044630417,339.13421630859375,45927000,0.035134675902540886,0.13118809175534216,83.19104102428598,-0.2425400950382991,330.3418053718746,322.36780151290213,330.7749267578125,63.020964718492834,0.009817162400115657,3.8569184793517155,339.13421630859375,298.31317138671875,0.4708131846969339
2020-12-03,339.03249301288866,340.4286487496057,337.94147123204993,339.041748046875,62882000,0.03427278464648772,0.14489557640082826,99.47406969605117,-0.2074341621824649,331.17037134092226,323.02168176913636,331.84515075683595,68.98580180166779,0.00890535469261529,3.673980362670278,339.13421630859375,299.1083068847656,0.4046202443432074
2020-12-04,339.62423252861316,341.9634704589844,339.53176684344106,341.9634704589844,50749900,0.04576951566515724,0.15764402085862791,104.93814049313399,-0.21831058027347905,332.19828554264245,323.7644970118755,332.75171966552733,67.39693278456677,0.00816506881746364,3.506889035272727,341.9634704589844,301.9190368652344,0.48305083817184613
2020-12-07,341.1960744141505,341.75084037057263,339.99410502237635,341.26080322265625,48944300,0.037703019919167365,0.16615733260927565,93.18404316376039,-0.13159200592292053,333.06138246454856,324.45062666720025,333.62684936523436,60.844917319981555,0.008210334632620168,3.338479939207718,341.9634704589844,301.9190368652344,0.41561614937405444
2020-12-08,339.99405613944555,342.82333107219165,339.9478374066258,342.25933837890625,42458900,0.03930064990236406,0.17425708264033288,104.6487372394158,-0.16447008129566376,333.937378265916,325.14900751863973,334.34849700927737,66.35823967072977,0.00787481389290846,3.2645104420792115,342.25933837890625,301.9190368652344,0.3679104542239271
2020-12-09,342.9158669849853,343.0730332820125,338.3575929060704,339.1897277832031,74098300,0.021188282152543682,0.17763556951615647,102.53340496118109,-0.15633651256876047,334.43760202946714,325.69962399960303,334.9407043457031,68.7610430756108,0.00822867606624259,3.2539412950278614,342.25933837890625,301.9190368652344,0.07461322114245039
2020-12-10,337.82129446332254,340.1235407764272,336.952167699225,339.0787658691406,57735400,0.01868988081736526,0.17946958057908866,99.42271841135246,-0.1251136832757621,334.8796176332456,326.224296229781,335.40577697753906,66.70395617907343,0.008132180200024678,3.2143151472137794,342.25933837890625,301.9190368652344,-0.16859691611097638
2020-12-11,337.38671728522763,339.0879788216525,335.8703871356922,338.68115234375,57698600,0.015884643709700205,0.18031711819902088,111.69663430092784,-0.06553809718779746,335.2416685580555,326.7128003911131,336.0109268188477,72.14361191098342,0.007731929678161125,3.2770542008522017,342.25933837890625,301.9190368652344,-0.3855731244561458
2020-12-14,340.84477647871296,341.9172883370529,336.98917958686485,337.16485595703125,69216200,0.008408813577999611,0.17921200995644113,105.08260545162764,0.008899804200880546,335.42482926271987,327.1226849231099,336.31419525146487,64.82713244999803,0.007309800602003913,3.3681917569952344,342.25933837890625,301.9190368652344,-0.6452450906385039
2020-12-15,339.6982062143582,341.72308349609375,338.32981558066564,341.72308349609375,63865300,0.026855990505028134,0.17679372979005695,100.69130884753363,0.003029984551258691,336.0246629992317,327.6952495730308,336.6387283325195,63.581995017382866,0.007399148584854039,3.274401858286134,342.25933837890625,301.9190368652344,-0.5289329272949379
2020-12-16,341.93572259947405,343.1746837346286,341.05734094338163,342.25933837890625,58420500,0.026837332809450627,0.171591236963897,105.69791352449818,0.017451527755704577,336.6184416068197,328.26639031051616,337.0802230834961,65.9989930752831,0.007246174585980366,3.310727541853473,342.25933837890625,301.9190368652344,-0.4385258251137252
2020-12-17,343.895879454076,344.37666151029305,343.07297154354643,344.1732482910156,64119500,0.035381036516958446,0.16373388875025371,117.80875482652067,0.04417137457068954,337.33794700531456,328.8901886626926,337.818049621582,67.46825513226075,0.0065756975536894495,3.3562958655696002,344.1732482910156,301.9190368652344,-0.2801765885151637
2020-12-18,344.4610781093914,344.6282087963671,340.7933274586595,342.7989807128906,136542300,0.024828153143161613,0.1506387964950366,115.12401047553584,0.017077092036419828,337.85804545365517,329.43563148819055,338.4178192138672,67.81041354212168,0.006699303204617808,3.333016757048491,344.1732482910156,301.9190368652344,-0.2967486934893051
2020-12-21,338.88995381488303,351.4159755487242,336.1600382375715,341.57342529296875,96386700,0.01717911810815643,0.13114939309117868,99.95000807327988,0.2028892492959926,338.2118911526374,329.91162340210343,339.06957550048827,57.82699459234924,0.006514273208587258,4.051561654056948,344.1732482910156,301.9190368652344,-0.4119225566285074
2020-12-22,341.8983673411588,342.0097878229692,339.87415302334546,340.9976806640625,47949000,0.012782448148479434,0.11202173919211063,93.8277409385939,0.22826401951040132,338.4772044394398,330.3463707457097,339.5940765380859,54.6600972589818,0.006490717382010719,4.021829987950854,344.1732482910156,301.9190368652344,-0.5404522258945326
2020-12-23,341.9634866992638,343.20772972464715,340.97923433087317,341.3042297363281,46201400,0.015058671272258229,0.08526647878806444,110.88087198922348,0.20920632784955173,338.7464449439054,330.7760907061261,339.8676162719727,55.598008375454754,0.005516564956415092,4.003352693395011,344.1732482910156,301.9190368652344,-0.6130775952927872
2020-12-24,341.7775652333488,342.6596910508506,341.1926078529862,342.6318359375,26457900,0.020367533539924456,0.0848565419619731,101.76749158123155,0.1618313904861104,339.11648218139055,331.2410218916702,340.2334243774414,51.79534935575314,0.005527724662195396,3.899449892377512,344.1732482910156,301.9190368652344,-0.5802972822649686
2020-12-28,345.17611443159626,345.96538061700096,344.5540073036612,345.5754089355469,39000400,0.03199361278867993,0.07961875586375981,112.238501237409,0.19918126976632977,339.7316180627388,331.8031547169203,340.69971923828126,60.34444156653745,0.0057684131535980935,3.996891266869864,345.5754089355469,301.9190368652344,-0.3787192870439102
2020-12-29,347.09815522580993,347.27458040793783,344.3310908811892,344.91607666015625,53680500,0.02582130720951626,0.0746644339969556,105.77014205638159,-0.012294898662065679,340.2253760243976,332.31738694998836,341.2074829101563,56.47495284506405,0.005661325345899881,4.001748114097206,345.5754089355469,301.9190368652344,-0.31097504602485326
2020-12-30,345.7332900123292,346.4389909289521,345.0183229457008,345.4082946777344,49455300,0.027641807197373042,0.06905203463167905,135.23359105928353,-0.06169317292846088,340.7189873247154,332.8307558804882,341.55678405761716,67.33339457907165,0.005209187639039354,3.773710535015332,345.5754089355469,301.9190368652344,-0.2564684499057446
2020-12-31,345.2132342407314,347.8874388872676,344.70254763729105,347.1631774902344,78520700,0.03338366891351749,0.06244025517855474,138.0622419254777,-0.05712126612960389,341.3327197214315,333.39281162989,341.9582321166992,70.64242344903252,0.00528333366663112,3.7746761187849285,347.1631774902344,301.9190368652344,-0.1319514181182444
2021-01-04,348.49106429337866,348.62107376333165,338.75066866047587,342.4369812011719,110210800,0.004805745393341517,0.05812248222716324,95.01645873556663,0.08986580015865764,341.4378874814068,333.74748494641085,342.12799377441405,57.853894624526006,0.006233641472520068,4.249877077134609,347.1631774902344,301.9190368652344,-0.38338717344857676
2021-01-05,341.7962685644844,345.8818471316903,341.7498244688002,344.7954406738281,66426200,0.014723090833659191,0.05694833752501978,108.34978138800754,0.04906876500257629,341.75765445211357,334.18073811219193,342.26959228515625,65.41359316187051,0.006126379442281417,4.193013785184751,347.1631774902344,301.9190368652344,-0.4042821779713974
2021-01-06,343.29118386394964,350.04170094295614,342.743347597711,346.8567810058594,107997700,0.02182851550197592,0.05537477386250856,99.64134276158158,0.0967049729078302,342.2432855524703,334.6778378335122,342.5493911743164,61.5333458570839,0.006217537729221119,4.3887370570549376,347.1631774902344,301.9190368652344,-0.2976233641089734
2021-01-07,349.22456754371,352.7530149569909,349.04814233936133,352.01019287109375,68766800,0.03698877120654362,0.05972403602009409,97.88360011526002,0.23450323255135963,343.173467201863,335.35753803106445,343.0369338989258,68.14244312813432,0.006957425874804241,4.658657854189548,352.01019287109375,301.9190368652344,0.081399606177182
2021-01-08,353.39376410680273,354.2294461631156,350.15316189053533,354.0158996582031,71677200,0.0430298167092303,0.05916130240447688,103.04700199318582,0.2712570559653076,344.20607981675255,336.0892384870307,343.77824249267576,68.2508963494133,0.006565781082787459,4.798583649989082,354.0158996582031,301.9190368652344,0.4102014320901697
2021-01-11,350.84954484541544,353.3844459686813,350.72882987062206,351.6295166015625,51034700,0.027850070621192144,0.06149905147648346,94.08110160331508,0.11990398008415704,344.9130737962583,336.6986611581888,344.40578002929686,65.78180068917447,0.006844463941606084,4.759454253551472,354.0158996582031,301.9190368652344,0.40906143747730006
2021-01-12,351.8152452148604,352.7159036317569,349.4660070637659,351.70379638671875,52547700,0.02518978999346806,0.06563438863352457,97.58931834631566,-0.0694330821089153,345.559809281064,337.2870978338175,345.0569122314453,68.88185077995595,0.0068193416715627555,3.901879914754204,354.0158996582031,301.9190368652344,0.35728148244129
2021-01-13,351.6294468854472,353.6443664384586,350.84947528394184,352.6508483886719,45303600,0.026545264273063408,0.06951515720698029,102.31892344121852,-0.1002036342000917,346.23514633893143,337.8895978555765,345.83121185302736,71.42363421533656,0.0066522959055357826,3.9489696543894177,354.0158996582031,305.30316162109375,0.3313597392282155
2021-01-14,353.39372265354797,353.89514316325904,351.0816626236897,351.4159240722656,49989100,0.020453708971106873,0.07056493361294598,102.8463138718865,-0.14336823339116533,346.7285537421061,338.4200420209369,346.31585388183595,67.9761114221603,0.006211407745691119,3.9907543076605156,354.0158996582031,310.6935729980469,0.1830004158257874
2021-01-15,349.80025180486865,350.5987841141442,346.99606590019863,348.8531494140625,107160000,0.007887343360583322,0.0740831291915934,86.25766010711774,-0.1243943812821926,346.9308961870543,338.829183487334,346.6455444335937,60.59468696145667,0.0065089947377300755,4.201666805817845,354.0158996582031,317.63726806640625,-0.11948057162213743
2021-01-19,351.3045309935299,352.1309468672761,349.82815280679114,351.5923767089844,51233300,0.016760770433377134,0.07840421940885231,83.2692707436667,-0.11803231264367098,347.37484671295243,339.3297008685752,347.01650085449216,60.31850867185128,0.006612178052585412,4.197684861083035,354.0158996582031,323.7582092285156,-0.16407178047647086
2021-01-20,353.87657321374,357.2936287805517,353.4866015027723,356.45794677734375,61836100,0.0299742723945112,0.08748127605258932,85.47892475693375,0.12629501573871393,348.2399038619421,340.0013967865661,347.69944915771487,67.29770768921168,0.007076919860974647,4.394667899998658,356.45794677734375,323.7582092285156,0.0913870536403163
2021-01-21,357.0150639404166,357.4422136144088,355.8636810590546,356.7829284667969,47840100,0.028149173769179626,0.09428241861678115,85.33898601313628,0.11387045728841749,349.05352525288066,340.65949606814377,348.4599243164063,67.13295456634859,0.006961755205570024,4.398640634752825,356.7829284667969,326.5781555175781,0.23154183526564642
2021-01-22,354.9350642448892,356.6807271719311,354.5543587480902,355.5200500488281,52860500,0.020749117298528977,0.10121261731203066,77.84872175570717,0.0850910930887121,349.6693847572566,341.2422628909157,349.18604278564453,62.776847719989775,0.0070282958229389925,4.3303319539478355,356.7829284667969,326.5781555175781,0.19021787214886743
2021-01-25,356.25365943655754,357.27503278883,351.4159360582794,356.9222106933594,70402000,0.02285661377167846,0.10283775753846597,91.10197112349917,-0.037570061063542326,350.3601300845045,341.857162804737,349.9669418334961,74.65222666345346,0.007033639500960446,4.0438099273546095,356.9222106933594,326.5781555175781,0.206955840030278
2021-01-26,357.86925374578055,358.2778143535909,356.1328853310083,356.3650207519531,42665300,0.01850178353909889,0.10387151977687968,84.82227167338212,-0.07046984314922267,350.9320244337853,342.4260984105102,350.6536010742187,70.97619490257527,0.007072790712961717,3.9018746673326468,356.9222106933594,326.5781555175781,0.13369559826369581
2021-01-27,353.0502529709395,353.14311284162346,345.4269308132445,347.6554260253906,123351100,-0.007820411286767609,0.13307634740339933,47.325616296590425,-0.05297602747608954,350.6199674425096,342.63117008168194,350.7576019287109,51.16671808488822,0.009034806357073362,4.16185585258004,356.9222106933594,328.5382995605469,-0.512705502021916
2021-01-28,349.465906140877,354.6378897005829,349.02951878829003,350.6451721191406,94198100,5.837243279336639e-05,0.1558121488335642,42.96425583710058,-0.03619230529588857,350.62236788790307,342.9454446713862,351.04405670166017,47.87131064140039,0.009201247365463816,4.2394436900129495,356.9222106933594,328.5382995605469,-0.7366616161317441
2021-01-29,348.7881786860428,349.75387014169314,341.95409595375736,343.62548828125,126765100,-0.014362646355578285,0.1859750030807301,28.57361283615657,0.0551319693148542,349.9559984015552,342.9721130482436,350.9549163818359,35.98785435431604,0.010314564188224112,4.569071682356021,356.9222106933594,328.5382995605469,-1.3211966810038032
2021-02-01,347.0146573120808,350.37597423640665,343.91333096928156,349.3453063964844,75817600,-0.0011744700598922927,0.21609839451708596,35.08541308916917,0.19106947111616757,349.8978372582151,343.222042199155,351.06402282714845,47.17369846792397,0.010932316615047684,4.816458551468563,356.9222106933594,328.5382995605469,-1.285076825303979
2021-02-02,352.52090191367535,355.83580306474755,349.42887007201125,354.2851257324219,64450700,0.008440205653515076,0.24086955018752718,39.36704464760617,0.2937191523512208,350.3156742557586,343.6558886122243,351.65643005371095,52.850696117849665,0.010824762437589255,5.047929987202293,356.9222106933594,328.5382995605469,-0.9086847018407336
2021-02-03,355.11158757378746,356.2815595050007,353.2916532761181,354.5637512207031,52427100,0.008143162796239332,0.25789951500946295,38.7465527275385,0.21625058980197687,350.7202530143247,344.0836479302039,352.1448455810547,52.14417363010559,0.010758370969682919,5.061859635371284,356.9222106933594,328.5382995605469,-0.6341430358982905
2021-02-04,355.59439688401244,358.64001317221204,354.6751494739212,358.5935974121094,47142600,0.014679951534924827,0.2723598834061762,41.69882494881663,0.2152675408307978,351.4700953379233,344.6526655569453,352.7316864013672,57.57107926137571,0.010943486189003907,5.1520583076526805,358.5935974121094,330.5076599121094,-0.1969917093553022
2021-02-05,360.4599486119879,360.7106447040377,358.54715471512554,360.00494384765625,48669800,0.016392228152276533,0.28185039952173335,46.4068747664707,0.0923201688837414,352.2829380531359,345.2547156859928,353.1314239501953,62.05586670326538,0.010517760969177505,4.9908891517130485,360.00494384765625,334.76080322265625,0.1525064541106529
2021-02-08,361.4535385879389,362.651365717002,360.5992958060615,362.6049499511719,38365200,0.01953223056671563,0.28643967713356167,45.76519844892029,0.026852165937250927,353.2659868053298,345.9351170297253,353.5608764648438,61.941304085973684,0.01055769629385974,4.945790895722488,362.6049499511719,334.76080322265625,0.5042539318629129
2021-02-09,361.76912302259905,362.9576836180259,361.3605907389764,362.3634033203125,35551100,0.017418272081182712,0.2877895035843109,42.80408645561059,-0.0783080035814595,354.13240742580433,346.5793635509248,354.0975708007812,57.117195579990195,0.010401861224012269,4.652636667685499,362.6049499511719,334.76080322265625,0.656481498381146
2021-02-10,364.09979957873327,364.2483696645013,359.8099410732521,362.20556640625,59154400,0.015407405518790874,0.2859384931427911,42.343042137470746,-0.04048802103785243,354.9012797096563,347.1921558197611,354.62265930175784,56.56174366329708,0.010407267295509406,4.856914955963715,362.6049499511719,334.76080322265625,0.6795197337373384
2021-02-11,363.2826838806573,363.7005390243798,360.3670773709089,362.7905578613281,42913300,0.015036220199545803,0.279767278724647,44.16076938637168,-0.041968177822179875,355.65263953362506,347.8038578606069,355.1296447753906,58.94452770911363,0.010403686311262886,4.935835808446874,362.7905578613281,337.16485595703125,0.6662337049782892
2021-02-12,361.9919719175586,364.8240126465975,361.9176727161063,364.5826110839844,50593300,0.01705233287355505,0.26609483423621316,44.64481992422553,-0.05329001209716944,356.50311301461164,348.4618481830923,355.78797912597656,59.33464233120621,0.01036251580564987,4.724924608442628,364.5826110839844,337.16485595703125,0.7063901874830036
2021-02-16,365.80828939947554,366.0033035639086,363.5519398125603,364.2669067382813,50972400,0.015102375286114838,0.25013259382930736,45.842884520285146,-0.04023180449058472,357.24252194067543,349.08165440094285,356.5586669921875,59.685910878652095,0.010160381650388137,4.746812803354467,364.5826110839844,337.16485595703125,0.6418161614940749
2021-02-17,362.52129645099154,364.6012209832248,361.5091609681263,364.35052490234375,52290600,0.013951964338687884,0.23092686811841073,58.97680218190278,-0.10021297738520218,357.91947460369147,349.6804336362919,357.19657440185546,75.95256415973503,0.010080387442628607,4.18638209452517,364.5826110839844,337.16485595703125,0.5390051597191681
2021-02-18,361.7505784893111,363.54265727343494,360.0327705772848,362.7998352050781,59712800,0.009928496885938451,0.21226707561770075,56.23068257900172,-0.17724610197958668,358.3842708514426,350.19491997232274,357.5136688232422,69.77938372056073,0.009752771733277786,3.9960457123727906,364.5826110839844,337.16485595703125,0.3120912734377619
2021-02-19,364.0534130118511,364.34125872083973,361.71346939446187,362.1591796875,83241000,0.007687717765829993,0.18886526677593146,71.11001701724533,-0.27814580274255374,358.74378597868616,350.6641066278199,357.78248138427733,88.06224209940503,0.00977136118864857,3.5629537953009764,364.5826110839844,337.16485595703125,0.07665224049655128
2021-02-22,359.4013292371553,361.7783935972179,359.10418910793686,359.37347412109375,67414200,0.0012705758834725418,0.16167262492925996,58.74792231704917,-0.30178995152500165,358.8037562779631,351.0056504510855,357.97515258789065,73.41668056262243,0.009911388239241625,3.29898983990144,364.5826110839844,337.16485595703125,-0.2888548749095823
2021-02-23,357.1729115862207,361.15636405887625,353.0316228676275,359.8099670410156,107284100,0.0020444077928938025,0.1273222569270738,53.465322816232,-0.280417886054101,358.8995858744443,351.3509177683377,358.1195404052734,66.33686953822397,0.009881465559366849,3.4157215915432664,364.5826110839844,337.16485595703125,-0.5104341191622503
2021-02-24,358.72354113198065,364.2019604215528,357.7392890909114,363.7748107910156,72433900,0.009685597535702325,0.07807539511711202,57.100836846527805,-0.12483472388717798,359.3638930093559,351.8381292594231,358.4900299072266,72.36200264348004,0.010143666027019728,3.6637762416688946,364.5826110839844,337.16485595703125,-0.40385212228361134
2021-02-25,362.5119400777811,363.87689740324714,353.57007967389603,355.0093078613281,146670500,-0.008751598719443346,0.062145802703747775,34.22555351547652,0.028220454877239787,358.9491706143056,351.96248920459584,358.85772399902345,42.92509089857668,0.010098290539174964,4.1088159400861946,364.5826110839844,337.16485595703125,-0.9086727454073995
2021-02-26,356.88510798823404,358.02719646343246,351.20243572701213,353.1802062988281,152701600,-0.011771795032359193,0.04777953331370177,29.703340709958162,0.24665210547510918,358.399745441403,352.0102428161344,358.98447570800784,36.74743847298021,0.010028402828801379,4.441763850622493,364.5826110839844,340.9976806640625,-1.325509175122999
2021-03-01,358.0363693607086,362.9855121953321,353.37510050582176,361.7412414550781,105348800,0.006766206293323193,0.048506643246483586,39.048087326339555,0.5014028384680322,358.7179831569911,352.3918506058969,359.89026336669923,48.63810383556001,0.01016579476606002,4.953112709705222,364.5826110839844,340.9976806640625,-0.999252206842411
2021-03-02,361.9642260505401,362.1963615356677,358.41718903694675,358.9186096191406,79595300,0.0004216819670440794,0.05217105568219811,37.48264317853141,0.49572364221097165,358.7370904391006,352.64780193974957,360.36892852783205,44.97709681811748,0.009855853178046454,5.108975539681751,364.5826110839844,340.9976806640625,-0.9485431574129031
2021-03-03,358.22209014166907,359.18775305259203,354.062213359393,354.16436767578125,119940200,-0.009662313398239818,0.055123738880632954,33.188152875236774,0.407852053147542,358.30159303307016,352.70727510586846,360.362890625,39.66088500131053,0.009894827164056132,5.158054904106739,364.5826110839844,340.9976806640625,-1.1943093801687414
2021-03-04,353.9787065028338,356.5600515760826,345.306129482108,349.7817077636719,183433000,-0.017530659946194484,0.0545356879367375,28.2615720209189,0.3930539021196351,357.49017538836557,352.59254697480196,360.12378845214846,34.76177879459493,0.01027227461431588,5.72380207842843,364.5826110839844,340.9976806640625,-1.586581518531223
2021-03-05,353.2730320198999,357.265779064072,346.01185613057277,356.2165222167969,152039600,-0.002516672458519143,0.04911271271903576,32.12546642170692,0.4228712330866016,357.3688750863114,352.7346636509586,360.0049346923828,41.161529860707184,0.01081056851667588,6.320058007214718,364.5826110839844,340.9976806640625,-1.3561550902028707
2021-03-08,357.1728776946545,359.9770636155982,354.1644114525265,354.4429626464844,123149200,-0.005844714673739778,0.04686429959189063,31.481925709454522,0.32444998147719306,357.09021675870883,352.80165576843024,359.7268356323242,39.93150277898536,0.010811507962605707,6.56015003662353,364.5826110839844,341.3042297363281,-1.2682609002281273
2021-03-09,358.2778580660894,362.0477354952381,357.7764375613555,359.5035400390625,113633600,0.004715553488471524,0.043173946246909525,35.10568499392351,0.3471363513374015,357.3200570711235,353.0644747594354,359.57176513671874,45.492226214600755,0.011192771302240516,6.882486667598905,364.5826110839844,342.4369812011719,-0.8352814363057284
2021-03-10,361.8433957711477,363.43119404918576,360.4320226725408,361.7412414550781,109899400,0.008669395940506936,0.04066577145933918,38.0126523875948,0.3289161295921261,357.74112225054773,353.40474012004887,359.54065704345703,49.02791275875714,0.011288814061282388,6.854622359389213,364.5826110839844,342.4369812011719,-0.3869522817669525
2021-03-11,364.2019341812967,367.3775310399198,363.7469294630154,365.4090270996094,86245000,0.014904868978502819,0.038076287869859636,40.684449109666424,0.23510826162857645,358.4713989028393,353.8754964721885,359.700830078125,52.82710212143497,0.011513998762312716,7.069515234993771,365.4090270996094,342.4369812011719,0.13964218341645795
2021-03-12,364.0533342174548,366.0403986280399,363.2455075098559,365.901123046875,64653600,0.014605198051481775,0.03458953971421182,43.63511808681895,0.11564430168031059,359.1789916784618,354.3470896711958,359.85635833740236,55.914542222871106,0.011512791123122612,7.050936702038119,365.901123046875,342.4369812011719,0.48470350676779117
2021-03-15,366.15192988889174,368.3433035974085,364.01629476654966,368.0833129882813,73427200,0.017673192952493425,0.030790930214380688,45.22878376968679,0.033462659698080266,360.027022279397,354.88576509539524,360.03139343261716,57.26640510206439,0.01153588170921437,6.779670104867413,368.0833129882813,342.4369812011719,0.8046478019442398
2021-03-16,368.6960693202915,369.401741761804,366.84825201962127,367.6189575195313,73722500,0.015240878692897041,0.029082873519037558,42.901653681720035,-0.05550956180540689,360.75006373083835,355.3851059747731,360.19899597167966,53.59748494491183,0.01153876012298116,6.500442848548935,368.0833129882813,342.4369812011719,0.9213469214547088
2021-03-17,366.3376593522936,369.67112159743425,365.1955425370876,368.8725891113281,97959300,0.01643352601886077,0.028355458296029395,52.6256993425275,-0.11243457600120565,361.5236375765993,355.914026882089,360.4250991821289,65.09622567772706,0.011556431997813588,6.083925800762903,368.8725891113281,343.62548828125,1.0120763263599735
2021-03-18,366.291271854569,368.37119694339555,362.8277998657158,363.5056457519531,115349100,0.0039056863273230643,0.028413792919022615,47.61470414584196,-0.14729463746253812,361.71240025996633,356.21173742600524,360.4603897094727,60.439390910055806,0.012008233312221735,6.028213551419474,368.8725891113281,343.62548828125,0.6569558787560135
2021-03-19,363.2056353786761,364.7800131432064,360.6624031983592,362.8330078125,113624500,0.0022344777479247975,0.028153978155299162,40.91755079253062,-0.20266628499905515,361.81912478877905,356.47139508822073,360.4940811157227,51.3132980281624,0.012008963986554384,5.621949554872564,368.8725891113281,343.62548828125,0.3390836516281337
2021-03-22,363.34534370663016,367.1089472702704,363.2894509967949,365.7301940917969,73778600,0.007890731181824413,0.028397109960608857,46.98860182103619,-0.16552976448976897,362.1916075795427,356.83448524522373,360.8119171142578,58.17906120462714,0.011980978345667847,5.6574329090903825,368.8725891113281,343.62548828125,0.2882662765304791
2021-03-23,365.0967729617704,366.5407155405644,362.069127581356,362.8516540527344,90686600,0.0013289876811273971,0.028405368135651036,49.11450914410999,-0.13687079454891993,362.2544691484181,357.07045264943986,360.96400146484376,60.923370444870294,0.012141390090928737,5.6107220709481975,368.8725891113281,343.62548828125,0.03824726210510798
2021-03-24,364.2489379839986,365.87920816679144,360.9604512667513,361.0070190429687,97588600,-0.002581787745855294,0.03015785075723348,53.90905778424618,-0.15215759687032548,362.1356643764705,357.22482780212727,360.8256118774414,65.07698121807468,0.011938705141706599,5.158210271381449,368.8725891113281,343.62548828125,-0.25762684046873785
2021-03-25,359.5724129695901,363.82972563036685,357.63470442840975,363.0379028320313,116128600,0.002119299531140951,0.05181299019768341,56.79172172960773,-0.204265060156944,362.22159184842866,357.45279152879016,361.22704162597654,60.39124714676885,0.01059706861907096,4.79686014769987,368.8725891113281,343.62548828125,-0.3188180750630236
2021-03-26,364.18376357430776,369.2888490443927,363.5875651915515,368.8882751464844,114409100,0.015206059944380668,0.06164728375043243,63.643413838386806,-0.14119349197616182,362.85651406729113,357.901241866739,362.0124450683594,69.5738402347484,0.010988861294414324,4.828166865506278,368.8882751464844,343.62548828125,0.014770596612911469
2021-03-29,367.4162848468423,369.60551031662703,365.935071468474,368.7018737792969,108107600,0.015188578494311374,0.08727716284199735,67.17306797452297,-0.19625330403580243,363.41321499224404,358.32479605938835,362.3604766845703,64.36101531626903,0.009698182142069947,4.547143008320513,368.8882751464844,343.62548828125,0.19302593744716257
2021-03-30,367.43499693096027,368.39452632963565,366.13075792489735,367.7237854003906,76262200,0.011466432922419851,0.10822739527296504,63.88369270018267,-0.206831603937078,363.8237455073056,358.69338387668256,362.8007354736328,59.72273472124679,0.00951891730733354,4.450247425768818,368.8882751464844,343.62548828125,0.21361335557773087
2021-03-31,368.2920363197373,370.7700506223906,368.2640899656706,369.21429443359375,112734200,0.015387828838691301,0.1320098403649557,65.12588369621443,-0.17311519671268838,364.33713111933304,359.10596860440455,363.55323181152346,56.65524820476797,0.008897532121694585,4.26524568556584,369.21429443359375,343.62548828125,0.2913515995156297
2021-04-01,371.14268644280133,373.25739818982174,370.9377370318491,373.2014770507813,99682900,0.026791689075545272,0.1554729388131968,74.87451489474181,-0.09223875679836546,365.18135454137575,359.65873364151736,364.7242202758789,61.37709571070111,0.008405866588659596,4.35440373114041,373.2014770507813,343.62548828125,0.559503532886044
2021-04-05,375.8564594894642,379.0983784802134,375.7819453604423,378.55804443359375,91684800,0.042083354979493705,0.1752805013007796,82.639576608352,-0.07489963765276242,366.45532500730127,360.3998830843439,365.84129638671874,64.85443145346954,0.008064827760331647,4.466538916752784,378.55804443359375,343.62548828125,1.0190618253015287
2021-04-06,377.9991164320186,379.3778410378448,377.663731778131,378.33447265625,62021000,0.038137100890334126,0.19194809588552358,85.17331732897883,-0.030911682359298642,367.58667240243926,361.1032003224579,367.035871887207,65.3003811957379,0.007891963274961106,4.406583168005004,378.55804443359375,343.62548828125,1.2160650173230643
2021-04-07,378.16675464905626,379.11695894712534,377.710288137678,378.7722778320313,55836300,0.03788710472205123,0.2064951775171502,88.97947116205587,-0.05906907297980046,368.6519681576385,361.79610532283334,367.99930877685546,64.47266864101209,0.007464873501092905,4.18737543579791,378.7722778320313,343.62548828125,1.2776123999893256
2021-04-08,380.0207123636846,380.6262357329122,379.0891292019,380.5703430175781,57863100,0.04043641184470286,0.2167681140877406,107.95770874815948,-0.08843930071759298,369.78705147763276,362.53234993831353,368.94076385498045,77.85395770320504,0.007434790859039838,3.8880303397456664,380.5703430175781,343.62548828125,1.3349289689789674
2021-04-09,380.4492124791382,383.5048037222059,380.32810213483407,383.3370971679687,61104600,0.046453820397498305,0.22300715481929143,114.35164810334948,-0.12253827714654064,371.0775320195695,363.3482223786922,369.83716735839846,81.3263718966339,0.007307570968883335,3.8208225999259957,383.3370971679687,343.62548828125,1.445366010216659
2021-04-12,382.7408177148852,383.7469146788607,382.13529455131146,383.4767761230469,56704900,0.042155448517352194,0.22595905293865454,111.35927630477136,-0.18717509373495167,372.2584124103769,364.13757742749044,370.71595001220703,79.60817738023218,0.007318479399950954,3.630514076338772,383.4767761230469,343.62548828125,1.4123605590117103
2021-04-13,383.3742885703342,385.2374542676468,382.9923361908269,384.61328125,56551000,0.04189153101119801,0.2262243081160528,123.92109430772629,-0.21220583364533074,373.4350665855791,364.94054620484377,371.54244842529295,88.54751049524117,0.007271620550098116,3.4714805133110196,384.61328125,349.3453063964844,1.351574394893868
2021-04-14,384.585457098943,385.6381506011491,382.759562095724,383.2998962402344,61659900,0.0328136379945281,0.2234866700294068,124.21234884379884,-0.2057664161235594,374.37457417173675,365.6605207160356,372.3264953613281,90.245996022192,0.00734154725484809,3.3257541994099467,384.61328125,349.7817077636719,1.117135552714803
2021-04-15,385.43314308577106,387.6875864651336,385.3865753074208,387.41741943359375,60229800,0.04156624511590724,0.21705581646048416,120.30491469718146,-0.17782042569420708,375.61674991096123,366.51373243044964,373.2537368774414,90.92938898054122,0.007588475127904593,3.1966591296200995,387.41741943359375,349.7817077636719,1.1301859436709174
2021-04-16,388.70298586402646,389.317834022548,387.28699001478793,388.7123107910156,82037300,0.04856992314704967,0.21008956891292213,137.9441583735957,-0.2422513262146897,376.86394618525213,367.3842649151777,374.51407012939455,89.29141726225328,0.006443035961957807,2.8952232578628645,388.7123107910156,349.7817077636719,1.1149639762686832
2021-04-19,387.78073043129933,388.2278720552796,385.4797193923822,386.8025512695313,78498500,0.03553800885221129,0.19816055635876684,124.80099717882386,-0.2111452042824159,377.81048000280254,368.14576634083863,375.7125473022461,83.58160449413282,0.006608106669858301,2.8639484400400357,388.7123107910156,349.7817077636719,0.87576484217941
2021-04-20,385.59152639170094,386.6907875184191,382.4986639809094,383.9705810546875,81851800,0.020886165625099564,0.18085887474777088,110.892759097185,-0.13935342089846248,378.39715629345824,368.76634731000917,376.62456665039065,78.20216028945123,0.006907326923175889,2.9877178281987784,388.7123107910156,349.7817077636719,0.44787099581407297
2021-04-21,383.3557434051097,387.808709170284,383.2159832062883,387.603759765625,66793000,0.03221150091159869,0.15764586927690305,116.90971109002022,-0.06842805450878564,379.27397567175984,369.5050693670922,377.86217193603517,79.71137973268011,0.006624640603169058,3.0981793097699,388.7123107910156,349.7817077636719,0.33570777398790685
2021-04-22,387.4361058956806,388.26520006438915,383.001761278924,384.0637512207031,97582800,0.015843087419852443,0.12857158232492769,94.13285999782084,-0.0035390173267830782,379.7301447716592,370.0759980672338,379.0150085449219,67.80720282806001,0.006949114929423032,3.1853460975725545,388.7123107910156,349.7817077636719,-0.03122302638594121
2021-04-23,384.6227137075241,389.6346353832558,384.5481995678462,388.2279357910156,73209200,0.02710158412492184,0.11139265338984566,89.1987612485959,0.092164185041955,380.53945820207406,370.7878387622841,380.2745101928711,66.49742122850114,0.007143187371385142,3.162059149938309,388.7123107910156,349.7817077636719,-0.046867320637975496
2021-04-26,388.8800379124394,389.60667156779255,388.2931360312582,389.0383911132813,52182400,0.029545673493160923,0.08374342862669655,99.49626350761905,0.09572639551892093,381.3488803840938,371.5035466976173,381.2820159912109,67.90302295288153,0.006485779976239523,3.138103901157105,389.0383911132813,349.7817077636719,-0.05543228423109969
2021-04-27,389.336389612309,389.53204246806536,387.8179051119229,388.9544372558594,51303100,0.026203084578807677,0.06946435060846846,97.81937259514291,0.05768549075289897,382.07321913378576,372.18789534696015,382.2946441650391,67.23434544415815,0.006478609464053457,3.1600657973496107,389.0383911132813,349.7817077636719,-0.11606383392829489
2021-04-28,389.2246037231438,390.3425144444618,388.37685997158,388.8426513671875,51238900,0.023392308573714743,0.05296220645438408,94.79190105923489,0.022550281041154863,382.7179269655383,372.8410230340279,383.35058746337893,64.84938990118552,0.006396879021627748,3.1680441239211024,389.0383911132813,349.7817077636719,-0.20766294733292678
2021-04-29,391.5629298790942,391.93555735176267,387.948383691938,391.3207092285156,78544300,0.02922986880936959,0.04121876087074804,92.8741019205367,0.01274237945369272,383.53723956201236,373.5657166102823,384.455908203125,64.48125181979518,0.006441376955926958,3.2259349862391633,391.3207092285156,349.7817077636719,-0.1481190692023855
2021-04-30,389.0569805213984,389.9047243925387,387.8552305909189,388.7495422363281,85527000,0.017416570133508,0.03357483402581547,83.38023528053786,0.06207799791097357,384.03364934051865,374.1611607524802,385.23331146240236,58.78887333458127,0.006495485754159733,3.358353451242554,391.3207092285156,349.7817077636719,-0.31885522150842505
2021-05-03,390.7338415630485,391.1157939955126,389.0942748542552,389.5880126953125,68128300,0.020514217501231582,0.03300810967792289,91.63948620507317,0.07294275880547851,384.56263632668947,374.76613533847365,385.7848098754883,58.375309555370556,0.005818122150385674,3.367005857125739,391.3207092285156,349.7817077636719,-0.406654332247931
2021-05-04,387.6037024349062,388.0974402326931,383.5047433776642,387.1844787597656,101591200,0.009226977562042145,0.030547719058252883,84.28315539727014,0.13792302440136917,384.81233560603005,375.25312919813217,386.22731018066406,56.308405656898834,0.006050361203338772,3.5959116294273934,391.3207092285156,349.7817077636719,-0.6438378366896522
2021-05-05,388.8241183887439,389.0570141395226,386.7466780571217,387.3056335449219,60162200,0.008690640888110472,0.030481218674808477,73.86087243874452,0.08822006759504641,385.04979255259116,375.72577642741805,386.6539779663086,49.79138641750737,0.006053430427193908,3.447529190677512,391.3207092285156,349.7817077636719,-0.7996318611303508
2021-05-06,387.3802410977197,390.52899695635426,385.37734284393053,390.3985900878906,74321400,0.01802833190806673,0.029960883301511282,76.05258234649686,0.13779236525548733,385.5592018416673,376.3011808846915,387.14539031982423,52.94900614607549,0.006196851093895984,3.670444198153486,391.3207092285156,349.7817077636719,-0.7047695878108131
2021-05-07,391.16236490015007,393.89189602548134,390.48229913565626,393.2397766113281,67733800,0.025610562020032052,0.029791594139523203,86.70411387799658,0.09847480879564663,386.2906851530636,376.96543954063804,387.64052429199216,60.90239709565728,0.006197238862014036,3.6890666652218647,393.2397766113281,349.7817077636719,-0.47223470220948016
2021-05-10,393.59384166171475,393.81741249794896,389.22471484913274,389.3458251953125,81852400,0.009366174450730775,0.033221030902925955,77.00594017819904,0.10177889023071507,386.581650871373,377.4509448604292,387.9339767456055,58.78766047548436,0.006684374956865488,3.7096959766643147,393.2397766113281,349.7817077636719,-0.5943436037165872
2021-05-11,384.8368673639602,386.85838615611584,382.00484764015937,385.8709106445313,116888000,-0.002065654397821753,0.04091660265569887,58.54379100849342,0.08623349633566324,386.5139613259595,377.7811395970607,387.99685821533205,47.15233422133788,0.007001167527857534,3.905999661746989,393.2397766113281,349.7817077636719,-0.9042386269099945
2021-05-12,383.0948850362776,384.3618242624742,376.3595297518344,377.6730651855469,134811000,-0.021227387537718984,0.07377581678201359,41.85280703215217,0.22099737671853914,385.67197121734876,377.7769013848445,387.7155166625977,40.892207859988545,0.008465896785358364,4.209424097977831,393.2397766113281,349.7817077636719,-1.6149346181559805
2021-05-13,379.2194656575238,384.1382223326197,379.17286945378146,382.2098388671875,106394000,-0.008202541281450352,0.09600047991294826,41.889456993698914,0.16424620809630297,385.3422443268572,377.9507420704266,387.4551376342773,41.513338021343955,0.008560523135789031,4.2733007397292715,393.2397766113281,349.7817077636719,-1.7232146273167892
2021-05-14,384.93945733886034,388.9266319996469,384.9115109821357,388.0788879394531,82201600,0.0059830706785210935,0.12131723415909179,45.48548206877024,0.2617257895418148,385.60287705186636,378.3479242613688,387.42346649169923,48.81586093286395,0.009248577650779998,4.654590550849447,393.2397766113281,354.4429626464844,-1.3592854949416022
2021-05-17,386.9703182241895,387.9019013257999,385.07917723544665,387.0914001464844,65129200,0.003258802889196359,0.13951952947327745,44.57077012101609,0.2794625889590838,385.7446411561157,378.69080566862823,387.4379089355469,47.750951225909894,0.009197932593389975,4.746417218554021,393.2397766113281,354.4429626464844,-1.1529326653671776
2021-05-18,387.352244805697,387.59446551118776,383.5979660188922,383.75634765625,59810200,-0.004311581423948069,0.155138465878342,40.939576378127015,0.2522985152783719,385.55527987041415,378.88945437402515,387.427197265625,44.30317962067683,0.009257088367410177,4.891477577083577,393.2397766113281,359.5035400390625,-1.203351293817823
2021-05-19,379.07974196431326,382.9271556206344,377.5985000735296,382.7501525878906,106467100,-0.006229796947752003,0.16418630016643493,37.899113675216135,0.19886369179517405,385.2881248911262,379.04085430398067,387.1845169067383,40.07342077470015,0.008998634012014659,5.0465257144332725,393.2397766113281,361.0070190429687,-1.2607013488125105
2021-05-20,383.6258484249689,388.12541000565056,383.50476652206805,386.8677673339844,78022200,0.003448603934782993,0.17337182881611612,44.54545898297107,0.21286537038188613,385.43856702854123,379.3477920698632,387.32471771240233,47.89586831006101,0.009103485320530048,5.18293848444493,393.2397766113281,361.0070190429687,-0.9895265374397186
2021-05-21,388.3490042918943,389.5880256140857,386.0945893314259,386.5510559082031,76578700,0.002504926790876788,0.17893930392596,44.67769463467796,0.130808737566102,385.5445183504138,379.6302730047001,387.2408737182617,46.56409534009638,0.008766900766570888,5.263451664693171,393.2397766113281,361.0070190429687,-0.8073871418744287
2021-05-24,388.7868254622032,391.56295289159766,388.544604797389,390.49163818359375,51376700,0.010703118816980897,0.182951886782356,49.490485070911426,0.0928084975575556,386.0156726202405,380.0562088940685,387.3135360717773,53.615845939584744,0.009059760861553518,5.186925069389332,393.2397766113281,361.0070190429687,-0.4170707313128901
2021-05-25,391.57218775555987,391.9261937700584,389.0476063153504,389.6251831054687,57451400,0.00774250615283748,0.18536625015263336,48.0852189907426,0.06869843942785248,386.35943552359555,380.43146278471164,387.3470733642578,52.49538560334502,0.009075953573648779,5.227514453125552,393.2397766113281,361.0070190429687,-0.22255733724377946
2021-05-26,390.21226207046954,390.9016245615325,389.17821833387507,390.3985900878906,43088600,0.00859607151153351,0.18566914410414642,45.48507985162666,-0.012659424292019383,386.74411691067127,380.8223305220912,387.424870300293,50.0,0.009084734115634999,4.982639604213675,393.2397766113281,361.0070190429687,-0.055806775235005546
2021-05-27,391.4231910374945,391.93555024942225,390.3239016330106,390.6033935546875,56707700,0.008258121444246183,0.1838348829742141,42.87036906983695,-0.06457784046746895,387.11166706724424,381.2059016214087,387.3890045166016,46.82522941005694,0.008970307048438346,4.84823550984374,393.2397766113281,361.0070190429687,0.04864148841465399
2021-05-28,392.1685199593985,392.4293620777178,391.0692587771713,391.3021545410156,58520200,0.009015000109549084,0.1801268719641594,48.4219111534229,-0.11643303726811405,387.51076111236534,381.6018331084521,387.5166351318359,52.55224528309398,0.008844535313936147,4.6506120008590335,393.2397766113281,361.0070190429687,0.1399768790062761
2021-06-01,393.6590742965092,393.79880607447905,390.5196438229263,390.9574890136719,54216600,0.007356277932092576,0.16845063413400668,52.35560826398909,-0.15933192055355494,387.8390209124898,381.9687215753235,387.5851089477539,57.22619686581686,0.008838216697660458,4.3604823363161485,393.2397766113281,361.0070190429687,0.15139734461463905
2021-06-02,391.6095674253817,392.410743642536,390.6034702269547,391.5722961425781,49097100,0.00801001580807321,0.15561646404532153,69.19812724611424,-0.271127994143474,388.194570934403,382.34533234266684,387.8044998168945,75.16848990165794,0.00871263178781164,3.810188945093602,393.2397766113281,361.0070190429687,0.17301624202010735
2021-06-03,389.2619780804106,391.2555509981351,387.7993858877597,390.1190185546875,58138800,0.004067483526854689,0.13964402652529598,59.99113184321988,-0.2739018104806701,388.37785166014436,382.6501827823539,387.94516906738284,66.12218542304805,0.008765911677306998,3.61788559564686,393.2397766113281,361.0070190429687,0.06751934635796863
2021-06-04,391.96354696648706,393.9850945840739,390.18422002621526,393.6869812011719,55938800,0.011047676672567437,0.12145882493493818,56.00303679106159,-0.29577205181243227,388.88348304500414,383.0829984066213,388.1095886230469,62.61505299577126,0.008822411175477787,3.4142629454273634,393.6869812011719,363.0379028320313,0.20816898681604212
2021-06-07,393.6776507018846,393.85465374362394,392.3734402072181,393.3050231933594,51555000,0.009297855684113718,0.09593327957029901,58.242282839238456,-0.28916906819646726,389.30458210675226,383.4838621237483,388.11285095214845,64.36858343754139,0.008678376814046014,3.3057988620273187,393.6869812011719,367.7237854003906,0.24317625324658332
2021-06-08,394.162117490748,394.2552814880263,391.563021073544,393.388916015625,47134300,0.008850409389772416,0.06946350758733269,71.13459602255817,-0.26323771543771,389.6935662885497,383.8722956097042,388.31500549316405,76.21664363172427,0.008357009279276392,3.2126389278977974,393.6869812011719,367.7237854003906,0.2393090513089149
2021-06-09,394.22732293544,394.30186550282065,392.5784311103021,392.802001953125,48436300,0.006937555026558886,0.03589187142930642,75.03429553584505,-0.2399602302330126,389.989607780414,384.2224801721913,388.66156005859375,77.99675305357444,0.00807395109425224,2.895895128597662,393.6869812011719,367.7237854003906,0.16792404884377543
2021-06-10,394.0223149057569,395.5780709347275,392.7087795402519,394.6278381347656,51020100,0.01337530589846147,0.06725732725388787,93.0524720662226,-0.24903718382500217,390.431344004638,384.6305334256256,389.50929870605466,74.77667261686669,0.006188237507736445,2.7168975555059256,394.6278381347656,369.21429443359375,0.211555667914185
2021-06-11,395.17753829078254,395.3917841957337,393.8919491424424,395.2799987792969,45570800,0.014925972920725877,0.09591254587707489,102.78836656694033,-0.24595805629386402,390.8931206498436,385.0481595179264,390.16280670166014,77.28564887243846,0.005742624824706358,2.574497467693886,395.2799987792969,373.2014770507813,0.249606826532637
2021-06-14,395.3917482511851,396.2674385065435,394.1527554254345,396.16497802734375,42358500,0.01933941151372801,0.13412477186300004,114.1358433765061,-0.28381800697980064,391.3952023048436,385.4841131849624,390.5671112060547,71.92191767252949,0.004766904785926139,2.367553617530632,396.16497802734375,377.6730651855469,0.29645459096165805
2021-06-15,396.3140447697688,396.3512876197017,394.56266421460623,395.4383544921875,51508500,0.014766391630287496,0.1602283909082402,114.9853300139393,-0.2872840384659783,391.780264417924,385.8744755891673,390.98445892333984,72.7076141066968,0.004741348191998826,2.2896990425583073,396.16497802734375,377.6730651855469,0.2428356556650546
2021-06-16,395.5780452993392,395.8016160944157,391.19029786804174,393.2304382324219,80386100,0.005583233298903715,0.18304156473598412,99.97585608754329,-0.13809776935992302,391.91837620978094,386.1629447124322,391.4581634521484,59.9470883590102,0.004454896033508825,2.4959784710380575,396.16497802734375,377.6730651855469,0.03397081983864059
2021-06-17,392.8206036194272,394.0782178856841,390.63137795315737,393.1000671386719,90949700,0.0045881551989481574,0.20148634709976204,98.94974054507486,-0.03306491637036202,392.03091820300864,386.4349887291475,391.9756591796875,58.815859516938616,0.0043794766421962495,2.627063565046281,396.16497802734375,377.6730651855469,-0.1287434463993713
2021-06-18,389.8251604695109,390.5167781405025,387.5914076691271,387.7970275878906,118676300,-0.014447141336635832,0.20901766477393646,60.05519237829344,0.1225930320908688,391.62769052537834,386.48840201772566,392.0221221923828,40.66016992154465,0.004954816328075863,2.890112918368743,396.16497802734375,377.6730651855469,-0.5838158632702761
2021-06-21,389.55403474074245,393.53557034735695,388.7409106571749,393.3486328125,72822000,0.004932976186610547,0.20961841617245672,68.25390874869869,0.29491595541811155,391.7915897908185,386.75743067634426,392.3620010375977,54.98750466267682,0.005872717040556531,3.0657829546482844,396.16497802734375,377.6730651855469,-0.5042283513931594
2021-06-22,393.3394137510601,396.28349533498147,392.6197297149281,395.45166015625,57700300,0.01101790379416746,0.20924291385104374,75.17610989101671,0.39686023413295723,392.1401679208596,387.0983808520268,392.6100021362305,57.618677173395795,0.005560141078272989,3.198389540682005,396.16497802734375,377.6730651855469,-0.3126294085876282
2021-06-23,395.52640432656335,396.33017311106846,394.8908622379778,394.9749755859375,49445400,0.008522087472505959,0.2071749520582,78.12291543663434,0.21463542483911424,392.410149603248,387.40726692002335,392.8774917602539,59.9170092414161,0.005537228565287272,3.0317038705585935,396.16497802734375,377.6730651855469,-0.2247864460997473
2021-06-24,397.11522847080494,397.73205959660106,396.8628599421337,397.3114929199219,45110300,0.014346018323760153,0.20277725278700365,73.45515506548234,0.12387465389841745,392.876944204836,387.7956679396272,393.22313690185547,57.79413733452683,0.005653887000361914,2.952490154935532,397.3114929199219,377.6730651855469,-0.02653628807487829
2021-06-25,398.0591985278256,399.17141131218983,397.73207208724824,398.7227783203125,58129500,0.016905834014128054,0.19724724792907453,76.90764502635984,0.030942591497275407,393.4336903110718,388.2241820722031,393.62910614013674,61.15643479736312,0.005683947871751235,2.9795405017828256,398.7227783203125,377.6730651855469,0.17153670136997423
2021-06-28,399.24617251742296,399.6947769582962,398.04984647065635,399.5265502929687,53159600,0.01755145969665625,0.19076896288536935,78.1236364642897,-0.05253200756107723,394.0139626903001,388.6674121985077,394.0403259277344,62.274908938214615,0.005685738336579129,2.904731221294079,399.5265502929687,377.6730651855469,0.31995427703786916
2021-06-29,399.9098038354574,400.5453458904214,399.20883078354126,399.7415771484375,35970500,0.01648126848771567,0.1823114454232098,80.42180334412332,-0.10045537203411692,394.5594497815513,389.1016931769363,394.47953033447266,64.08830810940748,0.005669128078230084,2.877094129462766,399.7415771484375,377.6730651855469,0.3911669282902408
2021-06-30,399.2835916114196,400.7509687229313,399.2555538300446,400.0780334472656,64827900,0.015805285462856204,0.17263912878318305,77.26034891168513,-0.08336690775706945,395.085029178286,389.5321378934198,394.90481719970705,61.77683933983441,0.005668459338139294,2.7789600936349848,400.0780334472656,377.6730651855469,0.41711373861424583
2021-07-01,400.835038783346,402.4519600618117,400.76960779298105,402.2930603027344,53441000,0.020678937081582784,0.15956212952074506,80.56083048513453,-0.03762754283757297,395.7715083329954,390.03256622319685,395.5135192871094,64.19514087412873,0.005633234536376934,2.841395205153183,402.2930603027344,377.6730651855469,0.5322639197749011
2021-07-02,403.45206040174946,405.72320623377107,402.3772122424309,405.3680419921875,57697700,0.027839331460020815,0.1417428383847861,85.35908156257669,-0.01482901959732108,396.6854639195851,390.63395742982397,396.09757232666016,67.11094315984421,0.005535836943120248,2.9353568372908763,405.3680419921875,377.6730651855469,0.7509558542009094
2021-07-06,405.42411100289456,405.63908633581775,401.90056347036705,404.6296691894531,68710400,0.022803686376952327,0.12087713634609631,84.58585740128956,0.05849221009977712,397.4420548976678,391.1828088713781,396.66380462646487,67.08163517632286,0.005558872882683346,3.0746353701733944,405.3680419921875,377.6730651855469,0.7780106057681557
2021-07-07,405.3119077621989,406.3400071225295,403.3024576849441,406.0596008300781,63549500,0.024571656217767048,0.09898976870542814,93.57240557147729,0.02958859896060706,398.26277355789733,391.76621247760164,397.2973388671875,74.55238873963322,0.005570040833184933,2.9622233138313567,406.0596008300781,377.6730651855469,0.8201355094404419
2021-07-08,400.7509751205796,403.50814726468866,399.5733312386979,402.7510986328125,97595200,0.011948787136886893,0.07785424198941687,77.97342764988943,0.14407020079306454,398.69023308884164,392.1969923268256,397.7947937011719,66.46695985695258,0.0059504122941276836,3.17932543232089,406.0596008300781,377.6730651855469,0.5652328030250895
2021-07-09,404.2558779418757,407.3495037546776,402.55484295981864,407.0504150390625,76238600,0.021057839058686734,0.08391893548223606,93.4388942180653,0.10098219399843544,399.48644089362455,392.7794794920114,398.4159225463867,84.01597669059504,0.006274362184329815,3.128325526986186,407.0504150390625,377.6730651855469,0.6217462961969029
2021-07-12,406.9662573135737,408.7607608889364,406.5363351584208,408.5083923339844,52889600,0.02260794393522928,0.08999149353637667,90.16146425994702,-0.019772611213096702,400.345674364135,393.39629960346133,399.0773422241211,81.31291673968212,0.006290514275560676,2.8773171677754186,408.5083923339844,377.6730651855469,0.6877421896653
2021-07-13,407.7233490688548,409.2187641194226,406.85414923191337,407.1158447265625,52911300,0.016670665041842468,0.09038433441008133,81.6540678116775,-0.09435742726059437,400.99045249389,393.93432098083787,399.62488555908203,74.82121751328043,0.006389434628810306,2.7845206868794077,408.5083923339844,377.6730651855469,0.5727405106585133
2021-07-14,408.8074721795963,409.29349840963926,406.4802508086064,407.7232971191406,64130400,0.016694942296258827,0.08801626776223377,84.73194406324495,-0.026859652636682663,401.6316757915329,394.47506514312425,400.2391326904297,76.97810039846811,0.00634440023484062,2.8826590245895636,408.5083923339844,377.6730651855469,0.47665157393273105
2021-07-15,406.38676403559714,407.0596992666777,404.4333893354509,406.3306884765625,55126400,0.011851804210510075,0.07814453750157835,78.32719954024327,-0.08134038880445915,402.07920080915477,394.9399915483571,400.8941452026367,69.88073215522982,0.006233663119313115,2.920717865520004,408.5083923339844,377.6730651855469,0.26872831040056155
2021-07-16,407.5083846304413,407.5551047614192,402.751117276548,403.1436462402344,75874700,0.0025478540854984104,0.06604519433186326,62.81515069498424,0.0008576434844571601,402.1805765644957,395.2617034970582,401.39632415771484,59.03729757583848,0.006576738851074858,3.131008514991667,408.5083923339844,377.6730651855469,-0.11351990753831842
2021-07-19,398.33031422579336,403.209088281005,394.386170997077,397.1900634765625,147987000,-0.011701207483438811,0.06327344697102893,47.943521617036325,0.26636086504179235,401.70528960374014,395.3373254570388,401.86597595214846,46.05440816637852,0.006732149463952036,3.643721857583679,408.5083923339844,377.6730651855469,-0.7612889649240517
2021-07-20,397.8536095081192,404.1530401378472,397.0591676686946,402.8819274902344,99608200,0.002761691389875904,0.06828210937303002,56.78400510630666,0.4562512278258324,401.81735035483484,395.6331922034386,402.34264068603517,54.47526152770276,0.0067336427875971175,4.054961669174568,408.5083923339844,377.6730651855469,-0.7966038771188693
2021-07-21,404.0783031286955,406.2840467930264,402.8352566332123,406.1438293457031,64724400,0.009977502413607701,0.07144353932342058,59.44253171158973,0.4550761772986016,402.2293959730128,396.0453740521549,402.8772491455078,57.97897792778761,0.006849426789398752,4.194488473955098,408.5083923339844,377.6730651855469,-0.5994520169936663
2021-07-22,406.3213274734552,407.23727579624176,405.33997668113454,406.9942626953125,47878500,0.011011215020113681,0.07270725010215841,58.02331617989233,0.42445927478376433,402.683192803708,396.4747422342395,403.47821350097655,56.41425577078578,0.006824145449579253,4.160443652566609,408.5083923339844,377.6730651855469,-0.41945752790420565
2021-07-23,408.9195778381852,411.51784981607466,408.2373157413509,411.181396484375,63766600,0.0189238749551652,0.07659726697899943,57.29875726823785,0.353732056107531,403.49254553520007,397.0514737734605,404.17170867919924,57.698039887624105,0.007038957588259518,4.238546594689857,411.181396484375,382.2098388671875,-0.04575609967244443
2021-07-26,410.59261588453984,412.2001818503904,410.5458957579973,412.1908264160156,43719200,0.01927399127407571,0.07947062019174568,59.35468302408137,0.12238878249162166,404.3209532381349,397.6451738770901,404.84511108398436,59.94111501109811,0.007028365141750068,4.089672539471455,412.1908264160156,382.7501525878906,0.22707768982811594
2021-07-27,411.1534484123905,411.18148619614936,407.4896830394306,410.3122863769531,67397100,0.012927337364770402,0.0829281412666488,53.615088727969095,0.03786447846450636,404.89155639421284,398.14192338688866,405.38439788818357,55.526078273683474,0.0071644955109940395,4.208500677971427,412.1908264160156,382.7501525878906,0.23756614672672205
2021-07-28,410.93845431834467,411.51792083805464,408.7233839343774,410.1440124511719,52472400,0.011238980599542123,0.08506026786803877,57.96624042603542,-0.059526445122645266,405.3917903043994,398.6125935462723,405.90451965332034,60.46025809203953,0.007173333539141486,3.944805485992642,412.1908264160156,382.7501525878906,0.19167553593517894
2021-07-29,411.06927031045103,412.91982079238494,411.05991487644866,411.8450012207031,47435300,0.013654140467489717,0.08627046893597762,54.426499158748406,-0.08649123586638863,406.0063818202379,399.1315114942892,406.4928680419922,57.32226465464287,0.007200013400936748,3.8006017393036506,412.1908264160156,382.7501525878906,0.2317083903657844
2021-07-30,409.2841560298152,411.29360644207577,409.1532940336554,409.8449401855469,68951200,0.007999912507972674,0.08640585111022298,48.6828528132979,-0.09544960741918107,406.3719588074102,399.55164595276995,406.87046203613284,52.00792238992096,0.00726619573570153,3.833978986198803,412.1908264160156,386.5510559082031,0.08677735730366498
2021-08-02,411.5553422417352,412.1067710167303,408.6299431376853,408.985107421875,58783300,0.005522614593316156,0.08212961125238216,50.20108100625879,-0.04309630330102954,406.62083010402586,399.92158561822504,407.0513153076172,52.85391063847235,0.007119284728417004,3.9134227713085017,412.1908264160156,386.5510559082031,-0.0939190114982087
2021-08-03,409.7795364098606,412.4338844991458,407.5925037276187,412.3123779296875,58053900,0.011669491030835822,0.07817399256189454,52.10347008381967,-0.03569234345473049,407.1628822778984,400.407499042204,407.4354507446289,56.469149845084566,0.007296662057655408,4.058289426343805,412.3123779296875,387.7970275878906,-0.020134788238335144
2021-08-04,411.0319033838049,412.2843051456388,410.0505525213927,410.2842102050781,46732200,0.006287630408822891,0.07295265094925053,50.32648330345088,0.010152461283077008,407.46015160429647,400.79482104859125,407.6466812133789,55.47510593175569,0.007384385014846966,3.9848549709584518,412.3123779296875,387.7970275878906,-0.13244061634621707
2021-08-05,411.4431375086628,412.96659014888616,411.12536648595767,412.8824768066406,38969700,0.011133482310311173,0.06939577611097608,58.9872212187714,0.008606488684753444,407.9765635283292,401.2688467645932,408.1532501220703,63.710581037653164,0.0071948292030582645,3.833311575168222,412.8824768066406,387.7970275878906,-0.059946736945165835
2021-08-06,413.2002671340216,413.9853535543252,412.9198607907698,413.5647583007813,46930000,0.011957840360949315,0.06629915397118322,74.46238364313581,-0.1440015398865011,408.508772554277,401.7510393738555,408.4789672851563,77.07058170627117,0.006848458514825384,3.2818801082936893,413.5647583007813,387.7970275878906,0.002438707282907515
2021-08-09,413.5366870620658,413.85445807390835,412.46186747322616,413.228271484375,41222600,0.010056135284683368,0.0625999405197665,68.17428663491262,-0.2654395251663396,408.95824864285777,402.2011269076014,408.71496124267577,70.78491597849334,0.006825533225807422,2.8746456891172323,413.5647583007813,387.7970275878906,-0.009802939753818407
2021-08-10,413.67690908891893,414.4526685963435,412.9946468851688,413.7423400878906,43339300,0.010214732171706332,0.0591107042319744,64.8875200519499,-0.3266995879967174,409.41387639952757,402.65372350290687,409.04628601074216,67.1591842585496,0.0067608100666402444,2.7324479427858495,413.7423400878906,387.7970275878906,-0.013874871732758809
2021-08-11,414.8077789542653,414.86385451105014,413.6862107732414,414.7703857421875,44034300,0.011335658889355974,0.0540758292554625,64.64368784104761,-0.32719157740898264,409.92402014644756,403.1288867279767,409.39864044189454,67.42052987376657,0.006769569779027691,2.6810439872645304,414.7703857421875,387.7970275878906,0.020219711091790327
2021-08-12,414.6208676326382,416.1536756754447,413.7236301446858,416.0134582519531,38909400,0.01290822490830509,0.04513813906736368,60.08190335163945,-0.3396035640141766,410.5039666326862,403.63416404264245,409.8827789306641,62.46997430982252,0.006707033397696078,2.531505302264297,416.0134582519531,387.7970275878906,0.0901254583790485
2021-08-13,416.4620942233985,416.7892206760995,415.9760965228515,416.7705383300781,39470300,0.013882982148850932,0.04112324246798621,62.38515235427011,-0.2469492409654125,411.10078298481875,404.1493159754831,410.5641235351562,61.97470810910871,0.006360406665384544,2.471422306611077,416.7705383300781,387.7970275878906,0.14759205921689
2021-08-16,415.4713908619817,417.8827255582406,413.9199004513762,417.75189208984375,73740000,0.01832521871404553,0.06481565451597274,88.2821882150149,-0.15861446977555416,411.73422194720206,404.682750332909,411.5922149658203,70.41016066509812,0.0050461531219407815,2.41868528734532,417.75189208984375,387.7970275878906,0.20822578013194226
2021-08-17,415.2003062311289,415.8732414325838,412.0319231944984,415.0133972167969,92673900,0.009732792015103698,0.08967536823391607,83.4112888824146,-0.038355068297251216,412.04652435383014,405.0878737401203,412.19878845214845,61.70780099379823,0.004620690478858449,2.6276447153216145,417.75189208984375,387.7970275878906,0.029799432537073844
2021-08-18,414.00400272308775,415.56484852636714,410.2281152693712,410.4710998535156,89351900,-0.004175174345612437,0.09825313787326613,56.81902911073111,0.04831100755621831,411.8964839252288,405.298980646528,412.41515197753904,47.0937213535951,0.0051231872579429955,2.810567923591821,417.75189208984375,387.7970275878906,-0.40429411050994446
2021-08-19,407.751428845292,412.3031054700773,407.61123990919793,411.1067504882813,92812200,-0.0020762269385369665,0.10501372428781777,63.22246325372635,0.16667200982112051,411.82127121694805,405.52673632659673,412.6207763671875,52.8326808902458,0.00511594187418536,2.9534363788655105,417.75189208984375,387.7970275878906,-0.6445129850747264
2021-08-20,411.4524984131377,414.7049951138694,410.966472176814,414.37786865234375,72008700,0.00697867150392298,0.11335204529908798,75.74050493108496,0.20259855025935392,412.06475668698573,405.87383955505743,412.7805999755859,60.92374949618829,0.004903729480471675,2.9721288830091095,417.75189208984375,387.7970275878906,-0.5809639468122216
2021-08-23,416.0602189821948,418.9295421673049,414.4526529864892,418.02294921875,54973000,0.01518171430265524,0.11656917131049296,71.37535052156798,0.22026438205175625,412.6322035947728,406.3502752281434,413.0722061157227,61.420473409761094,0.005237360843370862,2.9514355075401113,418.02294921875,387.7970275878906,-0.30516087012255433
2021-08-24,418.6865234375,419.21926979163254,418.1724879522138,418.6865234375,38744700,0.01586826592276474,0.11995424560051636,81.12614479615466,0.09426057584213754,413.20880548455636,406.83404966772605,413.49091796875,67.77374237120941,0.0050898962540299394,2.8753280192963797,418.6865234375,387.7970275878906,-0.10035637362815786
2021-08-25,418.8734458981507,420.07909894332823,418.4995708066867,419.5650634765625,40529700,0.016674504966620693,0.12223452912280695,78.28354081131413,-0.004986548540997338,413.81416338855695,407.3333051112098,413.9619705200195,65.24511230455825,0.0050836250218255,2.7965528902130603,419.5650634765625,387.7970275878906,0.06315874706990687
2021-08-26,419.2847079423929,419.5183656415265,416.9948796044848,417.0883483886719,57829600,0.00830897949149989,0.1219165854267722,66.70866664917993,-0.017632286675525854,414.12599053142503,407.71585582797303,414.224137878418,57.430104468448896,0.005265086815050285,2.9013605419554267,419.5650634765625,387.7970275878906,-0.022045741170677147
2021-08-27,417.89207569885787,421.1913209422029,417.8360001384459,420.8174743652344,77235100,0.01656205250893405,0.11938182633937587,72.61694291486127,0.04132740358814169,414.76327470607356,408.2296447902186,414.7727645874023,64.00004053364799,0.005408153486928851,3.0949592528731995,420.8174743652344,387.7970275878906,0.1374162237334713
2021-08-30,421.49038603704406,423.4531161096765,421.2473729404078,422.66802978515625,48357400,0.019637144090848904,0.11702491735961155,74.94701031556794,0.0771283876654214,415.51610852312905,408.79585596649065,415.45691070556643,65.69175219567678,0.0053860860108441095,3.179074969535155,422.66802978515625,393.3486328125,0.3216719381814217
2021-08-31,422.57458594782264,422.9110393113264,421.44369077915854,422.0418395996094,59300200,0.016717656099578884,0.11251093995748455,74.19252279453768,0.1128358739102222,416.1376067208891,409.3153063050443,415.9433837890625,62.96674818808046,0.005203808932327335,3.199768169132235,422.66802978515625,394.9749755859375,0.35301563166287675
2021-09-01,422.9764722664043,423.4905077483613,422.03248612109024,422.2661437988281,48721400,0.016266292475092058,0.10582665109145785,75.26887063966588,0.11935586888656591,416.7212769187881,409.82318228519273,416.54248046875,61.57044208567033,0.0050065923036111985,3.130337890311677,422.66802978515625,394.9749755859375,0.3403459152888151
2021-09-02,423.6868752297582,424.3691375142071,422.36904227288545,423.56536865234375,42501000,0.018526053436226236,0.0996533621697021,77.82675056109854,0.1106759686929657,417.3730951791267,410.3620915544928,417.07662506103514,62.32634563792201,0.004891141829892501,3.2224714304638917,423.56536865234375,397.1900634765625,0.3685768215275802
2021-09-03,422.4343619875005,423.97649682090514,422.0324491397837,423.4624328613281,47170500,0.016382971881538783,0.0952658509861183,75.44096833711916,-0.0053914150717455644,417.95303210124115,410.87583042927065,417.5715087890625,60.70038598999285,0.0049020890698642725,3.0782730429108205,423.56536865234375,397.1900634765625,0.33064085712615876
2021-09-07,423.1167138270563,423.21018261431715,421.2754899564276,421.9484252929687,51671500,0.010506528618109273,0.0882109380981601,77.35360467820911,-0.11108920969971936,418.33354573854854,411.31004983569017,418.0075164794922,63.619821852176244,0.004999563531281855,2.825914043593335,423.56536865234375,397.1900634765625,0.16241654430866914
2021-09-08,421.4156438263088,422.1446546206983,419.51831615140816,421.434326171875,56181900,0.008089441749132556,0.07926775829277778,91.22980332811426,-0.17734214581741514,418.6288581607701,411.70708028024643,418.3921157836914,75.57781717467302,0.005024959990532309,2.632314415900063,423.56536865234375,397.1900634765625,-0.015209743757839789
2021-09-09,421.23808970978325,422.9858446456514,419.38751055980504,419.6305236816406,57970400,0.0025489901594534276,0.06619357971557285,81.09552240420274,-0.18404813974507894,418.7242548770435,412.01780355088937,418.63512268066404,68.85851136951351,0.0051413759675554,2.554205024826278,423.56536865234375,397.1900634765625,-0.27168873418358164
2021-09-10,421.55586791625456,421.9764346465891,416.2004233686548,416.3219299316406,89948200,-0.005775624844105057,0.05032390386092048,60.37759572644105,-0.16221447898795305,418.4954620251004,412.18659282072275,418.6505462646484,54.29403810661386,0.005440869901710907,2.6997399063176277,423.56536865234375,397.1900634765625,-0.6595590474771806
2021-09-13,419.3127557334204,419.57445120398825,415.07885103030503,417.3873901367187,83738600,-0.0026557262087909526,0.038536852962877316,53.65965178781425,-0.12427044967205747,418.389931369064,412.3905456566442,418.68138885498047,48.41562796698868,0.005456011063280598,2.69573466765492,423.56536865234375,397.1900634765625,-0.8288049204134662
2021-09-14,418.8267230433787,419.03234294728094,414.2470381175579,415.1349487304687,78197100,-0.00766051218219536,0.04159605507519646,45.45391299418569,0.044649851503229865,418.0799330225311,412.4981693065981,418.55054168701173,41.79623175655846,0.005560825509049929,2.9520906860006693,423.56536865234375,397.1900634765625,-1.0620007968163963
2021-09-15,415.5555116773011,419.0977701394543,414.4526542585058,418.6024169921875,78792200,0.001205003259206245,0.039418513606399794,51.175157093325176,0.20466659302216295,418.1296934005936,412.7375515687781,418.72999267578126,48.01392719076222,0.005676096821293005,3.1710612391654536,423.56536865234375,397.1900634765625,-0.9556029964013342
2021-09-16,418.0790011528334,419.0509965202967,414.99470280608074,417.9388122558594,77786700,-0.0004951914634048043,0.03926941013749437,62.21657394498628,0.28306534139647876,418.1115142439523,412.9415225761146,419.10337829589844,51.896509953478756,0.005037423238730828,3.2772119421753296,423.56536865234375,397.1900634765625,-0.9033894221594738
2021-09-17,417.16807262421446,417.5899866501967,413.51131271479295,413.86761474609375,118425000,-0.00995890083656343,0.042037943245297534,37.63138201755229,0.2224853340730324,417.7073333393943,412.9778399161138,419.2414215087891,34.734900332070026,0.005567251417500855,3.3003924412850023,423.56536865234375,397.1900634765625,-1.1032801958134737
2021-09-20,407.75436793021106,409.3295710757895,402.1098470708218,406.9667663574219,166445500,-0.021820398878244395,0.06161726749897009,20.373276260481564,0.46600958630458056,416.6844221982541,412.7421115412631,418.870866394043,21.77471294635265,0.006450146536830385,3.9519728649157053,423.56536865234375,397.1900634765625,-1.6287735957714788
2021-09-21,409.30144322368784,410.59537031179264,406.05726871090457,406.5823364257813,92526100,-0.021966215664905277,0.06810116526412262,21.94608437690614,0.41300278802591794,415.72231879135194,412.5005517328129,418.29883575439453,21.965637807929937,0.006035278095195756,4.171312369824291,423.56536865234375,397.1900634765625,-1.9112262746854085
2021-09-22,408.8514237643601,412.5831820579313,406.69489742536064,410.5485229492187,102350100,-0.010455646282954855,0.08071547893723671,29.020530829890255,0.41775874373444744,415.2295763301964,412.42400158443667,417.89193572998045,31.290304032620185,0.006503990932932781,4.495799798744214,423.56536865234375,397.1900634765625,-1.7445368523594347
2021-09-23,412.4143728690153,417.1400110058016,412.17996661282217,415.5366516113281,76396000,0.0005688618440984675,0.10181801330439486,32.76135891028413,0.4696658691548128,415.2588215950661,412.5460662913736,417.6905151367188,38.531454203847446,0.007112689632284571,4.816406537401638,423.56536865234375,397.1900634765625,-1.2358778850473326
2021-09-24,413.90522575092706,416.9337651199925,413.6895616772255,416.2211608886719,62094800,0.0018135910770960783,0.11532287844119339,34.45489002352626,0.48748213839054344,415.35047295636184,412.6901876481304,417.64715576171875,39.82532361613043,0.00700808999429086,4.909274806090601,423.56536865234375,397.1900634765625,-0.8113738949783078
2021-09-27,415.1896841659372,416.3523298980062,414.33644206403306,415.0303039550781,61371100,-0.0006315649960520609,0.12185197890352249,36.39221687112628,0.23914225986040405,415.3199806705253,412.78195691506954,417.35779724121096,40.19029765814797,0.006698512192193699,4.897056586738643,423.56536865234375,397.1900634765625,-0.5797020200653078
2021-09-28,412.26433994291904,412.59251441684535,405.93537117136833,406.6667175292969,130436300,-0.014615585052541834,0.14506705416158158,25.436450450574405,0.2847513114905753,414.49586037136066,412.5421436058236,416.55773162841797,32.87262018949994,0.007868048829148206,5.359099037768617,423.56536865234375,402.8819274902344,-0.9374637828778609
2021-09-29,408.0449990691309,409.77961092728947,406.78858508585967,407.3511657714844,82329200,-0.012071874084631277,0.16142552048906447,27.340539193119014,0.18431089934413003,413.81541326661056,412.3385758476142,415.82319793701174,35.37884833130566,0.007908586784626267,5.3244247029219185,423.56536865234375,406.1438293457031,-1.0663555635680648
2021-09-30,408.82324196639286,409.5264607159928,402.0348461267485,402.3724060058594,140506000,-0.018726518587005733,0.1760985299070938,25.400885497261424,0.13091944259453192,412.72560305130094,411.9477456577415,414.8285110473633,34.02552851233716,0.008223695267752284,5.44696779658692,423.56536865234375,402.3724060058594,-1.4040216180261935
2021-10-01,404.0976586371233,408.8326537442385,400.58156466232106,407.154296875,129240100,-0.008633800413260746,0.19221847051142552,27.67622476015574,0.16416726096234346,412.1950024630818,411.7597672741046,414.0079574584961,39.200666798068184,0.008750119796917002,5.715217004317935,423.56536865234375,402.3724060058594,-1.2287403599879223
2021-10-04,405.9915954205408,406.8917073430287,399.7657521393978,401.903564453125,128570000,-0.015519748931230617,0.20656716617653686,25.268956760219,0.20504278587697655,411.21486550975254,411.37324951641915,412.9300140380859,36.86754199020808,0.009072652531069153,5.9011627118807315,423.56536865234375,401.903564453125,-1.378600229668801
2021-10-05,403.4037658375677,408.3262970264828,402.6068074886927,406.08538818359375,90682500,-0.007440775935473077,0.22162875123734702,24.858981307481404,0.12484118884226825,410.72634385964216,411.165882405328,412.13686218261716,37.750261326643354,0.009518724109013795,6.028135332767107,423.56536865234375,401.903564453125,-1.1192905509162379
2021-10-06,402.49417817520293,407.9792888496401,400.8721056221493,407.77301025390625,113032200,-0.004277920626250988,0.23096275569147348,26.44672644106746,0.1730950028946885,410.44507399242923,411.0328285954683,411.45379638671875,40.2467639317095,0.009613500823704022,6.246056012286739,423.56536865234375,401.903564453125,-0.7737378014527319
2021-10-07,411.0455270330156,414.1302933529352,410.867375955081,411.2986755371094,72437500,0.0012160912531769272,0.2381685260536797,30.71113405168069,0.1720094433087178,410.52636937763685,411.04325396572875,411.0372039794922,47.509245018282904,0.009855463787954417,6.383897694998349,423.56536865234375,401.903564453125,-0.27318088339611046
2021-10-08,412.0674996854896,412.45192941991166,409.92033014017494,410.5485229492187,74557400,3.2242866464798884e-05,0.2411279167421408,35.62330776519893,0.0016917402122424985,410.52847924159704,411.023852749395,410.74853363037107,53.943033683781856,0.009723505359384243,5.724885666745832,423.56536865234375,401.903564453125,0.026039550878373063
2021-10-11,409.8921372238028,412.7987803671197,407.5105617770027,407.5762023925781,65233300,-0.00429999096816124,0.24015253797123592,33.70475297761377,-0.020792048309894784,410.247310017881,410.8886507746179,410.2579742431641,51.03513292051335,0.009799714083886317,5.778465451690757,423.56536865234375,401.903564453125,0.0415076302713433
2021-10-12,408.4951160404216,408.89828794249456,405.785365924999,406.5729675292969,71181200,-0.005424877724395575,0.23532097775010852,30.492441981337485,-0.07563701113137677,409.89737263801584,410.7194082944092,409.82987518310546,45.58700481641857,0.009754534607703522,5.572185193501156,423.56536865234375,401.903564453125,0.0038822130610380867
2021-10-13,407.594929147859,408.8513431322092,404.6226741156243,408.0356140136719,72974000,-0.0028222307967817185,0.22644763859890193,28.122359874299853,-0.13490810932519515,409.7200622928402,410.6141614598705,409.30153503417966,40.966577726815004,0.009570897742050034,5.403412404929867,423.56536865234375,401.903564453125,0.0923091458251224
2021-10-14,411.6923881563111,415.0491018085641,411.2235756383798,414.8990783691406,70236800,0.007292313122503325,0.20807842463528545,31.03527695730812,-0.11141323490277033,410.21330191915456,410.78219741709677,409.14954833984376,48.614088046773325,0.010385583806161532,5.672647001510244,423.56536865234375,401.903564453125,0.5995649516015729
2021-10-15,417.00870250976914,418.42452536112467,416.3898666001841,418.058837890625,66260200,0.0112426938990732,0.19062723880653493,34.52946686566825,0.009709711624624529,410.96049582119934,411.06755586703906,409.35910949707034,53.048894012076495,0.010280996392537834,5.780472655653881,423.56536865234375,401.903564453125,1.1050150735999589
2021-10-18,416.27735526871015,419.6340400404351,415.621006350095,419.2965087890625,62213200,0.013067183358137183,0.17868402501280867,46.259502693424665,-0.06247083960929534,411.7544018181387,411.39025990319686,409.97559661865233,64.84453968092274,0.009453427150515788,5.41747986327033,423.56536865234375,401.903564453125,1.4576551389286359
2021-10-19,420.91859501540216,422.59692303340495,420.30911592133424,422.53131103515625,46996800,0.01684697813172469,0.15624229495708883,47.66544217629793,-0.02536006596259388,412.7807741245213,411.82716386915604,410.7730453491211,66.83295804408311,0.00953181303975829,5.430874209438177,423.56536865234375,401.903564453125,1.8201608122544082
2021-10-20,422.99069828398655,424.4909037495053,422.8781878815295,424.19085693359375,49571600,0.018238058269468622,0.13826118391497869,55.653923856652035,-0.06804637284239212,413.86744867776633,412.3120145775654,411.45516204833984,76.11653734064991,0.00936895992992208,5.035729789802803,424.19085693359375,401.903564453125,2.0651692164430138
2021-10-21,423.5908483463569,425.5223536137635,423.1595488456662,425.2973327636719,41305400,0.018999885233371303,0.12955259020888438,56.27373003603126,-0.18642248462266986,414.9560090669002,412.82124274172645,411.94319610595704,73.81231039623432,0.009044963433457698,4.615138053101366,425.2973327636719,401.903564453125,2.1836862851567873
2021-10-22,424.8660443425605,426.3099949344086,422.9157682107572,424.8566589355469,58845100,0.016508909018917793,0.11789382057692245,64.75236528382258,-0.2509557813682757,415.8989281020094,413.29321984736646,412.3749710083008,84.4787482660393,0.009057881124485552,4.32982962367631,425.2973327636719,401.903564453125,2.11299563523625
2021-10-25,425.9443581792132,427.4633063660101,424.1722614993,427.1351318359375,45214500,0.01883505627487121,0.09708925487179751,64.53535325815051,-0.24205760828590828,416.9690427433359,413.83603992534967,412.98021240234374,83.53738347748123,0.009056875135616904,4.106137644630045,427.1351318359375,401.903564453125,2.0961326208414484
2021-10-26,428.6821140262044,429.8916295403,427.14439546156063,427.5194396972656,56075100,0.021453658763437466,0.12356187311378429,77.80435775628555,-0.30114853583201373,417.97384245323394,414.37264383797384,414.02284851074216,82.82406773298432,0.007500391685693489,3.795374392978025,427.5194396972656,401.903564453125,1.98823301473399
2021-10-27,427.97890546543795,428.6446111455954,425.5504317463337,425.6254577636719,72438000,0.01534041139154642,0.14278501134799504,69.75314214596997,-0.2925959680176047,418.7025677208947,414.81393065858947,414.9365631103516,75.18108323821457,0.007659604347031729,3.5622955572803625,427.5194396972656,401.903564453125,1.6790029948303729
2021-10-28,427.0506470799132,429.8072666921166,427.04129028806375,429.7322692871094,51437900,0.024184585139772175,0.1709320098953275,81.54317326594877,-0.20258773785279194,419.7530154891056,415.39896354598244,416.30455627441404,80.15916957009453,0.0070233346762122156,3.680167675045222,429.7322692871094,401.903564453125,1.6389231526267647
2021-10-29,427.4350712129975,430.8949094853391,427.1444097745334,430.604248046875,70162400,0.024880150835659334,0.19805131898392372,94.65252140223555,-0.17541083078326225,420.78646620889316,415.99524921268414,417.4770538330078,88.76275896787848,0.006730302281343747,3.5703306122372687,430.604248046875,401.903564453125,1.5594675718539674
2021-11-01,431.5887642564896,431.963837137472,429.61977470154915,431.3450012207031,48433600,0.028887877932124207,0.23502349277089954,117.43427770161999,-0.14386404574289602,421.7920409719227,416.59720027182215,418.9491256713867,92.07014576038577,0.005638297980001727,3.5154120706963607,431.3450012207031,401.903564453125,1.4475683814472937
2021-11-02,431.513786097975,433.398421537022,431.38250486096626,433.0889892578125,48908400,0.032167894717206005,0.2635048499389349,122.63225064555434,-0.11470205159442448,422.8679408086741,417.24393709480216,420.29930572509767,92.14520618551408,0.0054062491304757146,3.360037163534502,433.0889892578125,401.903564453125,1.3819249096057744
2021-11-03,432.52643344894864,436.1362956921223,432.0857485213813,435.7331237792969,52509800,0.03632885305317705,0.2832470086175083,120.24500856050034,-0.11618828452085284,424.09319632968584,417.96900323929214,421.6973114013672,90.84569232278801,0.005441129951747911,3.1483985475237017,435.7331237792969,401.903564453125,1.403010324626191
2021-11-04,436.33313266603705,437.87085131761023,435.9862160130472,437.7864685058594,52847100,0.03953619514138126,0.2966691769502919,122.76178461184087,-0.17143021768243272,425.39731748932144,418.74615873994185,423.0217010498047,90.43053941576531,0.005308537808350105,3.0492757294043673,437.7864685058594,401.903564453125,1.436449824567691
2021-11-05,440.0086692059953,441.2932109079652,437.7958878886841,439.3054504394531,66390600,0.041027644038274864,0.30726236118628164,125.9670779235821,-0.1560691730811552,426.72190157981015,419.55240547325604,424.4595474243164,90.53962310349135,0.0051784547369422024,3.0131120659590636,439.3054504394531,401.903564453125,1.4385039269637465
2021-11-08,440.4025010820848,440.8994412181432,438.9960634954237,439.6805114746094,50405200,0.04294977307608228,0.31833392640315894,139.99647936762898,-0.17127105318014668,427.95605490312437,420.3417429635052,426.064762878418,89.29965633912349,0.00458519653954885,2.9133237429859946,439.6805114746094,401.903564453125,1.34449759001319
2021-11-09,440.0461982673925,440.2806045314554,436.8207657847632,438.2272033691406,51149100,0.03342744958794496,0.32339850361365263,127.24857589038126,-0.1010563196597708,428.93425951893545,421.0431335676478,427.64747467041013,82.47308988676784,0.004649363406631586,3.02048417386765,439.6805114746094,401.903564453125,1.0754637690787137
2021-11-10,436.53939698466087,438.2271390064617,433.2202253751318,434.70166015625,69429700,0.01630385666023115,0.31968398246736246,93.35217604155005,0.019360681807081725,429.48353577010823,421.5787620613185,428.98077697753905,69.56679649353173,0.005347935908195737,3.2093536900041864,439.6805114746094,401.903564453125,0.5761329065692999
2021-11-11,436.19262034933746,436.2676463907656,434.823695540809,434.8424377441406,34848500,0.018763003084152064,0.3105673618929163,118.20944033535676,0.009670937248674738,429.99390738668274,422.09890620574294,429.9779449462891,71.03912904818732,0.004304307291737069,3.078765083637344,439.6805114746094,401.903564453125,0.19129497379195826
2021-11-12,436.1081050332003,438.6771881976893,435.161094692695,438.1239929199219,53466700,0.02839678009390537,0.2960963677552418,120.08875632694223,0.03467814297528826,430.7682012469912,422.727340978848,430.98120269775393,72.2136061522441,0.004299885321387173,3.117601196982958,439.6805114746094,401.903564453125,0.09839391991448831
2021-11-15,439.40862530276064,439.56800554034606,437.1489454567353,438.2740783691406,46980500,0.02600705757274302,0.28643536476572456,118.88792214853659,0.061845089216119975,431.48304668719595,423.33701695493795,431.9300811767578,71.94796880021325,0.004320297984632605,3.093498509786404,439.6805114746094,401.903564453125,-0.006724069181198722
2021-11-16,438.01155150607127,441.1432158474995,437.93655408966225,440.0086975097656,48857500,0.03064209295256168,0.2715441611468305,136.6003064835639,0.026833045775883857,432.2950134322026,423.99080834924496,432.80395050048827,79.545363363273,0.004147227170885326,3.101532963970373,440.0086975097656,401.903564453125,-0.012852373963013974
2021-11-17,439.7461325975495,439.9242836397509,438.3209528739824,438.9397888183594,47858300,0.023288547143163644,0.2520307603534944,120.0941644564868,-0.08910459959595862,432.92784918326515,424.57704287744554,433.54139709472656,71.6108117090557,0.004237304031311812,2.923385514494551,440.0086975097656,401.903564453125,-0.1354999100304557
2021-11-18,439.97114731825366,440.6931368836619,437.25204053194824,440.43060302734375,50625600,0.026110259332980668,0.23083579808273608,120.78131191200438,-0.0576464277905403,433.64239716841547,425.198751118618,434.29806060791014,72.41221378296507,0.0042496551328010754,2.901285274559407,440.43060302734375,401.903564453125,-0.1610856891818191
2021-11-19,440.31809847431913,441.5651558500262,439.2773483740664,439.6430358886719,57315600,0.020644792091436822,0.20168616657677774,113.7401276240156,-0.0706742523908156,434.21388657034464,425.76519365862015,435.0373794555664,68.88604886993485,0.004278908302209563,2.8972670631334756,440.43060302734375,401.903564453125,-0.2695276186984543
2021-11-22,441.518225650883,444.00292604113224,438.1990253218852,438.4053039550781,72762000,0.014278869572817942,0.16135942580861268,102.0898833907418,0.02316471479536375,434.6130691784145,426.26088425848127,435.60088806152345,62.38516325622333,0.00430322899154889,3.165158520485489,440.43060302734375,401.903564453125,-0.4523316305186942
2021-11-23,438.0771968516729,439.8399366037772,435.47998564656854,438.9866943359375,73206500,0.014835884892672775,0.14294136071607982,95.22749086331265,0.027639824555450776,435.0296049077024,426.7599356340678,436.174250793457,58.38562567544822,0.004302136099085273,3.1872587909474612,440.43060302734375,401.903564453125,-0.5550383749347434
2021-11-24,436.98951426235885,440.2805872370219,436.1737850737095,440.15869140625,61858800,0.018201257172345466,0.11605504123940416,96.34991704031373,0.1383743135987947,435.51808933613546,427.28537703689847,436.9009124755859,56.40506320769797,0.004089201132866572,3.327906978447394,440.43060302734375,401.903564453125,-0.5632014627414419
2021-11-26,433.501527426756,434.96422009835896,429.2165744244368,430.34173583984375,112669600,-0.011791069338278407,0.10732118403501882,36.45706197595131,0.3301019367350002,435.02510328886956,427.4052342448571,436.93138580322267,33.28682613401129,0.006402605309924625,3.859005162712204,440.43060302734375,401.903564453125,-1.2116841306695134
2021-11-29,435.1236348523177,437.4583119148909,432.92959581507233,435.6205749511719,86268800,0.001254081400733405,0.11393106884546104,44.1561741849786,0.4604716725756024,435.08181487575547,427.7274044686342,437.1822021484375,43.600370981831894,0.006951458387119962,4.231376473592751,440.43060302734375,401.903564453125,-1.2613721503099695
2021-11-30,433.18277789277585,435.0861556207731,426.9006785426518,427.14447021484375,148559600,-0.014162201108810387,0.15612105178730482,30.575216732491022,0.4555652894447646,434.325877289002,427.7045443018189,436.97217559814453,35.69707457974505,0.008261703233113751,4.607094878009024,440.43060302734375,401.903564453125,-1.8080760169094017
2021-12-01,432.8452422514508,435.68624501124225,422.2031922004538,422.4000854492187,131939200,-0.020837623446921416,0.19100964776940052,28.952462452788154,0.635426909260725,433.190087589975,427.49652630759925,436.43773040771487,34.608305981216716,0.008518010250803263,5.212528793493282,440.43060302734375,401.903564453125,-2.3953700459825016
2021-12-02,422.6156566962603,430.4354444700302,422.2218416711752,428.8695983886719,127637800,-0.007079485213867654,0.2273241562021741,34.13293626134208,0.7089896397111255,432.77861242794614,427.5503722715629,436.0945541381836,43.5485210759695,0.009159416390416803,5.687358548088952,440.43060302734375,401.903564453125,-2.2562139923739086
2021-12-03,430.5292831950463,431.5887754076615,420.91862695944747,425.137939453125,137331600,-0.012519864537325743,0.2559152756820078,28.253779239810573,0.6003091474625692,432.050929287487,427.4557670629967,435.4621276855469,36.10837068546192,0.009228950426498303,6.17560126199362,440.43060302734375,401.903564453125,-2.3149004800831054
2021-12-06,427.6788574056175,432.0481929467622,425.2691545047344,430.1729431152344,98977500,-0.0029677395587262424,0.2830214861160552,31.797455434072486,0.5352925535754323,431.87207346155816,427.5623229866139,435.00550231933596,42.153938370740306,0.00964328173167696,6.496400791281222,440.43060302734375,401.903564453125,-1.929770344272261
2021-12-07,435.4424103932935,439.633595102183,430.0416814760553,439.0710144042969,95484700,0.010260519181083423,0.31558728311324946,33.52722642614792,0.5090833582852916,432.5576868846761,428.0136442186799,434.9750274658203,49.202500420474294,0.010795260643105589,6.952490210444823,440.43060302734375,401.903564453125,-1.0357234170237157
2021-12-08,439.4648728181905,440.68377393878586,437.71148993714627,440.2337036132813,72238800,0.011022299677740027,0.3390188818423506,35.13900284582318,0.3514060643818264,433.28873609692425,428.4928622341545,435.07535247802736,51.09872197998521,0.010781796833271533,7.044243022291705,440.43060302734375,401.903564453125,-0.3608581114424154
2021-12-09,438.9492189926391,440.33691454965947,437.064611852568,437.2615051269531,61272600,0.005769230833591724,0.35813612343885287,32.975859246329996,0.23645911774610484,433.6670950521651,428.8367305828917,435.2033447265625,47.3750145979977,0.010732972417919597,7.032186332675833,440.43060302734375,401.903564453125,-0.12180555878228816
2021-12-10,439.9617996675269,441.52761743144606,437.41145846142433,441.3775939941406,77159800,0.01106346718277533,0.36798683866065973,35.38382568751646,0.16158630003784213,434.4014282847342,429.3285291480387,435.5301025390625,51.36166318492822,0.010922642188186326,7.173493820428198,441.3775939941406,401.903564453125,0.28419203249372615
2021-12-13,440.8619411504924,441.2088578538092,437.1864382259011,437.4677429199219,87724700,0.004389931383910802,0.3726669127225159,33.90631694409977,0.08649357994845142,434.69345824999016,429.64771400183804,435.4972900390625,49.293630210057756,0.011005224624920007,7.058297752499088,441.3775939941406,401.903564453125,0.26070000696774276
2021-12-14,434.204645805813,436.6893456920334,431.5417949264262,434.4577941894531,97264100,-0.0003360026576532754,0.3727767995757699,31.994111184814027,0.031307411679721175,434.67101405374854,429.8363445974308,435.3064758300781,46.708327806659426,0.011110800514998118,7.17015468366245,441.3775939941406,406.08538818359375,0.02607917821579009
2021-12-15,434.5141971486355,441.4901009370347,432.00134036114184,441.246337890625,116899300,0.008982645157803523,0.3695027928839347,33.3434724173225,0.07244742418090522,435.2972353715463,430.28379531481096,435.3683578491211,50.73084844860806,0.011643971688298865,7.5545802845610535,441.3775939941406,406.5729675292969,0.2966835735820794
2021-12-16,443.0934545318682,443.3747305871484,435.8080899456226,437.3551940917969,116568600,0.0027873273265033075,0.36163378699010906,35.93450028764466,0.040000148702049154,435.4932314401416,430.5611050707712,435.289128112793,55.12050568494507,0.01180655831277028,7.313474831683384,441.3775939941406,406.5729675292969,0.18753891359907016
2021-12-17,434.2812071966068,437.2827414785998,430.9974086651927,432.7004699707031,135511600,-0.003743831607985238,0.3481643689260268,30.855454578513836,0.011958144994739017,435.22725415733794,430.64500173351365,434.9026214599609,47.84843189121952,0.012002554921306068,7.259275499651742,441.3775939941406,406.5729675292969,-0.20306090530928045
2021-12-20,427.62893618734074,428.4945657060667,424.4862697414786,428.0993957519531,107134800,-0.009474364333604374,0.3283742109123547,32.396530642555604,0.02335642349889744,434.54841049968223,430.5451740479623,434.325439453125,50.746211707494346,0.012201552777153759,7.223154343987773,441.3775939941406,406.5729675292969,-0.7457088488868706
2021-12-21,431.51492459595994,435.84315849906136,429.35082200169626,435.7020263671875,69806300,0.001460429883259662,0.3042020041789465,36.46054641994509,-0.04978269586720019,434.6582786775399,430.747403550677,434.19027557373045,59.95011678680156,0.012910154518508979,6.813205053724902,441.3775939941406,406.5729675292969,-0.5746995557266985
2021-12-22,435.44797367017134,440.1713773813337,435.2503599777173,440.0584716796875,58890200,0.006782080927815282,0.26860027263436875,35.423786822646534,-0.12926726107079367,435.17258277298254,431.1125434773049,434.24386444091795,58.64271654703391,0.01310928701705894,6.578020382636429,441.3775939941406,408.0356140136719,-0.1712024279468689
2021-12-23,441.0558332086626,444.2925972471357,440.9523458894644,442.7965393066406,56439700,0.009602506087117673,0.2085759212170126,38.74676984975051,-0.16342031614355879,435.8986738714262,431.5707393921808,434.3757568359375,63.85281996746972,0.013168390983154997,6.118304462581725,442.7965393066406,414.8990783691406,0.2539707062468075
2021-12-27,444.17028879957417,449.11011430535285,444.1232543282057,449.0630798339844,56808600,0.017699525955981857,0.17623048148054107,41.925151877883415,-0.1630453245122656,437.15242682024126,432.2567135271535,435.3118240356445,64.53802765032371,0.01236151513965913,6.075684570087085,449.0630798339844,418.058837890625,0.8950417098012877
2021-12-28,449.49583182545905,450.5214301033936,447.9339028188725,448.696044921875,47274600,0.01583024956530792,0.1424968675043438,38.877045765919775,-0.22812513834582338,438.25181902039685,432.90139318969165,435.96559753417966,58.52723720575105,0.012145271869634598,5.575371259972327,449.0630798339844,419.2965087890625,1.2124480454993976
2021-12-29,448.79952954031546,450.286168841712,447.8021577539653,449.2699890136719,54503000,0.016564080950161094,0.12725958515910657,42.40212066103672,-0.18680054694132442,439.3011685435659,433.5432989082791,437.0718734741211,58.09003652935594,0.011097444143088886,5.540494623265695,449.2699890136719,422.4000854492187,1.367636340587294
2021-12-30,449.6934621372565,450.70025247373695,447.56700448030426,448.0280456542969,55329000,0.013613467993547491,0.11596482078948785,45.49130274147358,-0.1592360888647304,440.13229969696886,434.11132819243664,438.353271484375,59.94728585300716,0.01070549452873594,5.530562144432927,449.2699890136719,422.4000854492187,1.2940114688872635
2021-12-31,447.5387725895835,448.68666632067624,446.6260799179109,446.89892578125,65237400,0.010914846227863885,0.11626303776290055,43.53447419248797,-0.12181150629490367,440.7767402764242,434.6128026076842,439.2547378540039,55.39920057822892,0.01036328851835452,5.373024580023814,449.2699890136719,422.4000854492187,1.0850812919580566
2022-01-03,448.15972040589463,449.6181621243115,445.8544860219246,449.4864196777344,72668200,0.014467529414087405,0.12054093773491488,50.319786326260036,-0.12067681319726209,441.60623355273947,435.1960817084705,440.4721618652344,62.064847775606104,0.010069922116301162,5.342490318177198,449.4864196777344,422.4000854492187,1.0370093244562852
2022-01-04,450.9071932731494,451.6223008842784,447.48223441413006,449.3358459472656,71178700,0.013113308243024185,0.13068790018495124,54.6135461781669,-0.06464931050175504,442.3423871141229,435.7505822668546,441.43030700683596,65.84481362216384,0.00986269931096314,5.214927352223815,449.4864196777344,422.4000854492187,0.9151795449110578
2022-01-05,448.9688781043653,449.7404385150584,440.613513448486,440.7076110839844,104538900,-0.002751657274597875,0.14201975369429473,40.67759842002211,-0.06342622607900683,442.1866941588716,435.9449755538009,441.5121368408203,49.44790103564296,0.009966247006525335,5.189081958700923,449.4864196777344,422.4000854492187,0.21039590862261726
2022-01-06,440.2466667010779,443.0035528678846,437.9319849605687,440.293701171875,86858900,-0.003210999767986775,0.1522135524000188,44.120897439586464,-0.09396868766227062,442.006409112491,436.1155138133332,441.51513671875,53.24254516677611,0.009952769817191728,5.010862477685931,449.4864196777344,422.4000854492187,-0.2990864951770149
2022-01-07,440.30313360714865,441.4792825603523,437.1980831419466,438.5530090332031,85111600,-0.0059422268835211366,0.16208234978312624,47.796983459066965,-0.0950097411148999,441.67751386684455,436.21110186117124,441.5797119140625,56.90195265488509,0.009871412106486788,4.862534905671757,449.4864196777344,422.4000854492187,-0.7434404240518862
2022-01-10,435.36325245373706,438.2236256684671,429.62364055153137,438.0072326660156,119362000,-0.00651808032293917,0.17297911864961305,54.50516422885355,-0.08027566553426957,441.32796327628944,436.281538363322,441.41119384765625,62.92020719450113,0.009632287947572338,4.913618352275132,449.4864196777344,422.4000854492187,-1.0457281352765815
2022-01-11,437.74385119355054,442.0908933175215,434.7517063046283,441.9967956542969,74303100,0.0011956943936920477,0.18247587456143358,51.51163773359878,-0.06331962928256718,441.3916615980044,436.505666100223,441.637646484375,59.06261011536795,0.009633768131481289,4.884720085545483,449.4864196777344,422.4000854492187,-0.9513068839932588
2022-01-12,443.72804221308974,445.2429369205549,441.2346123000405,443.1917114257813,67605400,0.003298357621609177,0.1920125404170462,49.15184679654693,-0.07121764846784162,441.56309491493556,436.76786395612726,442.07434234619143,54.962713188336664,0.009481391084249701,4.819527743895342,449.4864196777344,422.4000854492187,-0.7893654943079618
2022-01-13,444.2925567024861,444.9417931268879,436.0595152339108,437.0851135253906,91173100,-0.008380165621872344,0.1989409621479252,38.164094970200594,0.028074238163745546,441.13662049688367,436.7803051157062,441.8662811279297,41.82595296621054,0.009379636456091356,5.151538624290262,449.4864196777344,422.4000854492187,-1.05775944643556
2022-01-14,433.9425030975037,437.6120820227763,432.7287093594842,437.2639465332031,95890900,-0.0074839249418590745,0.2049275538810491,27.81957165575874,0.03842572085759177,440.76779440510455,436.79927144580415,441.86171875,29.549926373514865,0.009169994806528303,5.0493813146173965,449.4864196777344,422.4000854492187,-1.178277234969976
2022-01-18,432.578128611285,432.7851319574491,428.4098639787604,429.5201416015625,109709100,-0.02076117274630007,0.20395133778775307,21.109463042171175,0.11872595941050945,439.6965893761958,436.51381537348095,441.702702331543,23.532518866350998,0.009722381850611238,5.496992405326084,449.4864196777344,422.4000854492187,-1.7027100797899442
2022-01-19,431.0632487949444,432.455790611051,424.7873060995941,425.0601806640625,109357600,-0.02742258886878393,0.20001152042260287,17.991062620615054,0.2011562244791114,438.30264568932597,436.0646532280136,441.5507415771484,19.82180069402027,0.009708590895047492,5.867311935591094,449.4864196777344,422.4000854492187,-2.239369347702728
2022-01-20,426.9419932565545,431.6371698449728,418.2384925675779,420.3555603027344,122379700,-0.03678558413675765,0.19088031920765033,18.047179293934846,0.36954432782467883,436.5933994620315,435.44861036819873,440.7834182739258,18.24663336685734,0.00899853700241156,6.6005568844455365,449.4864196777344,420.3555603027344,-2.7660689522719117
2022-01-21,419.2359139440063,421.5882117054816,412.0755333410702,412.103759765625,202271200,-0.04886430961973761,0.17193315603693393,15.019543445149832,0.3846055882776118,434.2610528242785,434.53312603084294,439.3856826782227,15.683059319830178,0.009392406962280848,7.1328491674202565,449.4864196777344,412.103759765625,-3.4789838905049377
2022-01-24,406.5053054589265,414.36198622480896,395.90115681307793,413.8538818359375,251783900,-0.041681311476231706,0.1463337800967704,13.923848680451114,0.6205244410212316,432.3175127301508,433.7221752781016,437.9385498046875,14.26698486283155,0.00929764735581831,8.182645832373408,449.4864196777344,412.103759765625,-3.6250141706864745
2022-01-25,407.47441758472695,413.7409421509055,401.9135823339121,408.8011169433594,167997300,-0.05314865571343416,0.1340500488443896,13.955245901943243,0.5899249426254016,430.0778559885516,432.7448788728176,435.9254516601562,12.98982182623105,0.008524859077507213,8.739805334650343,449.4864196777344,408.8011169433594,-3.8339591936187767
2022-01-26,414.6819173184066,417.80577600170864,403.52260050405795,407.7755737304687,186391100,-0.05130950268636006,0.11924412992875362,16.414463457212907,0.5523478275665668,427.95382910682946,431.7656904358627,433.8794281005859,15.083967351386804,0.00849315819430235,9.108108936870224,449.4864196777344,407.7755737304687,-3.8056384672728045
2022-01-27,412.36717163695266,415.5004192840026,404.0776775137982,405.7619018554687,149878300,-0.05249329411470745,0.11733313278925625,16.242345514607337,0.44862992323018824,425.8403122257475,430.7459340209453,431.70402374267576,14.589065445596432,0.008374375744595207,9.561764212790829,449.4864196777344,405.7619018554687,-3.684475028052126
2022-01-28,407.1168944257264,415.88626787051186,402.5440411004624,415.8392333984375,164457400,-0.018788697646471415,0.10722210029702717,26.56345838755249,0.4312626290801329,424.8878285279084,430.161357525945,430.09458312988284,30.108894173335997,0.010716709696310426,10.208980452193954,449.4864196777344,405.7619018554687,-2.731453907533062
2022-01-31,415.17104738454265,423.6769623039199,413.825540245353,423.3288269042969,152251400,-0.0027114429669089857,0.1037462626250873,31.466482063936738,0.2556869296873767,424.7393521828026,429.8934151486255,428.9160781860352,38.53950136149152,0.011764397057111096,10.274841421972175,449.4864196777344,405.7619018554687,-1.4659173101966951
2022-02-01,424.05336552481776,426.82908804425705,420.5343376742569,426.1892700195313,123155400,0.0025522188301787515,0.1022889269879908,30.94553038398481,0.16710137286264382,424.87743959582434,429.7481545553277,427.751220703125,37.43639746099208,0.011802795669596935,10.200238804622675,449.4864196777344,405.7619018554687,-0.36292402737045126
2022-02-02,428.5886396673794,431.05384305532795,426.2833764423959,430.329345703125,117361000,0.009488981159217319,0.1032348510858562,32.925169239121104,0.12662238416752425,425.3966687489006,429.77094636504523,426.80089569091797,40.23435291588002,0.012113719471992114,10.261399405714267,449.4864196777344,405.7619018554687,0.6628598627405289
2022-02-03,424.30741975423217,426.2080657307745,419.3769848400867,420.21441650390625,118024400,-0.008918952492455804,0.10459978595964507,30.654021929130142,0.08863408920707538,424.903120916044,429.3961804881378,425.77623596191404,37.92595685905702,0.012466720345103044,10.409262475004352,449.4864196777344,405.7619018554687,0.6752452137044855
2022-02-04,419.9792032496543,426.0293055549054,417.6080689818472,422.19036865234375,118454400,-0.004711968133790923,0.10573370815960818,32.18771176907532,0.04437138359848092,424.6447635575963,429.1135996318322,424.8710693359375,39.48266206735019,0.012562682031498048,10.661967039987644,449.4864196777344,405.7619018554687,0.8218755132338522
2022-02-07,422.95254768054906,424.3450895509773,419.50878037886775,420.8354797363281,84472900,-0.006734422386597442,0.10647164912131998,35.936794496767206,0.009746311488323833,424.28197462223744,428.7889674790673,423.9851928710938,43.34729895835234,0.012557761003276716,10.374983226963849,449.4864196777344,405.7619018554687,0.8305216273464255
2022-02-08,420.3368037778956,425.2201762493433,418.91600673505786,424.2980651855469,81012000,2.832855583927083e-05,0.10862159876548289,40.79103565408373,0.007577602112571524,424.28350705683835,428.6128536636351,423.2997344970703,49.40713845844129,0.012764086069939472,10.277532155737317,449.4864196777344,405.7619018554687,1.0577757163536017
2022-02-09,428.3251481874259,430.82799617234946,428.1275632375704,430.5080871582031,92589900,0.010817541353704047,0.11152294308804091,47.10325941356475,-0.046240475227484645,424.87632420934926,428.68717654577506,422.7252990722656,57.717064027799026,0.01306248933491226,9.78690742069501,449.4864196777344,405.7619018554687,1.58306010960864
2022-02-10,424.6743887666591,430.6680383540824,420.778998939607,422.7737426757813,140103700,-0.0035609034418420155,0.11628393249730304,46.2450187326237,-0.0572059858795777,424.67607834900946,428.45527717832437,421.70440063476565,58.17469513877398,0.013543284220059725,9.813790352842435,449.4864196777344,405.7619018554687,1.3741028430836555
2022-02-11,422.85849404433793,424.92849902096657,413.0070690365457,414.437255859375,153214600,-0.017139368040951987,0.12133470637028436,39.51408583840629,-0.12336153744481237,423.7009523976157,427.9055508520911,420.57200775146487,50.40597433841219,0.01387016543282986,9.346690393748853,449.4864196777344,405.7619018554687,0.6743318386576282
2022-02-14,413.9291866765783,415.5099240394694,409.619760664808,413.0823364257813,123006300,-0.017993718479778296,0.12399192933531007,42.069753278730836,-0.14076605058458336,422.6896556383934,427.32424832556916,419.36292724609376,53.140990477640514,0.013853025083310122,8.914537813222852,449.4864196777344,405.7619018554687,0.14762182581926542
2022-02-15,417.5139841588956,419.91331604233613,416.9964614975675,419.7439575195313,88482700,-0.004987156374488682,0.12709995818572367,45.93200230090514,-0.18441139561397524,422.4091129604065,427.02698201945003,418.8741180419922,58.1101045226996,0.013995223309001107,8.382238107430291,449.4864196777344,405.7619018554687,0.2682545273323691
2022-02-16,417.7021502270157,421.5881501559702,415.8297306709073,420.21441650390625,84863600,-0.0037911780473346706,0.12843101797489515,48.36753397612137,-0.18486572769428644,422.20009425026365,426.7598225874679,418.6318298339844,60.002619039572885,0.013827146092431058,7.9776436584916155,449.4864196777344,405.7619018554687,0.3925884270723108
2022-02-17,417.0341632264874,420.186247943638,410.635924854165,411.2380981445313,102259100,-0.0183200372916651,0.1273064568402299,36.38129367077372,-0.21449254992698097,421.1560946211463,426.15112751127435,418.1759567260742,46.76626049565849,0.014420719272973212,7.708805435612455,449.4864196777344,405.7619018554687,-0.09104167144120145
2022-02-18,411.4921744012356,412.7436129970205,406.3077292195654,408.5753479003906,132642900,-0.02213152125564984,0.12465581436959512,31.744008598202733,-0.2013388588836117,419.9579282667886,425.461881252024,417.9995361328125,38.87634627314041,0.013813282747991935,7.464838415533044,449.4864196777344,405.7619018554687,-0.5272544670622303
2022-02-22,406.37352124987865,409.77022506154026,400.6997521061171,404.1905822753906,124391800,-0.027707903881069588,0.12007882124601829,27.46011961550214,-0.14038119810034144,418.45627626760785,424.62771266470503,417.51637115478513,33.786372827526876,0.01395686867267993,7.6631043144918305,449.4864196777344,404.1905822753906,-1.0195732993835533
2022-02-23,407.0981107701267,407.6626680417125,396.4563167518518,397.0208740234375,132578000,-0.03731577013921035,0.10480407627645069,21.232547521857278,-0.03175161914071134,416.41480938721065,423.5450915415181,416.92735900878904,26.500219613652177,0.014240637827555093,8.116088475496408,449.4864196777344,397.0208740234375,-1.6966548603760891
2022-02-24,386.7365552102814,403.42847944353576,386.3790300752348,402.9956359863281,213942900,-0.02284717907728732,0.08253156224688193,28.98112907876485,0.07194494557278674,415.1367928728409,422.7392305393538,416.68836212158203,37.09809086730736,0.014700160092212844,8.551594797300883,449.4864196777344,397.0208740234375,-1.6113319851424333
2022-02-25,404.2282639234101,411.9720388972426,402.5816554040874,411.8873596191406,121804500,-0.00529475423273649,0.04086150506383981,32.128468336877816,0.11830810224916477,414.82732303915515,422.3136669738553,416.9946350097656,43.004983816168576,0.015488638135897454,8.620819577307811,449.4864196777344,397.0208740234375,-0.862795314866518
2022-02-28,406.5052626502716,412.3107459178309,405.25385292778066,410.83349609375,145615000,-0.007024066555524289,0.03222263342063932,34.788173803272244,0.17610485565129297,414.4469585681642,421.8634641942433,416.7443481445313,43.18148814965129,0.014432398393121458,8.779432707160717,449.4864196777344,397.0208740234375,-0.37054626828190784
2022-03-01,409.3374953713261,411.3416578546236,401.8759843184385,404.5764465332031,137785900,-0.0178820888066263,0.033020499194474286,30.676257809882298,0.175144439307801,413.5069098029298,421.18554193302606,415.8067291259766,37.048902648425816,0.014097881049582569,9.005254423010692,449.4864196777344,397.0208740234375,-0.39594847480872897
2022-03-02,406.8251817399771,413.740942784039,406.0724579549326,412.0190734863281,117726500,-0.002595737819795517,0.03201854502526547,30.330546560538007,0.13274241451558666,413.36521110611056,420.8260725821752,415.0982192993164,38.051777576355654,0.014712532041807279,9.193437656155927,449.4864196777344,397.0208740234375,0.13071096425328932
2022-03-03,414.446680076633,415.0488534314616,408.17073639481583,409.9678955078125,105501700,-0.006048938166913956,0.03172951127902125,33.381844266605455,0.0499061268500538,413.04165723960597,420.4002617165139,414.0801467895508,41.06837570453109,0.014483611526184648,8.978371772025241,449.4864196777344,397.0208740234375,0.3696132212943155
2022-03-04,406.2417947777143,407.76607902539786,402.600442693899,406.6369934082031,113978200,-0.012101925684415732,0.037147888321565535,38.02930829373716,0.003743044477429791,412.43168925566283,419.8605257044233,413.4012756347656,44.15120520883436,0.013685977611116996,8.653087688417571,449.4864196777344,397.0208740234375,0.3331197733105684
2022-03-07,406.05365494553234,406.75934432063025,394.58384800510765,394.6497192382813,137896600,-0.03100131960115363,0.037171039276839506,30.138573130911414,0.036745806356301536,410.7381683016265,418.8718666273197,412.0242431640625,38.079533980827776,0.014940594597705567,9.102040041336226,449.4864196777344,394.6497192382813,-0.4272620104458289
2022-03-08,394.8284856869652,401.9700585274635,390.59434954887394,391.6575927734375,164772700,-0.03344530957600459,0.036148905725769245,24.504628154886323,0.04679591762653046,408.92097063227516,417.8046402016773,410.56534881591796,30.931379536684602,0.014971756148579218,9.426663567195849,449.4864196777344,391.6575927734375,-1.0264793806602128
2022-03-09,400.02232727972273,404.13413881650297,397.8393882545467,402.158203125,116990800,-0.011005359957177137,0.043030655785807614,28.794113639924888,0.0775653374096581,408.27689753634417,417.19105443396444,409.45835571289064,39.21059388362163,0.016257932483642906,9.906529749910318,449.4864196777344,391.6575927734375,-0.6298555577600098
2022-03-10,397.55723474920825,401.2362328657144,395.6001351291033,400.3423767089844,93972700,-0.01343529596092007,0.04409215850311701,32.70374554328318,0.07934773133382933,407.52122888611945,416.5303219741613,407.9500701904297,42.88002507928009,0.01574840742385414,9.690785203207136,449.4864196777344,391.6575927734375,-0.4144200966937426
2022-03-11,402.8262793371944,403.4378710075181,394.7437877372273,395.25189208984375,95636300,-0.021274582472503977,0.04440926603204195,32.366690895286865,0.13856296408141522,406.3527206198075,415.6958737434038,406.5739776611328,41.56133386371816,0.015537066970730826,9.852085166981112,449.4864196777344,391.6575927734375,-0.5318799625782589
2022-03-14,396.02350128864606,399.46724033893065,391.2248075600843,392.3633117675781,95729200,-0.025246377850067406,0.04457862432474575,34.22487387361618,0.07590599421765654,405.0203959672142,414.7808713129793,405.470280456543,42.364253081637685,0.015085810896990718,9.79293944008277,449.4864196777344,391.6575927734375,-0.7101020796788244
2022-03-15,394.969610741959,401.6219158468352,393.6993928949382,400.9915161132813,106219100,-0.006902160730192753,0.045731558558201296,40.23685601656395,0.02409665631008484,404.6366931239825,414.24011228554014,404.865739440918,52.516083519043825,0.01605524928581652,9.653814639325365,449.4864196777344,391.6575927734375,-0.1804733423253575
2022-03-16,404.49170046381727,409.939601038674,399.7023972745846,409.8831481933594,144954800,0.008850383915142028,0.047802816113928545,40.94804138624149,-0.07462795761765506,405.1363555115422,414.0692509485919,404.37269897460936,54.20883458043687,0.016453951839230256,9.167225667595972,449.3358459472656,391.6575927734375,0.7822812615136963
2022-03-17,407.9731146505722,415.0111999511719,407.5967527483876,415.0111999511719,102676900,0.01652765814989519,0.04966348544837698,39.063066922569426,-0.06859071046650056,406.076816886745,414.10619012516366,404.11253814697267,52.000963321080704,0.016728229175511724,9.026087361140908,443.1917114257813,391.6575927734375,1.7240756992223574
2022-03-18,413.4028311487186,419.8775739934096,412.666635478276,419.5566711425781,106345500,0.023514795641874236,0.04952718947774426,43.47158629401954,-0.08272305204790154,407.3606125301577,414.3199344787878,404.528466796875,55.348358730963,0.016157061576375278,9.037090612932575,443.1917114257813,391.6575927734375,2.5622538422033507
2022-03-21,419.3868421211315,421.3877829881189,415.9323761926658,419.4340515136719,88349800,0.021328707136011676,0.048591124764413594,47.73864684664588,-0.10643346238025808,408.510463861921,414.52048808799896,405.07140197753904,59.85048668308502,0.016062858582297324,8.750642988594576,443.1917114257813,391.6575927734375,2.9878020703134127
2022-03-22,420.8214687288552,425.27640505720075,420.8214687288552,424.3420104980469,74650400,0.028325833747936555,0.0484697512244229,47.39621166960821,-0.11813646739702421,410.0182302082187,414.9056458295695,406.0789733886719,58.454158469986545,0.015951424096831035,8.513347080929789,443.1917114257813,391.6575927734375,3.446643889911859
2022-03-23,421.8125617688907,423.3038199151543,418.79225491588033,418.877197265625,79426100,0.016262127505566902,0.050786016514081496,46.54698934248388,-0.08167809704381057,410.8619413565431,415.0613929447089,407.1717895507812,55.83875328997368,0.01566034274552057,8.418464119895557,443.1917114257813,391.6575927734375,3.2324785524694146
2022-03-24,420.89699675804104,425.2009149244502,419.7832698649305,425.19146728515625,64736900,0.026457522573591352,0.053642374502952055,51.90623803340758,-0.0755782350678309,412.22665811164916,415.4586507619814,408.28158111572264,61.70216943011704,0.01566138480389188,8.343911608817823,443.1917114257813,391.6575927734375,3.3520583707583897
2022-03-25,425.8238364518409,427.5416361124458,423.2471369609336,427.2679138183594,77101300,0.029125157779952546,0.05833124458553368,65.07985234900413,-0.138994663965754,413.65915865514535,415.9217591171335,409.0506088256836,73.51128740121621,0.015006666148818053,7.780983239959942,437.2639465332031,391.6575927734375,3.396466601622959
2022-03-28,426.6733001787727,430.3070983886719,424.7856157896072,430.3070983886719,68529800,0.03237849301171826,0.0654187084028851,69.48123739730471,-0.1585962057362429,415.24467672500504,416.48589006895855,410.0242889404297,77.83978724704482,0.015009848390297443,7.362824212851019,437.2639465332031,391.6575927734375,3.445129242939559
2022-03-29,434.18632404591193,436.1212180412611,431.50581537302486,435.6304016113281,86581500,0.04100095498511284,0.07514962809006791,70.53163865019017,-0.19104242455258513,417.1861743332263,417.23665522748286,411.5769866943359,76.05373713782944,0.014563349613933848,6.886936613531288,435.6304016113281,391.6575927734375,3.6318224600891775
2022-03-30,434.4883465478909,435.3000658769964,430.8356815763662,432.9404602050781,79666900,0.03236793480867004,0.08600000120968186,71.33812155107817,-0.19688638076251452,418.6865825114979,417.85249071680033,412.62305603027346,75.03271533533687,0.014301737484466195,6.7609831877502335,435.6304016113281,391.6575927734375,3.375579591290462
2022-03-31,432.1759304126346,432.997068540125,425.8238618663555,426.27691650390625,121699900,0.015183445257790001,0.09243968224995525,67.93543560605298,-0.20273015139429518,419.4094714631558,418.1828603555104,413.4385070800781,73.26271267885893,0.0147730284587573,6.652349145141569,435.6304016113281,391.6575927734375,2.593865995420471
2022-04-01,427.85312988784034,427.9947004651948,423.9173238184881,427.4850463867187,89048800,0.016473934568277924,0.0989089176768736,72.96257067515626,-0.18328507596994426,420.17857383682843,418.5476519645774,414.4809097290039,77.01523494662297,0.014577481089020388,6.3548451357030205,435.6304016113281,391.6575927734375,2.0202161194742176
2022-04-04,427.68314952394616,431.25087129409127,426.862011555196,431.14703369140625,59601000,0.026135010904616673,0.12071026994290404,83.32506814324056,-0.18414373607290202,421.2231890610739,419.04174536562954,416.30577545166017,75.11396306823956,0.012505601218244787,6.0070062542486085,435.6304016113281,391.6575927734375,1.7590431935423827
2022-04-05,429.65578083151576,432.1191947658274,424.55903950236103,425.7010803222656,74214500,0.010458462325253144,0.13485630998511802,69.63464782706966,-0.15553331901191303,421.64965489547313,419.3028957560859,418.00794982910156,63.975493907450186,0.012809768682136222,5.815788504204103,435.6304016113281,391.6575927734375,1.1221591712907073
2022-04-06,421.7936427720497,423.71906006741074,418.5656898647818,421.44439697265625,106898000,-0.000513555616462814,0.14610748075710117,65.02898623086043,-0.14274955008897194,421.63010652187154,419.3868761959514,418.9722595214844,55.77275811775711,0.012018186425474692,5.7958558795397845,435.6304016113281,391.6575927734375,0.3565120320006283
2022-04-07,420.56664291276263,425.38024389891154,418.6223302828864,423.5680541992187,78097200,0.004911357485507093,0.1568159351072156,63.523061370562836,-0.1336147829245905,421.8146729673332,419.5508439607854,420.13354339599607,53.76312994385861,0.011917756496978222,5.763496958174893,435.6304016113281,391.6575927734375,-0.043338979383050535
2022-04-08,422.8129558921499,425.32357938924946,420.89695753959705,422.4354248046875,79272700,0.0016476080131162321,0.16844729792158497,65.3003886815229,-0.10461825619930565,421.87379218993834,419.66396477819336,421.49272003173826,52.763262812988,0.011427105525879751,5.6900123191891305,435.6304016113281,391.6575927734375,-0.4006650402827172
2022-04-11,419.16969873165914,420.0097320215141,414.7147916975716,415.2150268554687,89770500,-0.016750077895517707,0.17482905609445878,49.11897677551493,-0.030436310759567764,421.239624062846,419.48949662436104,422.6353057861328,41.940275580683966,0.012099028206708239,5.82417514515963,435.6304016113281,391.6575927734375,-1.1001996338483875
2022-04-12,418.1975577653763,420.717628922996,412.1286597899486,413.6765747070313,84363600,-0.020384929079488676,0.17876112995662286,56.45551161335981,0.038769175151111,420.5193336480065,419.2615389021128,423.2695587158203,45.065315492709814,0.011303739055253633,6.0412618273654095,435.6304016113281,391.6575927734375,-1.6124370622297737
2022-04-13,413.4312174671857,419.16976564370555,413.25188513631514,418.4147033691406,74070400,-0.006096522120851536,0.18166128902537212,58.365399263727845,0.0373400554402985,420.3188926690669,419.2283296655257,423.6961364746094,43.37150734097925,0.010503582949120186,6.0122734594057805,435.6304016113281,391.6575927734375,-1.576196129275548
2022-04-14,418.6412237561914,419.754979516138,413.10087428728497,413.2047119140625,97869500,-0.020491086245607287,0.1785305909534331,49.48154829762127,0.07240739354908365,419.64135164478074,418.99210936154674,423.6058120727539,37.03899750749406,0.01055715221198029,6.180816750644409,435.6304016113281,391.6575927734375,-1.8293527102646667
2022-04-18,412.2796514632989,415.0545494478205,411.14702946006696,413.37451171875,66002500,-0.01859332741783176,0.17737205366911735,46.06570074455695,0.06599658607482795,419.0445097470635,418.7718114147704,423.2967041015625,33.52303402318094,0.010230983470017725,6.065533706979328,435.6304016113281,391.6575927734375,-1.903131985243438
2022-04-19,413.2706473332826,420.76475517269427,413.1007626849386,420.0474548339844,77821000,0.0027851014519920036,0.17048322902719693,45.314065939417624,0.06412793682390516,419.1400283267703,418.8218366468965,423.32737426757814,35.22445932416237,0.01090275620386122,6.197667480919786,435.6304016113281,391.6575927734375,-1.4412603721130077
2022-04-20,421.82193478222695,422.4354264021452,418.57511557097627,419.7360229492187,65224400,0.0017040937717396451,0.16289714546508932,48.86790208130027,0.014841624408925114,419.1967897193844,418.85768709012484,423.0970748901367,36.8883224211525,0.010557219111558247,6.130923966363143,435.6304016113281,391.6575927734375,-1.1103068045663471
2022-04-21,423.3509483444846,424.7383973991878,412.55339229515056,413.45947265625,85417300,-0.016166712784124935,0.15395681885746207,48.469620557643786,0.0792771839700146,418.6503785705145,418.6459924064435,422.826188659668,37.17402324544522,0.01069466391481564,6.488909568525129,435.6304016113281,391.6575927734375,-1.2569085719807944
2022-04-22,412.3740611145033,413.47834025677906,401.5481909244776,402.114501953125,132471800,-0.04302116676887071,0.13999346163573068,34.653551929321786,0.14059713912007843,417.07553317838216,417.9976986631761,421.6723403930664,28.894313913258046,0.011602496483486706,7.049821903210471,435.6304016113281,391.6575927734375,-2.015737665608839
2022-04-25,399.87757815067505,404.6156549215308,395.31880487171,404.4457702636719,119647700,-0.03276936769694923,0.1287319044375781,32.5396377053549,0.2200727911527165,415.87269861507644,417.46625049064653,420.531233215332,27.284358385746813,0.01163578097350055,7.400392639705152,435.6304016113281,391.6575927734375,-2.2411400139533044
2022-04-26,401.9163240296101,402.11455163658286,392.70444345361744,392.7327575683594,103996300,-0.054875898939576596,0.11610945070950264,26.733051427820406,0.2422492452004097,413.6688947058653,416.49630959173334,418.6525161743164,24.655316090066293,0.012778285194904076,7.699047750175729,435.6304016113281,391.6575927734375,-3.0115500413524203
2022-04-27,393.8087830488901,399.1698296259688,391.7040329885521,393.8370971679687,122030000,-0.04903604641353589,0.10527598151650248,31.167021405025938,0.2596222419278462,411.78015208320846,415.6077130260955,416.56285095214844,27.69560320563002,0.012284043410651866,7.7226481915995056,435.6304016113281,391.6575927734375,-3.2583367452431267
2022-04-28,398.5751573273392,405.5124037214935,394.1485348093446,403.78515625,105449100,-0.017365681627312175,0.1018660356577913,35.3359725670658,0.24425998837169471,411.0187239086172,415.14408334860155,415.1050857543945,35.810975860671135,0.014009870577851339,8.073890544278056,435.6304016113281,391.6575927734375,-2.5921776020515144
2022-04-29,399.80216617743,401.95412552190345,388.11739360908206,388.863037109375,145491100,-0.043256954823835576,0.10866364433844848,26.381055969510726,0.2591565140366323,408.90865849916554,414.11345408431816,413.234391784668,29.89712650063443,0.01570916825005996,8.876829172225595,435.6304016113281,388.863037109375,-2.969971427470927
2022-05-02,388.929072135393,392.56287045835074,382.2749671742883,391.2037353515625,158312500,-0.03457326408575963,0.11765856769637971,30.524385406824614,0.22428714995817334,407.22247534225096,413.21503374185716,411.42032623291016,34.72986999073858,0.015802921693414126,9.060205613436064,435.6304016113281,388.863037109375,-2.8738483303539986
2022-05-03,391.7039805238848,395.4038260055901,390.1466177718035,392.9970397949219,100028200,-0.02820654279828906,0.13120634508147916,32.813864542452514,0.14588491698326234,405.86767195679107,412.4221712341342,409.51282653808596,36.89121340045318,0.015656617685472746,8.822222692060288,435.6304016113281,388.863037109375,-2.5141055308394167
2022-05-04,393.65769528593023,405.53124638806986,390.4769516548114,404.9649353027344,144247900,-0.0016233170638644716,0.15447863221736177,34.025948814663295,0.22688791113133777,405.7816970373571,412.12973060937344,408.47601928710935,42.190028544756146,0.017351789058136318,9.474823708193721,435.6304016113281,388.863037109375,-1.3529405339320988
2022-05-05,400.7082064100307,401.1329469341785,386.44676416954945,390.57135009765625,172929100,-0.02547081412251406,0.18344137267856378,28.53031936148379,0.2784737333837062,404.3330925669094,411.2843039226394,406.9323669433594,38.12395475109064,0.018822201769792733,10.322256987074569,435.6304016113281,388.863037109375,-1.4295743064216815
2022-05-06,388.0134773567565,391.5056757030624,382.9450500936246,388.239990234375,151770800,-0.027360083748633524,0.20374113543464206,28.083747617810413,0.20027337099993003,402.80041615428706,410.38060534662907,405.1659637451172,37.10409195275597,0.018716094551219597,10.654621674337733,435.6304016113281,388.239990234375,-1.5049777676637488
2022-05-09,382.35045035687074,383.5868812355381,374.23340232624,375.80963134765625,155586100,-0.0441027930257294,0.22398775184263944,20.64989505105368,0.22598367832761235,400.2298652203222,409.0248808760811,402.8346740722656,28.56880540256202,0.01971544926602834,11.107664204364827,435.6304016113281,375.80963134765625,-2.2167216954287845
2022-05-10,381.7747515433738,383.27545730002635,372.64781289944233,376.6780090332031,132497200,-0.03921166421595665,0.23907009197127885,21.423231797186094,0.3138463602874504,397.98683129773946,407.75637609792904,400.90782318115237,29.25232949463873,0.019599544842116717,11.591045173608762,435.6304016113281,375.80963134765625,-2.436254049943292
2022-05-11,375.71530920049423,381.3500488525497,369.94841780135306,370.6940612792969,142361000,-0.04573313751889447,0.2482605899872926,21.48121573926847,0.21744638627362867,395.3875198674116,406.30295198739447,398.7586975097656,29.335049443861635,0.019756462974595886,11.535089884120149,435.6304016113281,370.6940612792969,-2.7675161627643927
2022-05-12,367.5037946408941,373.57269244374504,363.5207798183708,370.3070068359375,125090800,-0.04335162592259633,0.24846827019461087,24.63355967312184,0.10449973621231945,392.99889957869976,404.8913462951805,396.35331268310546,32.80961780531638,0.0193935174146531,11.400930119339632,435.6304016113281,370.3070068359375,-2.787954631326487
2022-05-13,374.4315896864937,380.5382491972758,373.39335762056186,379.1602478027344,104174400,-0.022974867373442186,0.24892051101217574,26.76092622622163,0.07630967835542313,391.68093274289356,403.8822836092022,394.6510894775391,37.23435069529184,0.020424661088499538,11.467672427305164,435.6304016113281,370.3070068359375,-2.0164550644154478
2022-05-16,377.5180173546355,381.2839385536254,375.2716682872456,377.621826171875,78622400,-0.02366684768776499,0.2424375611270922,30.138153326717042,-0.004430283514378464,390.34197021232035,402.8524617489149,392.8634552001953,41.49760204405783,0.020397248981481014,11.058454102756977,435.6304016113281,370.3070068359375,-1.447603082584255
2022-05-17,383.70013247510735,385.62557844782094,379.9719446127917,385.3896179199219,83029700,-0.008306851875093746,0.23578194496641627,32.943546425474054,-0.0426334002411487,389.8703176130443,402.16764434385635,391.1305633544922,45.578449704380226,0.020653383759321346,11.096879505509065,435.6304016113281,370.3070068359375,-0.4383866649402677
2022-05-18,380.840309909265,381.12345103452697,368.6175424687332,369.8539733886719,117674500,-0.0317538532194334,0.22751114068519163,22.5987950450949,-0.0064286848298827914,387.963999115485,400.9004415613001,388.63646087646487,33.221289851166375,0.022156107279228728,11.460934426770772,435.6304016113281,369.8539733886719,-0.6922348328521473
2022-05-19,366.79595164216687,372.005979027499,365.3707407010665,367.5887756347656,98510700,-0.03288193900653614,0.21297996876499226,26.14747704298209,-0.05132704039241043,386.0235016411308,399.59410172104384,386.3429260253906,37.974783987193625,0.02205755271980906,10.815754118593238,435.6304016113281,367.5887756347656,-0.8759736185815274
2022-05-20,371.16600278161656,374.7337256994322,359.1697746219984,367.7492980957031,131432200,-0.030650900701248936,0.1967288764998276,25.936527069227836,-0.023985490847088786,384.283101303471,398.3452858925991,384.62466583251955,36.407433019173254,0.02148006975306956,11.192614675262623,435.6304016113281,367.5887756347656,-0.8493369927868812
2022-05-23,370.7695124155736,375.3943621595535,368.4571163473613,374.6298522949219,76414900,-0.015990445562957742,0.17567893435266876,28.039000415767653,0.027555542609569716,383.3637442550378,397.41526888876865,383.13386993408204,39.948340144043684,0.021985616233593117,11.363175805981468,435.6304016113281,367.5887756347656,-0.2614449335095568
2022-05-24,370.5147540989728,372.95930235202695,365.2292311284691,371.77008056640625,91448800,-0.02013842433440154,0.15584364845497364,21.886098857869882,-0.012394252425623309,382.2595858085014,396.4095752290682,382.0857360839844,29.8221869517196,0.02119325959165953,10.95934197978106,435.6304016113281,367.5887756347656,0.026403925314840038
2022-05-25,370.278726265349,377.01777330975807,369.8823286767236,375.0545654296875,91472900,-0.012550185457411168,0.1233793659111705,28.71986531927799,-0.11470655802609064,381.57339339147154,395.5721238643866,381.1466094970703,39.09522265344849,0.021315505687228415,10.14629008691317,435.6304016113281,367.5887756347656,0.503153927768814
2022-05-26,376.2816083941698,384.1815635422074,376.07396194375553,382.5487060546875,82168300,0.0017349836020579127,0.10025797397012234,34.72235228738597,-0.05815672638185876,381.6662803117778,395.06140159733957,380.0847869873047,46.27092073217064,0.02098750786253777,10.186745265704749,435.6304016113281,367.5887756347656,1.3408150911163208
2022-05-27,385.0026351628093,392.0531368146943,384.8044363865084,391.93988037109375,84768700,0.01905916312165997,0.0897280097671849,47.86574061501974,-0.11860071140744888,382.64471841266504,394.9389890002319,380.23862915039064,61.00735467457918,0.020160823723705337,9.865162612267024,435.6304016113281,367.5887756347656,2.478785065306006
2022-05-31,390.3259001664865,393.07248421298215,387.00358624823434,389.74072265625,95937000,0.013205718204355055,0.07808497677368173,46.325600726928684,-0.16048664301852755,383.3205283406255,394.73513541811496,380.165478515625,58.7550403370138,0.020163664510927097,9.539537866850152,435.6304016113281,367.5887756347656,3.000010952053941
2022-06-01,391.8549734040455,392.8648626531449,384.07769419751776,386.58831787109375,86585800,0.006093757586217947,0.06138643711705133,48.290468905440285,-0.14659196183035528,383.6317463911463,394.4156523770553,379.8450424194336,61.07311804638684,0.02021131971145188,9.352790538595185,435.6304016113281,367.5887756347656,3.039678437975704
2022-06-02,386.42789374965014,393.9974979722233,384.18154466114504,393.9503173828125,79609600,0.020047532580354032,0.06454047837814632,53.694611411851476,-0.0798670034181872,384.61446743797165,394.39740394590854,379.2943115234375,65.01267294500639,0.019433992045586972,9.335936301859757,435.6304016113281,367.5887756347656,3.4395116890738073
2022-06-03,389.2405486758481,390.7884638335638,386.5128594774759,387.4850158691406,71874300,0.0060091847978256275,0.08271069502464236,49.38122808713783,-0.10311095143929405,384.8878530028449,394.12632990368235,379.1399948120117,55.45124561759708,0.018078004021314185,9.136380269288209,435.6304016113281,367.5887756347656,3.153864553273249
2022-06-06,391.4868739358077,393.2140925206699,387.4944109852668,388.664794921875,57508900,0.007939275834937552,0.0969394769859866,51.2551830158095,-0.07592479594750023,385.2475617570382,393.91215206125855,379.1612350463867,57.26530940047384,0.01803999080063704,9.116152153941742,435.6304016113281,367.5887756347656,2.934248571962505
2022-06-07,385.1819749982957,392.8459684053957,384.7194727728496,392.3929138183594,59272400,0.016464399393354014,0.11899409295661287,53.92614516189235,-0.04346314633698445,385.92807147716405,393.8525740909488,379.9903991699219,54.86622153008913,0.01645765700221848,9.124919536556039,435.6304016113281,367.5887756347656,2.9234736210970533
2022-06-08,390.68451274322166,392.46838795175415,387.3338851596179,388.126708984375,64350000,0.004994839246018398,0.13402174320356808,63.074314301358406,-0.11324173118182002,386.13746552546985,393.62803036127923,380.56283416748045,65.05445148495136,0.016718737161488244,8.29366434662372,435.6304016113281,367.5887756347656,2.527318770899724
2022-06-09,386.3523744576506,388.61759004588066,378.8960266113281,378.8960266113281,86289800,-0.016035536948975027,0.14304845874436145,55.05289709596634,-0.08802761021786121,385.44780467650395,393.05030472402626,380.97293243408205,58.356639192817354,0.01723933956940821,8.514116140060866,432.9404602050781,367.5887756347656,1.5878007283915725
2022-06-10,372.70430959774984,373.5537615823621,367.8623958405589,367.9095764160156,132893900,-0.036498015581146556,0.1463476331913653,44.226725260130344,-0.10352660561050997,383.7774972231241,392.06439380998665,380.8530609130859,50.102113826196515,0.018519470594118386,8.190521832441963,431.14703369140625,367.5887756347656,0.2412963322432362
2022-06-13,358.5184977773577,360.3684205912054,352.33631352731584,353.94085693359375,170004900,-0.059954556772090016,0.14491409423352797,32.07401455076276,-0.03941689425222428,380.935912433645,390.56935314816735,379.5920913696289,37.91084220043118,0.019432838294834314,8.756821748502635,431.14703369140625,353.94085693359375,-1.4805846622205885
2022-06-14,355.68695837561785,356.7157429736958,349.77849666174114,352.8742980957031,104011800,-0.057124060256380955,0.14355080693648775,32.955495479798444,-0.05962278709677338,378.2633777347934,389.09111569512953,378.35471496582034,38.722326143063476,0.019431970735899164,8.58086640175277,431.14703369140625,352.8742980957031,-2.520720286781325
2022-06-15,356.1683036625761,362.3410401471121,351.2225794060758,357.9049987792969,125666800,-0.042776563061820386,0.14201076847341426,34.935203835490334,0.06893252268321493,376.3244845009366,387.86813071803806,376.98048400878906,39.973522364146,0.019073404797888882,8.86536755232433,425.7010803222656,352.8742980957031,-2.684167403133266
2022-06-16,349.70293778443306,350.1087829653544,343.63401132773026,346.0596923828125,134473300,-0.06688368822296596,0.13460341582645008,27.090799632015504,0.08441031463193482,373.44212334682953,386.2285841166567,375.79076995849607,29.699580025969922,0.018397094519432215,9.232795362256237,423.5680541992187,346.0596923828125,-3.360424564853991
2022-06-17,346.47397650063243,350.142419392661,343.30792965713135,346.80572509765625,111113900,-0.05964577327565333,0.12607775111256794,20.39512757641694,0.10396937753884772,370.90532351357496,384.68258964532333,374.7516174316406,22.21741319327036,0.01841996495846072,9.042085289079296,423.5680541992187,346.0596923828125,-3.51144167660273
2022-06-21,352.521756092844,356.9200870230244,352.4459063417937,355.5361328125,76811900,-0.03301922666949816,0.11755103671570118,26.767012656551145,0.0655746192558655,369.4415910658535,383.5395913381538,374.14095916748045,30.51213001742896,0.019446644545197404,9.331047000552177,422.4354248046875,346.0596923828125,-2.8077844886611842
2022-06-22,351.3178358414842,358.99598772773135,350.90074904768903,354.8915100097656,90059400,-0.03264142619413199,0.10542665552918416,28.664660508087795,0.08166506860628342,368.0558690605118,382.4161371684131,373.15404205322267,31.409689847972132,0.01885623727733094,9.281623445153262,420.0474548339844,346.0596923828125,-2.1972139170417897
2022-06-23,357.0243625508475,359.1002793406204,353.46966494173824,358.3703918457031,79292100,-0.02177970848371012,0.09682491364021,25.673699741895575,0.01323161309376264,367.13344265910143,381.47316676360094,372.4840576171875,28.136351344711827,0.019010437218817178,8.982670665710682,420.0474548339844,346.0596923828125,-1.4088350236810667
2022-06-24,361.53641078181903,369.7738317116263,361.5079743602973,369.7643432617187,98050300,0.005587123747997203,0.08455467956997306,34.2623824580532,0.0035915156688284267,367.3840046212555,381.0139972145075,372.21954650878905,39.732671891294885,0.02032530214373565,9.265955091466866,420.0474548339844,346.0596923828125,-0.04200517374495316
2022-06-27,370.6838633295004,370.97771602411575,367.2618882407592,368.35198974609375,66009600,0.002137240499165981,0.07312122336546763,34.312482603949846,0.008854850318709584,367.4761936807639,380.5174479020207,371.50971069335935,38.26242813137699,0.019750853601483417,9.122151600883099,420.0474548339844,346.0596923828125,0.798562325416186
2022-06-28,369.9066154900696,372.6840125215524,360.7117853009558,360.8255310058594,86548900,-0.015313348969698812,0.06728637785670608,30.365691887087298,0.007051696745199898,366.84279723553493,379.7452158668771,369.95399322509763,32.52611791289138,0.01915628062030657,9.396846714315277,420.0474548339844,346.0596923828125,0.8732068443875063
2022-06-29,361.3753394353569,362.3611548271313,358.7116881165058,360.53167724609375,65676000,-0.014694544723957082,0.060392554892569186,32.06618178755201,0.0009857395523409362,366.2417381889215,378.99174376410133,368.49354095458983,34.02232761301629,0.01916444308159486,9.290772708493083,420.0474548339844,346.0596923828125,0.9234504268806374
2022-06-30,356.64510092174794,360.8349164010324,353.1567653026987,357.6025085449219,112508300,-0.02034448108963328,0.051514022704360556,34.90596359821552,0.018050758488309837,365.41895441330246,378.1529502260943,367.04425048828125,36.70043976956317,0.019164878812835674,9.144814684477451,419.7360229492187,346.0596923828125,0.7854817501940738
2022-07-01,356.94850998659183,361.8208293565842,354.33224330989844,361.384765625,74839700,-0.009821156925173186,0.049343672522760604,44.71207764970338,-0.040401435533163776,365.0347459572736,377.4953743593847,365.4159729003906,45.521704979839754,0.01872416581297648,8.891597204185777,413.45947265625,346.0596923828125,0.9632950641950924
2022-07-05,356.30389388763615,362.0862071237408,353.4790840960441,362.0672302246094,81438000,-0.00736445607716282,0.05369735636431351,56.849295691521675,-0.07982062206353946,364.7521254113056,376.89034909919746,364.14508361816405,56.8216600290712,0.018539017200066708,8.394015785542697,404.9649353027344,346.0596923828125,1.1296960857738538
2022-07-06,362.2093972721212,365.7735827766986,359.83013971421116,363.2900390625,70426200,-0.0036558087739320126,0.057788936125820346,59.16958618289088,-0.1142741717311645,364.6128790923717,376.35700360756226,362.8763458251953,58.72058648430846,0.018545082843246945,8.323029839152184,404.9649353027344,346.0596923828125,1.3121297880903136
2022-07-07,365.06263643850446,369.5273277554807,363.308980138807,368.7310791015625,64525900,0.010236013772233184,0.059214285000654586,59.163912780097476,-0.1416887547391198,365.0050886170566,376.0579477445819,361.6932540893555,59.00228743756749,0.01877829632453162,7.974374692862499,404.9649353027344,346.0596923828125,1.7612560394536532
2022-07-08,367.1006852895569,370.29519752923926,365.5745491503481,368.42779541015625,72397800,0.00859395760294981,0.06216173164972503,74.02999274791391,-0.20258552328887214,365.33106069258986,375.75872608440835,360.7083084106445,73.01833155582695,0.01868901612595443,7.292207616242824,404.9649353027344,346.0596923828125,1.9833924941536658
2022-07-11,365.7546185718872,366.72148571389,363.527002730403,364.218994140625,58366900,-0.002895018982546487,0.06867294412064126,70.12142846601282,-0.1954104269809649,365.2251495924027,375.306187576809,359.9744567871094,66.72733007892893,0.018142303907252542,7.154086397973081,404.9649353027344,346.0596923828125,1.7978498212817415
2022-07-12,363.6692023712076,366.048488866531,359.2518953418649,360.9960632324219,62219200,-0.011743455314701936,0.07873454985981722,62.55183869219056,-0.17594830442258136,364.82237946288075,374.74500622997033,359.6287811279297,55.86548441857249,0.017082064023801195,6.917102940780077,404.9649353027344,346.0596923828125,1.4253265026883337
2022-07-13,355.5645600399159,362.02937706003513,355.14747320454023,359.10028076171875,84224600,-0.018419578375664727,0.097978582384011,70.50913147178318,-0.17933297133368287,364.2774176818177,374.13148758415656,359.8867523193359,54.40302915175452,0.014742645651523114,6.830436167598118,404.9649353027344,346.0596923828125,1.0365825311069772
2022-07-14,354.1521096552973,359.3087928722651,351.715979081912,358.2281799316406,89704800,-0.01949153191265736,0.11051878829857044,64.5590182718563,-0.12587587924254884,363.70129980084846,373.5078284605285,360.1544464111328,49.84264156855965,0.014735205708120544,6.970593266988901,404.9649353027344,346.0596923828125,0.721016759368494
2022-07-15,362.62649570213034,365.1858892356065,360.7211976903377,365.0721435546875,79060400,0.004333207932497952,0.11883582271790485,56.21766489720493,-0.08765062185382377,363.8318563488331,373.17701728775046,360.51280364990237,44.226728406836344,0.015004699260590662,6.653041083991951,404.9649353027344,346.0596923828125,0.9586380090201816
2022-07-18,368.1528836213448,368.825898190188,360.8349458407432,362.0577697753906,63203600,-0.006492052620451408,0.137431563373215,62.584189804405156,-0.02735209818009665,363.662895722791,372.74096836569714,361.3127075195313,42.549329996380315,0.012906673040460963,6.958407124426827,393.9503173828125,346.0596923828125,0.8992086760294833
2022-07-19,365.9726185323084,372.4089977632134,365.3185809223327,371.8402404785156,78506000,0.027319203203046184,0.14535882962080357,83.94148204838147,-0.010767726962394475,364.44169046143145,372.70564570345476,362.5644332885742,62.37738525207439,0.01403593363385363,6.842621464942981,393.9503173828125,346.0596923828125,1.4713244171445998
2022-07-20,372.02984989964705,375.62247177061846,370.66484393622255,374.2100524902344,71843800,0.03463548336531863,0.151448035649615,92.62045633975846,0.015463928660257142,365.37201065465075,372.7646420480344,363.4981292724609,64.68542580929683,0.013113120531865944,6.936061545212295,393.9503173828125,346.0596923828125,1.9328771167939403
2022-07-21,373.63182056702766,378.0680753048155,371.2335862430008,378.0206909179687,64903900,0.04418832138385101,0.1562610499624599,101.22441398761603,-0.013599028401584112,366.57664687020485,372.9707616115612,364.6545883178711,71.51423439368045,0.013172751150151655,6.875799971175228,393.9503173828125,346.0596923828125,2.388480446726289
2022-07-22,378.1439748043947,379.33833343517273,372.29530007355766,374.513427734375,72197300,0.02709516513441612,0.15745149225694247,88.58675624138317,0.02869870980534328,367.33253076203056,373.0312583222598,365.4617401123047,63.914044711239946,0.013362305397600168,6.843974779384463,393.9503173828125,346.0596923828125,2.3440161326140565
2022-07-25,375.13906335562353,375.8215664094441,372.73134023128426,374.9684448242187,53631500,0.03017658420134424,0.15826448120737638,102.47074270928917,-0.07307655281314884,368.05976067271513,373.10722642037587,365.72194519042966,63.739228725738016,0.011416467513567266,6.449910718703259,393.9503173828125,346.0596923828125,2.235970983484093
2022-07-26,373.328540675696,373.5370840827539,369.64114957187473,370.5321960449219,52946400,0.009430552565921143,0.1567804683608326,88.84041906193573,-0.06382368312270137,368.2952307081634,373.0062448370247,365.8309555053711,57.2185196789079,0.011722091089995773,6.405900160835865,393.9503173828125,346.0596923828125,1.7764931129425794
2022-07-27,373.8214415390077,381.8977324950311,373.5275888700464,380.153564453125,82342100,0.04371609052029766,0.1540901073589448,91.0819054276206,-0.02362406562930064,369.42459582673115,373.28653188079335,366.7973571777344,60.509415716783906,0.01197899851931259,6.772203572059332,393.9503173828125,346.0596923828125,2.0139059108257507
2022-07-28,380.9592441702565,385.61350177770953,377.4140068493156,384.9215393066406,73966600,0.05561069020611812,0.14853708462723272,94.18305307100206,0.021072841086378302,370.90049520577014,373.742806681807,368.01685028076173,64.02320651567561,0.01214509386367089,7.020692611309528,393.9503173828125,346.0596923828125,2.3613483703007505
2022-07-29,386.352936564959,391.51910833460266,385.585124244229,390.53326416015625,87003700,0.06981611763144802,0.1408612183507282,105.2729453293431,0.043529696136344054,372.77028272523546,374.4012559946834,369.66338806152345,71.85147003369468,0.012077180691305905,7.141890921895871,393.9503173828125,346.0596923828125,2.808005945444135
2022-08-01,387.8411455020427,391.8792906615118,387.13020608259814,389.3767700195313,69997500,0.05804082593191863,0.1330240106619644,107.59787666528904,0.0846104059437296,374.3518529437398,374.98853105448137,371.06298828125,74.40501589510976,0.012097042385199286,6.995640282913554,393.9503173828125,346.0596923828125,2.8551031668533806
2022-08-02,387.8127144423944,391.4906457183328,385.63251176391105,386.8079223632813,63435400,0.04215542543826772,0.12374628023742812,103.32277974875416,0.08064654265623994,375.5381452694104,375.4520365960029,372.3000228881836,73.55358994021884,0.012314700456372606,6.922513861408329,393.9503173828125,346.0596923828125,2.552654325644606
2022-08-03,388.931285023342,394.0310955881913,388.6469207989162,392.86517333984375,67820600,0.056401019018617035,0.11220858100220665,104.57032596500564,0.01829646591377787,377.1883384189755,376.13490470360455,373.7787796020508,77.058693107452,0.012616998436850218,6.89611096387668,393.9503173828125,346.0596923828125,2.5916510992984136
2022-08-04,392.7893590044414,393.4718621327927,390.9598814965707,392.5997924804687,45656600,0.050343212006350856,0.09696499880658688,101.12399218076303,-0.06297579449876678,378.6560959486415,376.7805865772071,374.9722152709961,73.96840513196067,0.012383290482267549,6.578558916180689,393.9503173828125,346.0596923828125,2.4332126040920654
2022-08-05,388.3246175842232,392.5807659148732,388.2677447414056,391.9361877441406,56814900,0.04273073270417908,0.07839904966864124,104.2070170297921,-0.11547114679388593,379.9208665958319,377.37492387787114,376.1476348876953,77.12565413693838,0.012399685120815374,6.317208586867712,393.9503173828125,346.0596923828125,2.128371613830293
2022-08-08,393.62347746477167,395.87004150956847,390.3815808280443,391.4811706542969,53886100,0.037995969791308246,0.058836296044658704,98.92130627960677,-0.14663021202358062,381.02184793473333,377.9281100259663,377.51074371337893,71.4670726191542,0.011968835775229641,5.969868064989238,393.9503173828125,346.0596923828125,1.756209231257455
2022-08-09,390.7512597952123,391.2536558218168,388.85542136603334,389.9265747070313,44931800,0.029420586061249407,0.04246577621072953,94.11260064768625,-0.16167660652203686,381.86991715114266,378.39863805267476,378.9572692871094,67.48945366915888,0.011747683800973366,5.803305311694069,393.9503173828125,346.0596923828125,1.2871851613331708
2022-08-10,396.96963344138766,398.258818700046,395.01692204612334,398.1166076660156,68665700,0.051273486280523646,0.040989615958020746,94.12275938876562,-0.14295349397085622,383.41722100970196,379.17189176300184,380.90808563232423,70.37678152909665,0.01212883763462798,5.910287806779779,398.1166076660156,346.0596923828125,1.400982775284172
2022-08-11,400.96036549541424,402.8183081055924,397.3772317875,398.1166076660156,59489700,0.04602095825603266,0.03955632279567755,100.89020205471606,-0.11897691006225475,384.81716259601757,379.91482179841415,382.90250701904296,75.76566186351992,0.012059986289124894,5.795862303671015,398.1166076660156,346.0596923828125,1.3482543774243094
2022-08-12,400.0503656332881,404.9605804756404,399.10244636975136,404.8563232421875,61694500,0.062413792313620854,0.036563846053311685,104.75803448206646,-0.04008440125481061,386.725654086129,380.8929198942484,384.89171600341797,78.68965121265902,0.011938672760343884,6.063987063061371,404.8563232421875,346.0596923828125,1.620954769668547
2022-08-15,402.64764150057266,407.0460006197272,402.5907686609456,406.5246276855469,54048300,0.06299139084659204,0.036366086539540016,118.18917552948942,0.005331568884133109,388.61127061940687,381.89808490567185,387.1150588989258,86.48844645968653,0.011514806271363488,6.0016968278069145,406.5246276855469,346.0596923828125,1.7559921232086957
2022-08-16,405.45349035046,409.2451671553258,404.6477532437864,407.3208923339844,59289000,0.06495178530625946,0.036641679641815195,125.14358566263002,-0.04911783763923716,390.39313935412855,382.89505774599786,388.8890914916992,83.54387929585752,0.010402181749662393,5.518259503623357,407.3208923339844,346.0596923828125,1.7380122661367494
2022-08-17,403.7283280008868,407.1313549468698,402.42968313864895,404.4297790527344,63563400,0.04670606015921841,0.036700621524202365,108.42107552908848,-0.106311984710041,391.7299621825672,383.73955662077185,390.4000778198242,75.25773521746498,0.010714027140645468,5.281953379833466,407.3208923339844,346.0596923828125,1.3857855931034342
2022-08-18,404.6288399076743,406.2876987703884,403.3396834770453,405.605224609375,49023200,0.04609531602043228,0.036812343302296234,103.9786267958581,-0.13364557211143102,393.0514157470251,384.59703379679553,391.77930450439453,72.04658961250928,0.010614115737195682,5.0212709702178255,407.3208923339844,346.0596923828125,1.0988835946186999
2022-08-19,402.8467503989594,403.1121666431107,399.28256461046794,400.1546630859375,68016900,0.022732596905271987,0.03673951250597476,89.14034949446697,-0.1534168590538907,393.72791549358817,385.2071369061737,393.06136627197264,64.00594549749124,0.010915850058864246,5.133669214503068,407.3208923339844,346.0596923828125,0.4426048431521741
2022-08-22,395.329701995395,395.5003494416631,390.92188337608326,391.8224182128906,77695600,-0.005429732837309176,0.03800734957629146,68.99745006049677,-0.10446737079602164,393.54643956209316,385.46655970251555,393.90406494140626,55.66743766215217,0.012183767826754012,5.374715339891103,407.3208923339844,346.0596923828125,-0.5956999696670389
2022-08-23,391.3958251809502,393.7846000380237,390.3246718748115,390.8744812011719,49105200,-0.007805795069538362,0.03761134574938069,60.26460603368456,-0.07472417383673224,393.29196733724353,385.6786350554041,394.9211791992187,47.456323763725216,0.011785681637238355,5.105912121198405,407.3208923339844,346.0596923828125,-1.346414665313092
2022-08-24,390.64698231789686,393.49074002484474,389.9645082393007,392.1257629394531,49177800,-0.0037980484336281152,0.035361574287693376,69.92807307346477,-0.01961296144050173,393.1809002517397,385.9314635998766,395.51978912353513,49.409178220269744,0.010447997978285493,5.178358631864264,407.3208923339844,346.0596923828125,-1.7341019879955653
2022-08-25,393.6139571012594,397.70897496462175,392.5238558131296,397.6615905761719,50942300,0.014275254104682797,0.033848097041908706,78.12028529232418,0.04908250136015102,393.6076326635904,386.3914685793392,396.1567916870117,56.36320715680198,0.010540330680385979,5.267727509443229,407.3208923339844,346.0596923828125,-1.5965454972741844
2022-08-26,397.5479234905298,398.0882155528186,384.1443295439162,384.2012023925781,103087000,-0.024612137650048178,0.04700447679889018,49.656818382686524,0.14376018712128746,392.7117821615892,386.3055757877015,395.84018859863284,43.72348498004038,0.01275215411849876,5.871686461398822,407.3208923339844,346.0596923828125,-2.345642563412099
2022-08-29,381.25313774516417,384.7035488071071,380.3052184856568,381.6607360839844,65370800,-0.028635822305656995,0.05731154049071146,48.225239464468615,0.11602178218098258,391.65930158276973,386.1234252110852,395.45438690185546,42.99262719498629,0.01281163109427865,5.998299392340734,407.3208923339844,346.80572509765625,-2.908977898613762
2022-08-30,382.81716425809753,383.0541440516301,375.3759929555365,377.4708862304687,85652400,-0.03621945159274002,0.06720353468953595,34.38519553541943,0.16562493240388831,390.3080239301696,385.7841099569434,394.98753509521487,31.224130131302474,0.012950461063017664,5.951578471132085,407.3208923339844,354.8915100097656,-3.4249800660481293
2022-08-31,379.1013717122864,380.3431437236325,374.4660612189248,374.5987548828125,76029700,-0.041644203927640934,0.07236727202639567,33.804873693735864,0.15533167852883856,388.81190306851653,385.3454685814873,394.07421417236327,29.67395851301829,0.01239499668868605,5.98272177017604,407.3208923339844,354.8915100097656,-3.792365095665714
2022-09-01,372.4281067917849,376.1154986095749,369.7265304271447,375.7742614746094,78740100,-0.03420466482350706,0.0773112241230736,24.93804798358144,0.1295613580989965,387.57022291671586,384.9701271263156,393.2329376220703,22.190140840960197,0.012450579914515987,5.950221439662138,407.3208923339844,357.6025085449219,-3.780386487719385
2022-09-02,379.4331695900639,380.6465052435593,370.00136015495065,371.8118896484375,99632100,-0.04066263456543009,0.08280971505588512,20.04057418403943,0.08867497163153759,386.06942927211793,384.4541178134577,392.22672271728516,18.200940105327135,0.012591357361811247,6.392358091792646,407.3208923339844,357.6025085449219,-3.8505291717800803
2022-09-06,372.6554995418325,373.5939303427136,368.19080797230174,370.408935546875,76637400,-0.04011956845386386,0.08728217729299953,18.030579075550236,0.07528955694238038,384.5779536792376,383.9033263520231,391.17311096191406,16.5580349070423,0.012589669884989104,6.449908695997818,407.3208923339844,357.6025085449219,-3.796354700530684
2022-09-07,370.0960816393788,377.83110568507885,369.8780787401788,377.0632934570313,70964200,-0.017951295743569868,0.09606570769069912,27.150803047611536,0.12047753317371401,383.8622717533132,383.6350897679058,390.5299468994141,26.788913696985702,0.01340126982829061,6.6686099638238625,407.3208923339844,357.6025085449219,-3.1442490705344417
2022-09-08,374.7978759378246,379.9829674298195,373.5939997520912,379.5279846191406,80821700,-0.01102423278085828,0.09910559511258354,30.566497285279333,0.15572686523090362,383.44948250243965,383.4740268208954,389.6005157470703,28.355749322555695,0.012476012402751455,6.914392276994237,407.3208923339844,357.6025085449219,-2.411764593151974
2022-09-09,381.7650275183075,386.28662130528346,381.49961125899546,385.4240112304687,76706900,0.004738994523883008,0.10509291265302538,38.53249813093643,0.1672731072902771,383.63753285749004,383.5504967977414,388.965885925293,37.863227662227885,0.013095847042602053,6.94553346893965,407.3208923339844,357.6025085449219,-1.4428215466009435
2022-09-12,387.490521323382,390.28689534223423,387.1871801490116,389.56646728515625,69256300,0.014504930271932719,0.10813278689121984,49.869726727787906,0.037707521046576487,384.20219327917255,383.7864172090126,388.2013931274414,48.00345060604375,0.01270420228498007,6.633398069076171,407.3208923339844,358.2281799316406,-0.48508473956825693
2022-09-13,380.90239200547273,382.10626800654813,371.5085373863549,372.6270751953125,122947100,-0.022952013567566872,0.1316972287034672,31.41236998396163,0.19011180476464018,383.0998010807097,383.3487959535734,386.5065155029297,37.41344693692567,0.015646188026690502,7.676112478761111,407.3208923339844,358.2281799316406,-0.9288666236731322
2022-09-14,373.9257160615463,375.5656268148488,370.7501807174359,374.0489501953125,85023700,-0.0178588470083147,0.14472452074598763,31.31075050695322,0.1648903230904799,382.2378152821004,382.98409611991616,384.8429183959961,37.56039291568995,0.015690272637375487,7.768199215323173,407.3208923339844,358.2281799316406,-1.0539392464426456
2022-09-15,372.4943947202488,375.3381528851013,368.53209861998994,369.80230712890625,87633800,-0.024398413995396155,0.1549938456151355,25.188178524108306,0.13611504451981848,381.0534811722724,382.4671632183079,383.1115447998047,30.482253873326314,0.015761282072227416,7.855545089604797,407.3208923339844,358.2281799316406,-1.332044004646951
2022-09-16,365.6295510878898,367.6378630769438,363.69734233012485,366.9811096191406,103084800,-0.027715061976390648,0.16018281471680332,29.609063073930635,0.05040486503314168,379.71325531006937,381.85986699873274,381.18033905029296,35.82239781145509,0.015681994913518283,7.295622146024722,407.3208923339844,358.2281799316406,-1.5974830265898206
2022-09-19,363.8401119198843,369.8269958496094,363.7639505998914,369.8269958496094,73278500,-0.01930072178812217,0.16410527537185132,32.94220231619278,0.11775748688323695,378.7717067900256,381.3879896987671,379.66395568847656,40.30582908251275,0.01578841299921005,7.414530355186697,407.3208923339844,358.2281799316406,-1.4757676263566224
2022-09-20,366.5051690967704,367.51408871168167,362.83118428153335,365.5819091796875,77274900,-0.026388485879449426,0.16820130421804075,33.61645118212237,-0.040426799652633405,377.515535589041,380.76814340390126,378.35193023681643,40.26938539805861,0.015391858267578471,7.365791817471156,407.3208923339844,358.2281799316406,-1.566937608896155
2022-09-21,367.504555601014,370.55036925173334,359.1952455228189,359.20477294921875,106746600,-0.03598677478084541,0.17041535601616672,31.086556390056856,-0.0014313148610008986,375.7716534328675,379.9225210331294,376.76844482421876,38.0843382145901,0.01570766489045906,7.757080476343065,407.3208923339844,358.2281799316406,-1.9192517982744226
2022-09-22,358.4338263970015,360.0709463739704,355.4451478506608,356.18756103515625,89472600,-0.03890783801604434,0.16208301760987628,28.9491293092654,-0.02856648401087669,373.9065017759426,378.99173828811087,374.9715347290039,35.25925612891402,0.015638014545215097,7.63113978640588,407.3208923339844,356.18756103515625,-2.1979803417662245
2022-09-23,352.722940486398,352.7610211494688,345.78424282582023,350.2196960449219,122346900,-0.0487351495813304,0.14867780147165136,28.926357415159995,0.0436212684116446,371.6506155158454,377.86342290602505,372.5994400024414,34.22609824709406,0.015202808959822383,7.613866437886405,407.3208923339844,350.2196960449219,-2.5992695614334247
2022-09-26,348.7540022291229,352.3708820576599,345.53686782052773,346.75518798828125,92581200,-0.056726767648875964,0.14330032946782645,30.900016084796462,0.04066914965117996,369.2796224179821,376.6434921249371,370.7271392822266,33.22532361794168,0.013789497466297625,7.716072999795001,407.3208923339844,346.75518798828125,-2.890658542226192
2022-09-27,350.2863328489352,352.5516532322038,343.4808733177717,345.86993408203125,108294100,-0.05371924100809746,0.13775312041773757,24.118033577363683,0.05839435743043242,367.0501282907487,375.4366859271761,368.9375991821289,25.906967798141025,0.013794745216692763,7.795912497618722,407.3208923339844,345.86993408203125,-2.9266987207354536
2022-09-28,346.82164844241146,354.3599916328385,345.1274223526463,352.67529296875,110802200,-0.031010941632764247,0.1333981992290102,26.648633928897496,0.03119039723637229,365.6810963553203,374.54408228174765,367.697819519043,30.562907806964404,0.01474476558641579,7.999026897794713,407.3208923339844,345.86993408203125,-2.3033344510224376
2022-09-29,349.13465941178436,349.42019180354833,342.367280303629,345.3083801269531,112952300,-0.042889451905248344,0.12621211920316164,18.254523553009317,0.0814313437341454,363.7408376669044,373.3975841580302,366.23330078125,21.56806508867811,0.015240303258955626,8.25255375343601,407.3208923339844,345.3083801269531,-2.198537540602115
2022-09-30,344.36596930372804,348.2779362644351,339.83535868204586,339.9685974121094,153711200,-0.050161931623328875,0.11790271685067717,13.01169993799983,0.11746721768824697,361.4768147854953,372.08664350132744,364.443017578125,15.43418700240035,0.015352096864852527,8.508246144194844,407.3208923339844,339.9685974121094,-2.2898846111501907
2022-10-03,343.6807182327434,350.7907644280534,341.90083208876825,348.9442443847656,89756500,-0.024388536505856668,0.11432494033464598,24.35880658796766,0.035683039609498035,360.2832366520925,371.17909843793285,363.2996353149414,31.43407393939104,0.016790248180177752,7.991405938276464,407.3208923339844,339.9685974121094,-1.5805859752197353
2022-10-04,354.45522944852485,359.78538917158465,348.9061712798272,359.7568359375,103602800,-0.0009434942138881209,0.11830200173929667,28.711957210295065,0.0806345629954992,360.23310325070275,370.7311665751708,362.7670303344727,40.23376861703237,0.018428779851266,8.424532495015358,407.3208923339844,339.9685974121094,-0.2858087412891237
2022-10-05,355.3975589353477,361.1750432151708,353.0751323104993,358.91925048828125,88065700,-0.002453085598457917,0.11886055308529717,31.359963850158874,0.06474836692455477,360.10797441618644,370.2679541796065,361.85982818603514,42.199870339052005,0.01786244317462849,8.516950826412508,407.3208923339844,339.9685974121094,0.5652251097497984
2022-10-06,357.52004633285617,360.4706728707626,354.7217133827097,355.2166748046875,82333500,-0.009246501348100181,0.10909142928881714,31.3146827510668,0.02895686951577625,359.64213635794846,369.67770792960965,360.6442626953125,41.67336618509333,0.01782056878568603,8.491521875646185,407.3208923339844,339.9685974121094,0.9093913584152649
2022-10-07,351.19057977360137,355.3024204972354,343.5475195856385,345.3083801269531,107789500,-0.027064989119879417,0.1018987379396596,25.589162992567406,0.04581870852701697,358.2770167169013,368.72204801578,358.6384811401367,34.22343480487491,0.018067716379230766,8.898082994351824,407.3208923339844,339.9685974121094,0.5197138747357055
2022-10-10,346.4219915438692,346.65994489016896,340.4351062648356,342.6718444824219,76042800,-0.030504464170855363,0.08534542079660225,26.939049020892554,0.10656542374930833,356.79080983742705,367.7004714066287,356.29375,34.94685298700048,0.01767025573108851,8.843013498441634,407.3208923339844,339.9685974121094,0.15338703444012225
2022-10-11,340.9775545535183,345.5367479558779,338.56946829764377,340.50164794921875,92482800,-0.03699059239527333,0.08822071714128032,32.98269338599651,0.012471145415892781,355.2394610861691,366.63385087888713,354.68747863769534,36.991903050555635,0.015349948691272907,8.52959606482161,407.3208923339844,339.9685974121094,-0.14968954411156687
2022-10-12,340.91094386553914,342.4814298234217,339.13102879643657,339.3785095214844,76991800,-0.03660785004425263,0.09178065400926831,34.2833738198332,-0.009211581040673433,353.72889427048483,365.56501396291054,352.9539566040039,37.992890766934785,0.015231846739290804,8.438496243655578,407.3208923339844,339.3785095214844,-0.3300723339829563
2022-10-13,332.3826842498608,349.8008834901985,331.3356839052994,348.3350830078125,147254500,-0.011477335858573223,0.09182125922993198,40.46306434377338,0.06157000421702197,353.2151979597541,364.889330396044,351.8805953979492,48.708903059955155,0.016642549937765067,9.014344913338656,407.3208923339844,339.3785095214844,0.21991889775678075
2022-10-14,350.7907883892063,352.4184100845512,339.7592754670555,340.3970031738281,123737000,-0.026656842717668473,0.09188667804331231,37.132635401369306,0.05982658809696062,351.99441750395164,363.92884697556497,350.55139007568357,45.89574893003242,0.017207075932555226,9.43042494050748,407.3208923339844,339.3785095214844,0.12018442179624778
2022-10-17,346.46954168027236,350.24824134925336,340.06382821256403,349.1441345214844,93168200,-0.005635234368861705,0.09369781568823714,39.90384945324361,0.0754218765293766,351.7229619818119,363.3490543303069,349.51724700927736,51.918767542069666,0.018266053882195623,9.509970170668709,407.3208923339844,339.3785095214844,0.6829799788697608
2022-10-18,357.05371300233446,357.3583002169347,349.8103989866183,353.2464599609375,97162900,0.003013524212421221,0.09502288178157883,38.72937285688652,0.10640961022698026,351.86805702744294,362.9528741589591,348.90047454833984,50.345670037669834,0.018417399850130304,9.437227057472862,407.3208923339844,339.3785095214844,1.3335565407594983
2022-10-19,351.2095126771094,353.9317132956456,347.9352732315164,350.7431335449219,79746900,-0.002286405643638462,0.09538221581033132,42.27226749433983,0.0818583456545603,351.76092145767905,362.4740608015459,348.477392578125,53.49484817704122,0.01808980615769798,9.129257585973445,407.3208923339844,339.3785095214844,1.5804515229503036
2022-10-20,350.2958089110657,354.7122360773966,347.0405950042413,347.80206298828125,88283100,-0.008122323488483282,0.09549149311375,43.98239231034872,0.006638949329476507,351.3838873177364,361.8986883382806,348.05811767578126,55.19770293228469,0.018089497011804085,9.074190692456735,407.3208923339844,339.3785095214844,1.5298460915387455
2022-10-21,347.5259812950986,356.7395247837277,346.02212943460694,356.2541198730469,131038400,0.00982621400309843,0.09521546368737241,43.063020289062734,-0.03856856301096334,351.84771898967074,361.677332712193,348.3598388671875,54.88422472694588,0.018535841704689148,9.066707001969357,407.3208923339844,339.3785095214844,2.01902193294692
2022-10-24,357.77707959447656,361.74612439325887,355.13101099924324,360.6134643554687,85436900,0.017827502298895397,0.08738739095998113,40.13546290741202,-0.07863768739272603,352.6825518816515,361.63561238447835,349.05275268554686,50.62638968356048,0.018510809999653773,8.762128109273513,407.3208923339844,339.3785095214844,2.555089709339592
2022-10-25,360.5373287022716,366.6860338162217,360.4231157662592,366.3719482421875,78846300,0.02768840262670346,0.0774984388523522,43.590243981616204,-0.08543958078207126,353.98630391598823,361.821351045565,350.0778533935547,55.08375571326627,0.018726589627356613,8.630914333937161,407.3208923339844,339.3785095214844,3.1759131253327224
2022-10-26,363.2309138667366,368.90371186098525,362.9739347843384,363.6116333007813,104087300,0.019932371668294147,0.07347600099129593,45.32745535239366,-0.053172747665668485,354.9030019526352,361.89155819282837,350.6246704101562,55.801078874225574,0.01844133134146036,8.64382987597959,405.605224609375,339.3785095214844,3.266426756731968
2022-10-27,364.61105138754175,366.44804370025827,361.0512506396155,361.6699523925781,81971800,0.01466555448304305,0.07390418541017676,53.40365665195004,-0.09747551128662824,355.54747342310594,361.88286776928913,351.4427490234375,62.70500582954965,0.017754375248505476,8.189679315197152,405.605224609375,339.3785095214844,3.0646060790428304
2022-10-28,361.5652384352448,370.7502290607999,361.3843916220893,370.2743225097656,100302000,0.031945348055234954,0.0749226850275262,59.57693506766477,-0.07198541085887822,356.9500304789783,362.2119444257784,352.9580352783203,69.61570925797247,0.017837455708593075,8.414036373295525,400.1546630859375,339.3785095214844,3.3561751750732003
2022-10-31,367.81865891657014,369.6842044707059,366.69552642305183,367.5997314453125,96631300,0.024042693647516634,0.08059939829951791,61.73849278313088,-0.06734965175598173,357.9642877138673,362.42323019125035,353.8908096313477,69.1201892144002,0.017231842054175644,8.172001832472644,397.6615905761719,339.3785095214844,3.2142605339027424
2022-11-01,371.34045662683894,371.5784099530066,364.82052968043666,365.9912414550781,85407600,0.01963395038739373,0.08628599672154164,66.57777947174313,-0.024970833731074227,358.7287594987445,362.56315220159655,354.20252990722656,68.64999148818225,0.015948256730707624,8.41539320715727,397.6615905761719,339.3785095214844,2.868796214238725
2022-11-02,365.4010855031739,369.90317244332704,356.7015278683844,356.80621337890625,126990400,-0.0044497037173354785,0.08736299327558335,51.28763225902655,-0.06992327388335051,358.54565986828374,362.3373898948244,354.0968780517578,55.91755307809459,0.0169762886910589,8.03942499216038,397.6615905761719,339.3785095214844,1.9238051826568134
2022-11-03,353.5700586148132,356.1685191668986,351.01920615203176,353.1322326660156,87100100,-0.012652988182499722,0.0883078880193829,54.995815249259074,-0.07828396455454723,358.03009537282963,361.97640333683194,353.9926559448242,59.45982338374547,0.016975689322597392,7.548558749973149,397.6615905761719,339.3785095214844,0.9998978409625291
2022-11-04,358.8335164171756,360.6134021561234,352.17082513091503,358.21484375,103505200,0.0004629812157173813,0.09307223805239583,56.65274930073262,-0.11764799253422364,358.04769045636965,361.82889119617187,354.6379791259766,57.125719275012024,0.015941224341344352,7.4241418848673675,389.56646728515625,339.3785095214844,0.6941843592103256
2022-11-07,359.50936758378657,362.2315685306912,357.43442171013305,361.6414489746094,68286900,0.009078864392645892,0.0986152747615389,56.705356724845515,-0.12138185290679915,358.3899531723925,361.8215405208165,355.5864593505859,56.66565703804038,0.015860290738272633,7.180069108089356,389.56646728515625,339.3785095214844,0.6847042065582516
2022-11-08,362.74546276276726,366.56224244323937,359.5188315812918,363.5925903320313,84641100,0.013290556920756983,0.10670321448815338,61.09511309915865,-0.1379068621137367,358.88544242569145,361.89099345458965,356.7410064697266,60.29277818058439,0.015720381339193786,7.254852736504956,389.56646728515625,339.3785095214844,0.7656730944206176
2022-11-09,361.6223414792032,362.77405623568103,355.60687575970667,356.1018371582031,78495500,-0.006785115811462138,0.11006250085590502,54.29513706489218,-0.09480011754937467,358.62033716212113,361.66396771747645,357.5771728515625,56.196686648849024,0.016562235827145697,7.277286557874196,389.56646728515625,339.3785095214844,0.29478439083278324
2022-11-10,369.351119187772,376.0043135418382,367.0572748219786,375.6711730957031,141455800,0.03515833591579227,0.11037674995614487,51.25775633991096,0.05097728419394487,360.24422629865273,362.2132698891716,358.94397735595703,62.43300429194612,0.01966770424537176,7.933363774625219,389.56646728515625,339.3785095214844,1.2289266006581856
2022-11-11,376.5277909851231,380.1066180137116,374.64319033872147,379.3070983886719,93839900,0.04154541959608071,0.10915468943336212,54.14326826590273,0.057509491431386284,362.0597379262736,362.8836161048383,360.88948211669924,62.08171781048119,0.018657098744089225,7.851100508980543,389.56646728515625,339.3785095214844,1.9751116725123905
2022-11-14,377.5462755014452,380.8966479353896,375.80444085717625,376.0804748535156,71903500,0.03128833509652201,0.1043583837128562,50.62957435065525,0.08181107727244408,363.3950462050586,363.4011399773355,362.2362991333008,56.48692924406533,0.018280794631562437,7.767478296712743,389.56646728515625,339.3785095214844,2.121919084070879
2022-11-15,381.8198207261606,382.9239274120566,375.4807419701021,379.2879943847656,93194500,0.03567694628772071,0.09870349246060352,54.69629117589974,0.08556013199363699,364.9086603174116,364.0241538756661,363.5383758544922,60.41222168124528,0.018221904875686475,7.875578894234719,389.56646728515625,339.3785095214844,2.291127999283285
2022-11-16,377.6603993704187,378.6122124671784,375.7663006029168,376.3945007324219,68508500,0.025832905975237123,0.09463262006580567,54.27856583049294,0.0638090406220273,366.0025498807459,364.5092655171075,364.82094421386716,59.65791538560081,0.018239218759634024,7.7416432314637245,389.56646728515625,339.3785095214844,2.0709331796010773
2022-11-17,371.6449453937852,375.91860608551974,371.34038726892305,375.2427978515625,74496300,0.021042744372711423,0.09071786819991708,49.50776778306309,-0.0629872575241639,366.88257349701416,364.93018835375284,366.19298095703124,53.61197598094874,0.018091915365346798,7.433662947520028,389.56646728515625,339.3785095214844,1.7246475614656958
2022-11-18,378.57412543802,378.640759324959,374.10062138676545,376.946533203125,92922500,0.023822420354946233,0.08535597613393638,54.751462434342535,-0.04442310806693606,367.8410458499771,365.40141756353216,367.2276016235352,56.892215574252276,0.017450640398941706,7.502330222625724,389.56646728515625,339.3785095214844,1.4957801144729226
2022-11-21,375.6235663390515,376.7466989172969,373.73896579052973,375.5759582519531,51243200,0.018461927642386525,0.07972323371567953,55.51313320635204,-0.06678381708759085,368.5777041739748,365.80041915915655,367.97572631835936,57.09253683886288,0.017367734081278337,7.248736446913248,379.3070983886719,339.3785095214844,1.1529012253240811
2022-11-22,377.5176171632576,380.7918564006526,376.10892338301994,380.6300354003906,60429000,0.028892757194223583,0.07176944354370789,67.3763888449355,-0.15202093997373112,369.7255452431572,366.38197273724415,368.68863067626955,68.7772250388336,0.017271564550987065,6.678325987895879,380.6300354003906,339.3785095214844,1.163915043688048
2022-11-23,380.2968975987144,383.5140303982983,380.0684717587064,383.0286254882813,68261600,0.03207358210320945,0.06540955055093826,73.20368367567579,-0.15895379500693185,370.9925052665024,367.03478264904953,369.6594802856445,74.04689469092713,0.017144086966653253,6.511079660232838,383.0286254882813,339.3785095214844,1.2240448141993836
2022-11-25,382.46702560328106,383.49499996496786,382.1910207322794,382.94293212890625,30545400,0.028918207744718333,0.06324187981729722,71.29094251137175,-0.19270218998669264,372.1306411581599,367.6586316482596,370.72312927246094,71.62840432028896,0.01705508564927137,6.001179817909986,383.0286254882813,339.3785095214844,1.1504763984568473
2022-11-28,379.8591259436192,381.4962458070925,376.0708989562592,376.8323669433594,67881600,0.01153884985409906,0.06113749593314537,63.35676640169731,-0.1803365349913746,372.5784245662741,368.0183859735576,371.0510314941406,62.69088231634806,0.016818826293313768,6.149385985916333,383.0286254882813,339.3785095214844,0.6098497144772645
2022-11-29,376.96558433179973,378.1553507626501,374.34809818392904,376.18511962890625,52310000,0.008904411419111372,0.06184930912232979,61.82402400156292,-0.18354986883970614,372.92191933414387,368.33865003847325,371.4803009033203,60.7544189780184,0.01672174476886772,5.918231822828724,383.0286254882813,339.3785095214844,0.152086712873734
2022-11-30,376.4326114888511,388.03521728515625,374.519486615748,388.03521728515625,144566700,0.03470929934497476,0.0616216919615399,71.63277296909507,-0.054668342925634494,374.3612810437641,369.11106444030395,372.5824996948242,75.3821538783967,0.01796086042748936,6.31323297262041,388.03521728515625,339.3785095214844,0.5674624785798823
2022-12-01,389.0726695441886,390.24341023181614,385.2463909544575,387.7496643066406,76398200,0.03293040761113694,0.06324128615491938,65.1969151503217,-0.1939036628463635,375.63636516403807,369.84198992525836,374.1296722412109,63.84468576017951,0.016733618898745185,5.248557465029235,388.03521728515625,339.3785095214844,0.7325677899199361
2022-12-02,382.8668541950363,388.2065122276851,382.76216868711776,387.30230712890625,85342700,0.029154184645886996,0.06571691055911133,62.32033779522091,-0.12563954559223867,376.7474072559303,370.52670824697003,375.83817596435546,59.88702569169212,0.01643617012734548,5.247194312570461,388.03521728515625,339.3785095214844,0.7201576995973102
2022-12-05,384.48497335823737,385.4177317516839,378.9834939436765,380.3350524902344,77289800,0.008668169952765228,0.0662318758874853,55.19923277790878,-0.10923363895149762,377.0890877544354,370.91134919768626,376.9441864013672,54.815762057540155,0.017021294840606757,5.477666177357349,388.03521728515625,339.3785095214844,0.17940894264059004
2022-12-06,380.1732926862465,380.7158042080798,372.7681861477995,374.8526306152344,77972200,-0.005315625404271412,0.06590552770384119,44.77559332145403,-0.06835398752072464,376.87609183641626,371.0659092532764,377.60474548339846,45.22548980959516,0.017385229844416157,5.5136970786663335,388.03521728515625,339.3785095214844,-0.5697956626902752
2022-12-07,374.005504706076,376.57541212687585,373.0822446819997,374.21490478515625,65927900,-0.006356464804951528,0.0651897323393483,47.26248511929351,-0.1269671961938421,376.62264545058196,371.1893992741345,378.1358612060547,47.533980662977704,0.0173833429724835,5.511659483168281,388.03521728515625,339.3785095214844,-1.0999059488412346
2022-12-08,376.0994521400108,378.212449392276,374.3195371968257,377.14642333984375,60737900,0.0013112499489349623,0.06787130385511335,54.26988201612367,0.03574940645351732,376.6725290590831,371.42300806102503,379.1880905151367,52.07039983430959,0.016619533276662362,5.436190279141207,388.03521728515625,339.3785095214844,-1.234615156751211
2022-12-09,375.90911499149865,378.459967446831,374.20536119651905,374.3291015625,81447700,-0.00852887038211756,0.09858282012089668,71.50618136356078,0.032131618530662154,376.44934548797994,371.5369725120633,379.12098693847656,47.22058390811154,0.011387762200037082,5.415795158578236,388.03521728515625,339.3785095214844,-1.4784965717082796
2022-12-12,375.11902932851245,379.725830078125,374.4527776179369,379.725830078125,75405800,0.011597999046123356,0.1185818844591109,79.68556356941474,0.01725144037216353,376.7613916394223,371.85810418132064,379.14192352294924,54.05957453922546,0.011648611734622715,5.572163808794646,388.03521728515625,339.3785095214844,-1.2504490513242805
2022-12-13,390.45276931962,390.70974839855415,379.84005911089247,382.6003112792969,123782500,0.02064039026211232,0.13337962001971693,76.6782285563552,0.08532717054523875,377.31747922417225,372.2793672047707,379.4679153442383,52.013256647345486,0.011576511072739546,5.984165249632481,388.03521728515625,339.3785095214844,-0.8966741497514357
2022-12-14,382.2577044665144,385.9602719426471,377.2131058725146,380.1542053222656,108111300,0.009969972710269072,0.14355973468077415,69.03427757119915,0.15443479665284454,377.58764361446686,372.588184385849,379.51122589111327,47.065724847490166,0.011541335526474624,6.362851494671097,388.03521728515625,339.3785095214844,-0.8201449671283076
2022-12-15,375.2999627142446,376.2041969443103,369.1988651828772,370.8550109863281,117705900,-0.021414782798472455,0.1448740330510872,52.49564120056312,0.2972751236537525,376.94644050702505,372.52021680155406,379.23425140380857,39.61404110469053,0.012696477497979817,7.052234416578236,388.03521728515625,339.3785095214844,-1.3568786302117424
2022-12-16,368.302907769073,369.6415593936089,364.34432159505855,366.4765930175781,119858000,-0.03259218608507221,0.14407960851119375,52.81295333058076,0.2973947390440881,375.9493121746968,372.2832119472805,378.7959411621094,40.829337213425234,0.012931771873848847,7.0264241464798465,388.03521728515625,339.3785095214844,-1.9327320457896038
2022-12-19,366.6678340994925,367.00250429400353,361.705237421516,363.3689880371094,79878100,-0.03896084841809049,0.14383194711102495,50.18726992376684,0.280086871752375,374.7511860663551,371.9336345390385,378.11706390380857,39.124453774157075,0.012960469522870503,7.132853738891738,388.03521728515625,339.3785095214844,-2.4174123734130015
2022-12-20,362.61364283927566,365.482194633709,361.2941043449694,363.8662414550781,74427200,-0.03358669182456426,0.1427221318854877,31.347895649594108,0.08061750335157747,373.7145246748049,371.61726618280477,377.53157806396484,24.59584317836405,0.01297050756922021,6.466593711701121,388.03521728515625,339.3785095214844,-2.5839760189795364
2022-12-21,366.457476778773,370.43520527298585,365.9220161334383,369.3069152832031,78167400,-0.013479356413978846,0.1406597709651393,41.02061964585031,0.0339508112215583,373.29475235179524,371.526664186742,376.96542205810545,32.51012061387007,0.013065255774474344,6.578875464597486,388.03521728515625,339.3785095214844,-2.221051803766496
2022-12-22,366.2662563964438,369.2878012297657,358.3490543275083,364.0383605957031,100120900,-0.02794687945406549,0.13779516471172587,37.01691594649534,-0.011278167283361062,372.41319123216743,371.23300522238753,376.0159088134766,29.786391167363078,0.013233200094938781,6.97269813710659,388.03521728515625,340.3970031738281,-2.223655661189966
2022-12-23,363.01521636298173,366.2758070046261,361.4662030943732,366.13238525390625,59857300,-0.018747537189458412,0.13424393374658872,44.794676186729475,-0.04331987485857125,371.8150192342378,371.0329809098981,375.1753814697266,36.51782750091688,0.013353187736038937,6.722040331751097,388.03521728515625,340.3970031738281,-1.980298160011523
2022-12-27,366.01758598213945,366.3617981256818,363.0151549993182,364.6884765625,51638200,-0.021836380409945313,0.13112282023132388,49.7107374131997,-0.10366881207967571,371.1363008845485,370.7841768178433,374.5681869506836,39.550257495028625,0.012964322456172442,6.393399265042758,388.03521728515625,347.80206298828125,-1.8168031877006068
2022-12-28,364.6216127041186,366.59137848650926,359.9267751898031,360.15625,70911500,-0.03295377525611347,0.12730714027962256,44.954019389767645,0.023712126113281773,370.0905817526868,370.3673953740063,373.7667434692383,36.61794592032014,0.013190529259989967,6.619930397316332,388.03521728515625,347.80206298828125,-1.904883547594005
2022-12-29,362.9961320141737,367.5093216045126,362.4702133125497,366.6391906738281,66970900,-0.011655683502018635,0.11919866965959787,56.07868189898377,0.04267225212626746,369.7618778404145,370.22119126811697,372.6969421386719,40.63183121999161,0.011634610565081839,6.859610897130104,388.03521728515625,347.80206298828125,-1.4387252793708691
2022-12-30,363.9619134619415,365.8168836865277,361.8487256860745,365.6734619140625,84022200,-0.013721688364233245,0.11488539270776965,57.574535326453,-0.010729220511552562,369.37250489504765,370.042848940507,371.59313201904297,42.019192566088414,0.011624904128917686,6.897886521233082,388.03521728515625,347.80206298828125,-1.121695299007193
2023-01-03,367.52838265402187,369.4981190554035,361.2749320892196,364.1339416503906,74850700,-0.01746799101133615,0.11024359790410805,46.93324012792858,0.056193664447892644,368.8735941098422,369.8111270859926,370.43471374511716,34.522839425765426,0.01162134925253454,7.099776410558718,388.03521728515625,353.1322326660156,-0.9488167386323025
2023-01-04,366.3905568832152,368.9722652057651,363.34989894273167,366.9451599121094,85934100,-0.006558677534393584,0.10139801433238312,47.731807110382555,0.05058484978164457,368.68993371005814,369.6987362164286,369.7652191162109,34.440500050956274,0.011295177855543482,6.716808406459023,388.03521728515625,353.1322326660156,-0.5955355615872346
2023-01-05,364.9945163658359,365.1092537639918,362.16422021646383,362.7570495605469,76970500,-0.020303582841784167,0.08733254551061624,46.35037448945961,-0.028161002240267186,368.1248971243904,369.4265132103156,369.1604400634766,33.28783492050091,0.011136603590276985,6.433506522567094,388.03521728515625,353.1322326660156,-0.5930245568453478
2023-01-06,365.8455090657922,372.1945841873677,362.7857380848977,371.0758361816406,104189600,0.00898064608121935,0.06840010453121777,62.22766829039968,-0.0779226492650994,368.4059389393666,369.4911925425244,369.0034866333008,50.216202908042646,0.012411637511303286,6.325091843097981,388.03521728515625,353.1322326660156,-0.010988562248745115
2023-01-09,373.26550947515705,376.44961824670435,370.6838304181261,370.865478515625,73978100,0.007511201713190155,0.051270658314340356,68.03676836537181,-0.09075271544205499,368.6401808037722,369.545086110097,368.68943939208987,54.67889168031472,0.012261416556158375,6.27188458862003,388.03521728515625,353.1322326660156,0.3594861625074568
2023-01-10,370.2822289287242,373.5332484725184,369.34515816722075,373.46630859375,65358100,0.014601281949161292,0.047908856288675555,75.14349243514495,-0.12776722352073655,369.0998120218653,369.6988595408285,368.6462997436523,60.882108978630384,0.012272434864753566,6.1926576909636095,388.03521728515625,353.1322326660156,0.756521577401388
2023-01-11,375.0440257972263,378.266360907405,374.2312636370513,378.1898498535156,68881100,0.027464131205783632,0.045009360985467255,79.25206920141795,-0.07152789140526494,369.96552991059394,370.0318395530907,368.5695007324219,64.14805302852182,0.01216864977579577,6.236369264171851,388.03521728515625,353.1322326660156,1.2831336686573778
2023-01-12,379.2894696301709,381.0297021014003,375.2256881711222,379.5667419433594,90157700,0.028975421889351257,0.040758798582690416,75.48581186912887,-0.03913519558889178,370.8799310565716,370.4057572938856,368.417822265625,61.01865010278139,0.012069066224883112,6.18172998648402,388.03521728515625,353.1322326660156,1.6468561815070017
2023-01-13,376.37315440820146,381.6130534140989,376.10542404617286,381.0393371582031,63903900,0.030553809309088294,0.03529832162003102,86.37252597526337,-0.08421444717271731,371.84749354244127,370.82276042581964,368.4620788574219,69.87921626169904,0.012015866295599283,5.792427730214821,388.03521728515625,353.1322326660156,1.8917697586556506
2023-01-17,381.0201896884126,382.6935115955875,379.6623956443495,380.3412780761719,62677300,0.028782774817982203,0.03767027655266482,93.75928485245126,-0.09670007540014358,372.6564254027966,371.19603562779423,368.93639221191404,67.17513661625495,0.010548763739756878,5.6653928759994745,388.03521728515625,353.1322326660156,1.9065396100758862
2023-01-18,381.52697849057256,382.58832869980466,374.1356658339176,374.3364562988281,99632300,0.005490147443277514,0.03847295719833485,81.47248549764139,-0.026248684715946435,372.81642834527577,371.3191893795995,369.3293853759766,60.50391689497778,0.010842931450475133,6.030108571679725,388.03521728515625,356.1018371582031,1.4332749857426883
2023-01-19,372.2997219516563,373.9443593060729,370.2917592534764,371.6112976074219,86958900,-0.003930748632927777,0.039112597382144676,84.62240936631169,-0.06308107115517303,372.7016539892897,371.33064460421997,369.7415008544922,62.98211841234246,0.010790235083195661,5.8429724108686925,388.03521728515625,356.1018371582031,0.8849628330858224
2023-01-20,373.0073764154368,378.6871115907864,371.36273880270227,378.53411865234375,91806400,0.017753878144565534,0.039360297541794806,79.55084590228311,-0.0551314101100594,373.2571268143425,371.6131337825778,370.47489471435546,63.34755847409511,0.011474895557328004,5.840922495409517,388.03521728515625,356.1018371582031,0.9320502906995557
2023-01-23,379.3373361629709,385.00750055643533,378.3811521162989,383.0760192871094,84178800,0.03004263834151233,0.039310013861444365,86.14622776769022,0.031011055445847147,374.19225943079647,372.0626587043241,371.1633499145508,68.07696818880665,0.011317898223100715,5.972057027722575,388.03521728515625,356.1018371582031,1.1957851774282788
2023-01-24,381.40259479828296,383.5731214964874,380.2169362364954,382.6647644042969,59524900,0.02715259780771692,0.03894852026610333,92.5969604851873,-0.00723318367984882,374.99916466636796,372.4784275553035,372.0946701049805,69.71097913139225,0.010693812941466466,5.624414048708863,388.03521728515625,360.15625,1.26266080704528
2023-01-25,378.6010544265812,383.1429282820767,376.3157607326886,382.8082580566406,84800300,0.024700284055732012,0.03766426189756417,89.1773380248694,-0.05300688775860729,375.7428878463939,372.8835189475128,372.9284637451172,67.88857778438532,0.010676708309888134,5.7104712834484825,388.03521728515625,360.15625,1.2351680332216355
2023-01-26,385.4664286118992,387.17800600043023,382.5022526217131,387.0154418945313,72287400,0.034944104525890404,0.03718968458837397,99.85599237791399,-0.02396287812548903,376.81646442240697,373.43771200425863,374.04481201171876,77.34406228220871,0.01074031610125334,5.702957975096451,388.03521728515625,360.15625,1.4064882052985652
2023-01-27,385.97315181927854,390.2759788703347,385.7627902184548,387.9046325683594,68346200,0.035980154420659986,0.03613121080669721,98.64189436798169,-0.08384009870153197,377.87248043630717,374.00504222245866,375.4322311401367,72.78589491430176,0.010111189006048281,5.3512189768863845,388.03521728515625,360.15625,1.478487350289066
2023-01-30,385.1509087422322,387.3788338334303,382.7413355345612,383.0377502441406,74202000,0.016470704148580654,0.03507820497103044,86.19191545369776,-0.11116322307782145,378.36441089419606,374.3592660664462,376.25215911865234,64.63554337336578,0.010154944653040983,5.308183920116379,388.03521728515625,360.15625,1.1137507822786525
2023-01-31,383.5540574493801,388.7174447402499,383.2098160670995,388.6696472167969,86811800,0.03147588580507718,0.03415553179364044,85.85049266277949,-0.03728156751796641,379.345861972539,374.92045748410703,377.40196838378904,67.03810687929345,0.01045269495426582,5.414727076602925,388.6696472167969,360.15625,1.1618659282721597
2023-02-01,387.45528923844535,395.5446264450836,384.7206171548962,392.80035400390625,101459200,0.04056556395790362,0.033510748195006004,84.4680257806338,0.02355995287556789,380.62724216600253,375.6216298966482,378.83528900146484,66.59422505148899,0.010432657503141323,5.845009717783812,392.80035400390625,360.15625,1.3677756768175153
2023-02-02,396.68245506156615,399.9813013244029,394.78922953717114,398.5183410644531,101654500,0.051943104890916234,0.032741426346350376,85.38073727292495,0.0421542870827325,382.33115634680735,376.5195401385229,380.41394805908203,69.59269051420061,0.010675403765785288,5.943362102799426,398.5183410644531,360.15625,1.75997297741909
2023-02-03,393.5557310779442,398.7000051703591,393.0776391240828,394.2824401855469,94736800,0.03442889171226716,0.031120737941624767,76.86140287394073,0.11218726154379288,383.4693738552587,377.2161244540925,381.990217590332,62.95111792366674,0.010616346247697205,5.951557579824445,398.5183410644531,360.15625,1.6091268674668475
2023-02-06,391.834637420615,393.2689133762878,390.2186841761235,391.8728637695313,60295300,0.02565106651422882,0.030562483673236725,78.96793680603162,0.13509962628582817,384.2697062280466,377.79089854489405,383.0300689697266,60.91204854278661,0.009884481617844975,6.025317583980544,398.5183410644531,360.15625,1.2387035055945539
2023-02-07,390.9548666867422,398.24098259343725,389.7118394155706,396.9979553222656,90990700,0.03745060884482843,0.03033827677715458,90.01754787237519,0.11377367281662343,385.481920427496,378.5441164577322,384.3366928100586,71.8070779058308,0.010109910382578306,6.030780463407658,398.5183410644531,360.15625,1.228093232416117
2023-02-08,395.0282680161365,396.3669196696717,391.9684677962696,392.6569213867187,76227500,0.019961050250614863,0.032820353527106556,82.69270411847063,0.04381736475706566,386.16525385218387,379.09755978828065,385.29622344970704,69.64130186500698,0.0105641725216329,6.101122640596539,398.5183410644531,360.15625,0.8366579535844512
2023-02-09,396.25217230001425,396.40516522520073,388.028984948847,389.2528991699219,78694900,0.008494485834981254,0.03592442013615059,71.33722952142826,0.039184831762545835,386.45931531101604,379.4958083914823,385.84937591552733,60.706762855900905,0.010568342383315074,6.176251746901512,398.5183410644531,360.15625,0.2849396092938621
2023-02-10,388.0767823283588,390.54375312300726,387.2640493604547,390.1612854003906,70769700,0.010083759515450519,0.039427886964074815,67.1140184244694,-0.00241144962966211,386.8118838909565,379.91406239183164,386.3791030883789,57.631266861954195,0.010558415975910684,5.937205698502664,398.5183410644531,360.15625,-0.0637606704232061
2023-02-13,390.8114921464456,394.875273798094,390.3525133608386,394.7413940429687,64913500,0.02083329709769858,0.045517359031082484,69.70492477633427,0.001472794223108087,387.56707533400527,380.49552637815077,387.0642059326172,61.935442618777735,0.01079791489622211,6.034191636910622,398.5183410644531,360.15625,-0.032467645523308164
2023-02-14,393.2210725630297,396.86413102531327,390.61070909281807,394.5597534179687,88389300,0.018194536147448644,0.04806172645943595,68.78189479921755,-0.006229816605506255,388.2330446753351,381.04706469343773,387.775129699707,61.60535879076398,0.010777811885458668,5.993209807132558,398.5183410644531,360.15625,-0.06845232466836038
2023-02-15,392.3700815999979,395.91751581058026,391.5286350725414,395.8410339355469,61555700,0.021187541451999747,0.04690236490235475,70.93656026142722,-0.021045919568175808,388.95761508106955,381.62722034999103,388.850358581543,59.250426221327984,0.009942482946547818,5.9727189042269675,398.5183410644531,360.15625,-0.05120276261716583
2023-02-16,390.87841017898984,394.8178830322616,390.2568965030851,390.3907470703125,76431500,0.0037767127132195648,0.048023018960668885,59.36086110637715,-0.02056854325410884,389.09410384194985,381.9708880645135,389.7893310546875,52.37838320741464,0.010386198482682808,6.049215245697103,398.5183410644531,360.15625,-0.4309674627980371
2023-02-17,388.26803395095567,389.6545122847336,386.34609496505783,389.41546630859375,89257800,0.0008936031445892779,0.048275301249064116,67.68004155771395,0.00540765128296905,389.12470979115403,382.2628323093794,390.3333984375,56.59219995293653,0.009714104837425113,5.969312036515423,398.5183410644531,360.15625,-0.7530984208671274
2023-02-21,385.39950609313314,386.4513142893378,381.345295424583,381.60345458984375,82655900,-0.01915906703098619,0.05314752914693764,47.03480778767391,0.0175448045731168,388.40839977198164,382.2369743595937,390.25977020263673,43.01114799541933,0.010497587064346342,6.140060349936955,398.5183410644531,360.15625,-1.4568067630038248
2023-02-22,382.0145561334285,383.5540272851373,379.62409654042705,381.0775146484375,83742300,-0.018505379168635237,0.0559133667060839,40.580939102379574,-0.0576625297856449,387.710220236406,382.1915053513131,390.18040771484374,37.51522676009643,0.010499233829935496,5.647626168117158,398.5183410644531,360.15625,-1.8944904264415863
2023-02-23,383.965204449082,384.577176151522,378.88787027584414,383.1046447753906,96242400,-0.01154408779702696,0.05845303369227778,34.52989559008452,-0.07226835223927763,387.27159400202356,382.2273147404926,390.1952270507812,32.18386587915913,0.010570352556384402,5.541080350630101,398.5183410644531,360.15625,-1.9752419799265404
2023-02-24,378.0942177024235,379.8440212478962,376.3922116756281,379.01214599609375,108194400,-0.020831819749652553,0.060189448348208864,34.7900310222327,-0.07112872417313787,386.4849799062207,382.10122969169265,389.79506225585936,32.29091238553504,0.010504980373132067,5.6189422830219735,398.5183410644531,360.15625,-2.2140807161531173
2023-02-27,382.3492886397092,383.7070827492521,379.3659992502005,380.3030700683594,80444700,-0.015555348970498196,0.05803424660865476,38.87780785603087,-0.051142478863183904,385.89622658832917,382.0307136280325,389.41498413085935,36.22500477795056,0.010526150854279234,5.664026621860184,398.5183410644531,360.15625,-2.190881307105267
2023-02-28,379.82502171973454,381.7851874586126,378.7923265475118,378.89752197265625,96438600,-0.018173967136412967,0.05384003725692884,29.13987289067633,-0.14193385923741575,385.2296832915984,381.9078433670374,389.20797271728514,26.355432133315148,0.010193130059418319,5.268577888519766,398.5183410644531,360.15625,-2.1717467091198235
2023-03-01,378.08474796543993,379.3086624121773,376.1436954636512,377.444091796875,99706800,-0.02147364710412363,0.050584521987203514,33.411704128557275,-0.0906979863038666,384.488198387339,381.7327942858546,388.6466949462891,28.50596321176951,0.009561796704750688,5.13539784727191,398.5183410644531,360.15625,-2.154268795644754
2023-03-02,375.4742885040699,381.2209631061389,375.13961830151106,380.3795166015625,85127800,-0.011475354714483488,0.04769962999783899,44.21979683400439,-0.10279571612824778,384.09689536012223,381.6797245727451,388.02565307617186,37.29465897024702,0.009392486953721158,4.971481027862917,398.5183410644531,360.15625,-1.8537489949936348
2023-03-03,382.1962660076362,386.7285976253681,381.54606794616154,386.47998046875,90120000,0.006514822325808416,0.046187552595847295,52.733812534841995,-0.07621007667338198,384.3238558466582,381.8679699020002,387.4237350463867,45.411213879604894,0.009531069392838399,5.190722260809561,398.5183410644531,360.15625,-1.1853672996338085
2023-03-06,387.3023155770407,389.5971805098177,386.30790523195174,386.7477416992187,72795900,0.006746977093534979,0.04506633506390348,45.946295139208345,-0.1015301696635188,384.5547021183306,382.0593335018911,387.0470001220703,38.83556307231719,0.009292895631651274,5.088957037964032,398.5183410644531,360.15625,-0.690982332426391
2023-03-07,386.69995200651795,386.9389980101572,380.2074543771584,380.81939697265625,108310600,-0.009829998010360767,0.03889697954987294,37.39595617836049,-0.027610733597910775,384.19895877112356,382.0107085399603,386.49432678222655,33.46381272082215,0.009779556219253888,5.123108588000004,398.5183410644531,360.15625,-0.7254177388990489
2023-03-08,380.9341721144572,382.1963128648765,379.21302334137835,381.4409484863281,74746600,-0.007658063034587575,0.034964402930747915,38.16468778367089,-0.02194350566216796,383.93629112495256,381.9883650084453,385.7164764404297,32.39021266305009,0.00920679573365306,5.022709215532814,398.5183410644531,360.15625,-0.6698498996684366
2023-03-09,382.22492782127654,383.8887075845493,373.4184826190144,374.4033508300781,111945300,-0.02493564162456515,0.03427032951380836,34.52732086850049,0.08050607812624211,383.0283920492502,381.6909134720388,384.80379791259764,31.179743997815706,0.009730969900735258,5.3717154678951795,398.5183410644531,360.15625,-1.0480450110749429
2023-03-10,373.8583166785041,375.9332484862883,367.48058669730784,369.00091552734375,189253000,-0.03559913161744037,0.03537510234440153,30.230908073178107,0.09552640590716655,381.69244190430675,381.1932664938155,383.79119873046875,28.23657940181691,0.010009656218252555,5.68657330244702,398.5183410644531,360.15625,-1.571547775936434
2023-03-13,365.0805952370844,373.28466995051247,363.97141834242984,368.47503662109375,157790000,-0.03366183475135011,0.03632406031870237,35.799096199379896,0.13488181166655178,380.43364140114363,380.69451238115977,382.7068862915039,33.42996159007531,0.009946838474057142,5.775364782737869,398.5183410644531,362.7570495605469,-1.8438913709535851
2023-03-14,373.38980130348455,376.21055539266825,370.0909552792131,374.56591796875,149752400,-0.014328412069494405,0.04107579030027635,43.87472682768491,0.18037562450012512,379.8748105980585,380.454175345379,381.69811248779297,42.79369706860191,0.010364532581322956,6.047192498942459,398.5183410644531,362.7570495605469,-1.5180677799355973
2023-03-15,368.98181836154816,372.4240570496017,366.89731528704147,372.2232666015625,172996900,-0.018642458419627594,0.04531897907787716,38.840153396821165,0.23211808143145207,379.14609212220176,380.1313946103274,380.58128814697267,38.041230405562644,0.01038345830051454,6.188570842230364,398.5183410644531,362.7570495605469,-1.369153168221173
2023-03-16,369.8710702132339,379.0982391870772,369.3642939038433,378.7539978027344,143254200,-0.0008789414968785778,0.0562851669440443,46.71148734479706,0.1922435540985954,379.108749806062,380.07737904924534,379.72693634033203,49.73072326857831,0.01127948582828018,6.404393141049748,398.5183410644531,362.7570495605469,-0.7695289047588845
2023-03-17,377.4256197444262,378.55821591341066,372.94318572096427,374.3253479003906,140553400,-0.010832682029292398,0.06454370100202238,41.84217746029131,0.14024706564050904,378.6531877198076,379.8518092002707,378.9236663818359,44.14767559841433,0.011175938977176374,6.484098521664874,398.5183410644531,362.7570495605469,-0.616490044880992
2023-03-20,375.1028314855244,378.3374942216171,374.4021719427654,377.92474365234375,93055800,-0.0016081197001079843,0.07123529661870484,45.34350545186631,0.13532302617251601,378.58381209433486,379.77623800231277,378.34913024902346,49.086853741905834,0.011474062074819848,6.556904622388133,398.5183410644531,368.47503662109375,-0.23764858989810733
2023-03-21,381.28415054635593,383.3670015855469,379.69082383763816,382.8870849609375,91524200,0.009846101514257855,0.07541734625971386,52.516104646693,0.1111880869223052,378.9936476054399,379.8982320006902,378.41331176757814,54.79355226422215,0.01102986521339984,6.719568264150785,398.5183410644531,368.47503662109375,0.35038371264051316
2023-03-22,382.71431965042825,386.3232727268631,376.3218267349629,376.3601989746094,111746600,-0.0056844059955617,0.0843148065664229,42.171213755721396,0.13104877850771168,378.7428429739322,379.75948560751056,378.17744598388674,46.67085258832016,0.01168665941941499,6.999575491813094,398.5183410644531,368.47503662109375,0.30469292036200857
2023-03-23,379.2205184817109,383.25182988301947,374.6709182110407,377.3776550292969,119351300,-0.002958102982515848,0.09119224068023198,37.87214087016148,0.11782518796295682,378.61282507444315,379.6660804867963,377.891096496582,41.76745336320912,0.011631928845060745,7.158991966682606,398.5183410644531,368.47503662109375,0.34495978364079205
2023-03-24,376.1009919988445,379.9403243336123,373.7589969312936,379.85394287109375,107682400,0.0027180419669905046,0.09584723363977898,40.340052683747295,0.13594312205762527,378.73102676936224,379.6734476391217,377.93318634033204,44.004463157715975,0.01149039445154686,7.36556711842923,398.5183410644531,368.47503662109375,0.5293053880666916
2023-03-27,382.1287722364247,382.8966563380157,379.67160169490063,380.5642395019531,74010400,0.004014490754808888,0.09963939394992655,45.63092285626043,0.08513148031126638,378.9056184581804,379.7083806533504,377.94624481201174,49.75593779610166,0.011472771845389414,7.11510361915182,398.5183410644531,368.47503662109375,0.6803852275223585
2023-03-28,379.8732077448907,380.5642888800985,377.8767674052834,379.7100524902344,62871700,0.0017625365777119593,0.10174352113518288,44.37558034472999,0.055719214552351515,378.98223122313794,379.70844621558115,377.98687133789065,48.351705835376336,0.011452090884343543,7.0939773299601745,398.5183410644531,368.47503662109375,0.701302448416238
2023-03-29,383.8660280747297,385.4689621708867,382.66623675154574,385.22900390625,77497900,0.013245850313651537,0.10201759527392304,53.92346523272177,-0.03459076660932747,379.5771619548629,379.92493867403874,378.37611694335936,60.61608517886952,0.011843938830815772,6.757454809611419,398.5183410644531,368.47503662109375,1.0446601418869665
2023-03-30,387.8589998974814,388.10856590647154,385.62260139743574,387.4846801757813,69840000,0.016834630893315425,0.09916300980833952,62.03507156302382,-0.11169389728783852,380.3302589282837,380.2213991250875,378.7313751220703,69.31820646453568,0.011794508534062853,6.359376253271498,398.5183410644531,368.47503662109375,1.3614823111762022
2023-03-31,388.4061147934353,393.24368242982905,388.30051790737826,392.9461364746094,112062600,0.027101438764885587,0.09512402956954515,66.29601080417105,-0.17107519336353372,381.5317710755528,380.7204084329119,379.05468292236327,73.18399476337765,0.011671402274685853,6.105501299411864,398.5183410644531,368.47503662109375,1.8465464849453488
2023-04-03,392.4277650609709,394.8465339049245,392.0342299786999,394.44342041015625,67391100,0.02761641308189708,0.08754529411852302,63.907631875684615,-0.19131984519735046,382.76145196456264,381.25856576535284,379.43946685791013,70.62741158676391,0.01168936842189961,5.753843096172586,398.5183410644531,368.47503662109375,2.1544407500613936
2023-04-04,395.0865256835199,395.3744932102715,390.8824517022873,392.2550354003906,66601500,0.021211025621909553,0.08142702608627587,67.12991049274714,-0.22089603442403183,383.6656027679748,381.68979986868766,380.01124877929686,70.85426752515122,0.011160696925483063,5.5269458694779905,398.5183410644531,368.47503662109375,2.0950268346735443
2023-04-05,391.52554275858984,392.2838191469049,389.577082640603,391.2279968261719,65200200,0.016822628353969558,0.06781524748357172,61.11526771246586,-0.256376472061028,384.3858307735174,382.06384680819684,380.50060119628904,64.66690971095909,0.011199244856244246,5.025002385411418,398.5183410644531,368.47503662109375,1.87784526977234
2023-04-06,390.4313411526847,393.0325102209904,389.3851264771968,392.754150390625,63743300,0.0203946714043855,0.0619559032867401,76.00700113860951,-0.23412743705231864,385.18281359419433,382.48307439966464,381.4181411743164,73.25589008007998,0.010191711171145354,4.870471789841665,398.5183410644531,368.47503662109375,1.7318217834798615
2023-04-10,390.277787817443,393.2340906618624,389.6635097627265,393.15728759765625,63681000,0.02097668942483873,0.06686039743886862,79.56558699891852,-0.20744732246382258,385.94228730880974,382.90167099566435,382.625959777832,70.9091548870971,0.009400110255635665,4.838931402549483,398.5183410644531,368.47503662109375,1.562438142226349
2023-04-11,393.7811965721071,394.6642267543425,392.4950235384784,393.2628784179687,59297900,0.019269450010837283,0.0716014415673602,74.7279440257554,-0.19964070919039933,386.63948646206296,383.30799285536256,383.86535186767577,66.4336272748891,0.009363642128781087,4.605141779882408,398.5183410644531,368.47503662109375,1.3647423509196703
2023-04-12,395.3264818376402,395.61444936283374,391.0744279375137,391.659912109375,86420400,0.01376736209366026,0.0827294096610688,92.35302603351536,-0.2373654230261557,387.11762223799747,383.63551910061796,384.72005157470704,78.7104326084443,0.00895635900502158,4.215040025126683,398.5183410644531,368.47503662109375,1.0475179441717732
2023-04-13,392.7445509263928,397.2173772579594,391.60234704835096,396.86224365234375,85814800,0.026333638465818477,0.09115115057804452,94.57715743278762,-0.20334538330466256,388.04568142031616,384.1542141810778,385.9520004272461,81.6003104246662,0.009042504468919861,4.00319134924309,398.5183410644531,368.47503662109375,1.10391544969375
2023-04-14,396.2287697684171,398.4171884519207,393.5892282764297,395.892822265625,78161500,0.02252316261118802,0.10394625292048155,95.40153884687425,-0.1979170745305685,388.79302816748844,384.61455175302086,386.80894165039064,77.34874881875679,0.008465402893997134,3.906522261612541,398.5183410644531,368.47503662109375,0.9951525808938912
2023-04-17,395.8064397500749,397.3325711300684,394.5778543396015,397.3133850097656,66436400,0.026325110018363147,0.12017066067925485,103.62218527919497,-0.19963182394597,389.6044907238958,385.1125452140697,387.9583435058594,77.88443756185703,0.007804640772570871,3.872926700709099,397.3133850097656,368.47503662109375,0.9388269682240695
2023-04-18,398.8874459715307,399.02183667204184,396.1999248791392,397.5724792480469,63560000,0.02488688615346892,0.13275054330990418,108.2637523599442,-0.1569149887838931,390.36334677381495,385.6011700781473,388.9407302856445,80.33901221820696,0.007661604434951209,3.8825260091439224,397.5724792480469,368.47503662109375,0.8420587103004369
2023-04-19,395.66241754419593,398.4075262603893,395.6048298992257,397.50531005859375,55227300,0.02337050808496272,0.14655909362991945,106.90728530444748,-0.12898385471810903,391.0435337533177,386.06799909698833,389.67164154052733,75.59028069345112,0.007263134354835539,3.6713679148947285,397.5724792480469,368.47503662109375,0.7022739459393179
2023-04-20,394.6929889766768,397.0829934844094,393.7907434550367,395.3360900878906,75840400,0.01676836109298619,0.16626318165412013,112.26779148542174,-0.06799081648877159,391.45234864232464,386.4314536456512,390.6204360961914,66.42567378621436,0.006029512158783664,3.731011100847265,397.5724792480469,368.47503662109375,0.4071064225789369
2023-04-21,395.6336418065236,396.10395069254025,393.6947893230702,395.6432495117187,73457400,0.01617823983657401,0.1796119423204414,95.62285620407644,-0.10617768999797472,391.8514820584574,386.79270054235974,391.5337158203125,57.19402265841591,0.0060411265202541,3.4917367519488574,397.5724792480469,368.47503662109375,0.18713003525682748
2023-04-24,395.44169241406223,396.47832873039835,394.1075394245126,396.0559997558594,64332100,0.01626934872950796,0.1893421445741768,91.53809652772021,-0.10656713623841829,392.25191231535285,387.1559671781833,392.3438186645508,54.56537328391353,0.00596579096196127,3.4601999933532244,397.5724792480469,368.47503662109375,0.032125573296354126
2023-04-25,394.0882614021865,394.6449810037149,389.7114248085009,389.7690124511719,97766700,-0.007916769414093241,0.18767896671532905,61.18416532298751,-0.07469420630010926,392.01544566162136,387.2584395418299,392.8040573120117,44.287521493146,0.007195595259363816,3.5925238104513864,397.5724792480469,368.47503662109375,-0.5016649737716317
2023-04-26,390.3833857943013,391.4583943618871,387.56147365849546,388.1181640625,80447000,-0.012241002108730309,0.1836941930180729,58.53541353688703,0.001680314431744545,391.6442759855146,387.292154228915,393.224462890625,43.053258600685204,0.0072595381918687234,3.6775369673863696,397.5724792480469,368.47503662109375,-0.947878167448863
2023-04-27,390.652086810784,396.11353970438057,390.4025208217605,395.84478759765625,92968400,0.01210574196010931,0.17354487001766458,69.19089407211871,0.06890805453354965,392.04432471048045,387.6275516159245,393.7552520751953,55.4062624114384,0.007856941282215734,3.988107817249727,397.5724792480469,368.47503662109375,-0.7151995829570525
2023-04-28,394.9617272106124,399.2329963765921,394.904139565875,399.223388671875,89433100,0.02030579814409595,0.1615865205821138,73.18693741971056,0.15766756474597865,392.72804508775613,388.082290324001,394.3421875,59.610631483673366,0.007959294028042201,4.042270382362667,399.223388671875,368.47503662109375,-0.34505273127461855
2023-05-01,398.781880454679,400.845515871164,398.5899021077479,398.8202819824219,62122300,0.018392022408393244,0.1489776254134097,77.06474381660018,0.1700024773444926,393.30825812534334,388.50338803609594,394.6358947753906,58.72246463930424,0.007400671044623298,4.048442564330669,399.223388671875,368.47503662109375,-0.1487004522709401
2023-05-02,398.1099974743272,398.1580067083917,391.43917444922255,394.3378601074219,103998500,0.002926530981847345,0.13248826454644883,66.56014320016043,0.18339571583462289,393.4063154569699,388.73219086242244,394.63061676025393,53.85468254031007,0.007827833449043123,4.251377286322046,399.223388671875,368.47503662109375,-0.3315658020918901
2023-05-03,394.83697342513307,397.24616414474065,391.3911757317851,391.6311340332031,91531800,-0.004985881298325151,0.11836370166528856,51.133209613188555,0.16069999998486395,393.2372505594683,388.8458749083354,394.5994216918945,41.887411106683345,0.007882400960400304,4.268517157989696,399.223388671875,368.47503662109375,-0.6284548479969341
2023-05-04,390.58495750937874,390.9112973161723,387.5230869408355,388.8572692871094,94901900,-0.012039869773214121,0.1009748627227875,47.34147128245439,0.057417449114412156,392.8201094859103,388.84632174671873,394.4808853149414,39.66731535123535,0.008020957795416788,4.217094794909452,399.223388671875,368.47503662109375,-0.9841005806982248
2023-05-05,392.48541888407567,397.102214486308,392.2262744508848,396.0559997558594,87891800,0.007874599796202234,0.09929053458266512,51.20013340749075,0.14026364665583246,393.1282895116197,389.12905421766544,394.64597778320314,48.42129462883067,0.009023915763023976,4.609253966961721,399.223388671875,368.47503662109375,-0.7192596362951913
2023-05-08,396.3823017131118,396.641446121568,394.7601813275021,396.1615295410156,50046800,0.007353866593549978,0.10350127964350335,50.83582258151653,0.12192894512934238,393.4171695144193,389.40483756367917,394.7961898803711,48.22162969709931,0.009022992647081535,4.542064895616237,399.223388671875,368.47503662109375,-0.5304252218566488
2023-05-09,394.6162337304968,395.53766541370464,394.1939047732381,394.42425537109375,49220100,0.002416517370169828,0.10837982920449112,48.29261101217297,0.05434465651434084,393.5130824531502,389.60167747769543,394.85425872802733,46.273504677312665,0.009086863904010289,4.482416924660088,399.223388671875,368.47503662109375,-0.5155237368600774
2023-05-10,397.2557473304781,397.8892407221348,392.44697389350114,396.2671203613281,96142900,0.006592408188350377,0.11447778558622188,53.27297248319835,0.07902203812700459,393.7753717777386,389.86306739470064,395.084619140625,51.13502935420743,0.009081435246954404,4.605824083594131,399.223388671875,368.47503662109375,-0.3807701026446484
2023-05-11,395.4033173680311,395.8640185793233,393.5028369960926,395.5760803222656,70157100,0.004547134290171584,0.11652549768850026,54.88611223968347,0.09819441242462346,393.9468678295983,390.08710711735023,395.0203109741211,49.91887263556681,0.00858715912661036,4.631189940434524,399.223388671875,368.47503662109375,-0.3387995186159076
2023-05-12,396.8142197460938,397.0253842033069,392.6389398327061,395.0577087402344,70481500,0.0028035060469575428,0.119470318255962,53.63714076937312,0.03599526874140224,394.05266220203987,390.28203267118886,394.9785552978516,48.797326411612026,0.0085748147365546,4.775165302199882,399.223388671875,368.47503662109375,-0.34539223012801035
2023-05-15,395.6624998283395,396.8238899658133,393.7524408587719,396.4207763671875,54289400,0.005963112319468632,0.12166010248913128,64.84399528361881,-0.00015285917574925367,394.27819688443486,390.5227677180908,394.93392486572264,59.09230842391644,0.008571771450755267,4.541370599320094,399.223388671875,368.47503662109375,-0.2612215999358207
2023-05-16,395.31692397910456,396.2383850257728,393.7619987390595,393.7716064453125,57705500,-0.0012561240229209648,0.12364394032652597,62.148095895166605,-0.006577950450802672,394.229950175947,390.650173158374,394.74388122558594,57.522398435520444,0.008694928559991311,4.452931808229835,399.223388671875,368.47503662109375,-0.3800308792433482
2023-05-17,395.7872199283248,399.1562144912637,394.14591338269895,398.5515441894531,87287000,0.010169784529822687,0.12598253772565976,55.33370183425302,-0.07368402894118053,394.6415305581857,390.9600308458673,394.7961929321289,53.90802966921313,0.009139627722239389,4.266448408520595,399.223388671875,368.47503662109375,-0.1448613919655133
2023-05-18,398.234744921799,402.81316752783374,398.01400205687503,402.3908386230469,97177200,0.017943749114321596,0.11802342484252558,55.160905903803865,-0.07150388138719133,395.3795598976963,391.40829781752143,395.14893035888673,54.51314273290575,0.009272469303687626,4.30004188425214,402.3908386230469,368.47503662109375,0.24014766522744235
2023-05-19,403.2930872519267,403.82098374117817,400.58635087495577,401.8053283691406,103793300,0.014817573729924314,0.10666369659553115,54.7335032114588,-0.08485433621456817,395.9915378473577,391.8160245058202,395.4570343017578,54.231251059824274,0.009287770385358421,4.369971820166874,402.3908386230469,368.47503662109375,0.4159624078812747
2023-05-22,401.8246282749285,403.5043365562108,400.5864351115969,401.9685974121094,60745400,0.013741502612169405,0.08926854054573931,62.80425445370396,-0.10794080846993026,396.5607816154293,392.21416461979237,395.75266418457034,62.32567172949024,0.009288034407011782,4.051171385267911,402.3908386230469,368.47503662109375,0.49827899059290015
2023-05-23,400.32725913165393,401.9013998007867,397.0638317760762,397.4573669433594,86383500,0.0021460878695815757,0.08177003557548988,61.79950768764748,-0.10546612853769977,396.64617069427976,392.41978039718714,396.1370819091797,58.892526167914355,0.008899132507048893,3.983298329773455,402.3908386230469,372.2232666015625,0.2182262497598506
2023-05-24,395.85441436146,396.2383417764392,393.4164298740769,394.5778198242187,89213700,-0.004874331969367339,0.07370090913078603,60.61854393964319,-0.06749024580951057,396.4491848971311,392.50440939432565,396.46006469726564,58.70314741646266,0.009017235755071455,3.9785047566959446,402.3908386230469,372.2232666015625,-0.17063889767443996
2023-05-25,398.08116295648546,399.4441388209707,395.8447647643643,397.9947814941406,90961600,0.004049317220238302,0.06985543729029972,61.24879752876702,-0.13089816000385113,396.59638457303674,392.7197181041223,396.5675643920898,53.333179432399355,0.008067740360291004,3.737174313664042,402.3908386230469,374.3253479003906,-0.2051031982322371
2023-05-26,398.64748907245814,403.8689837488059,398.57071530888675,403.1491088867187,93830000,0.016437012816706228,0.0659758340268935,66.33695201941579,-0.07954002959115603,397.2204535552922,393.1287138210869,396.763850402832,60.23615183028387,0.008360035521981805,4.022384132278282,403.1491088867187,374.3253479003906,0.09571285502528326
2023-05-30,405.07840112218025,405.6062976614237,401.9205417166639,403.3027038574219,72216000,0.01515504463016649,0.055020130769965,69.71816648040723,0.02318746692640694,397.7997154888283,393.52769382251176,396.987971496582,63.63892928434867,0.008352400697498812,4.145107787777017,403.3027038574219,376.3601989746094,0.27155365450903424
2023-05-31,401.4790359496369,402.3812815149699,399.50178187032054,401.0663146972656,110811800,0.008407906200344456,0.04900678233400649,64.87805856085376,0.01118935541887689,398.1108201753462,393.8233260136786,397.3243942260742,57.284373106646605,0.008018254964096238,4.027868870524709,403.3027038574219,376.3601989746094,0.2067023913273256
2023-06-01,401.29661257093727,405.9326227931181,400.0488412722422,404.8768005371094,88865000,0.017264098634025983,0.042918287986732584,70.73047814906413,0.0684139965403141,398.7551992574189,394.25679560283277,397.9866775512695,62.89575949602755,0.00802175821972797,4.250690167356164,404.8768005371094,376.3601989746094,0.3798159359606412
2023-06-02,407.44919955900986,411.5188830151562,406.921303007744,410.7318420410156,91426200,0.029491592388930142,0.03700034208774628,75.02239876081634,0.18051950611460987,399.8958319034757,394.9028758553105,399.08040618896484,68.93110626866898,0.0082249473390345,4.411807175030881,410.7318420410156,377.3776550292969,0.8226194026004845
2023-06-05,411.0773899248413,412.3635629860605,409.2441048720611,409.9447937011719,65460200,0.027200638843233076,0.04334906058268617,79.82750654822051,0.09766651931196879,400.8528758842087,395.49275498652077,399.7748458862305,66.5646967178983,0.007393811673905255,4.415236389813596,410.7318420410156,379.7100524902344,0.9854892254601992
2023-06-06,409.53204325524,411.3652988856477,408.8793344192004,410.83740234375,64022200,0.02674103506016132,0.04746726200982463,85.45018336401472,0.06219013303678578,401.80378316606976,396.0945058632749,400.5086395263672,71.84268293635597,0.0073859644764944716,4.402892592550687,410.83740234375,379.7100524902344,1.069309813714892
2023-06-07,411.2309077542299,412.36350381538136,408.99448016231673,409.4168090820313,85373300,0.020266992702493256,0.05002734691376534,77.23991840752387,0.0573636867722227,402.5288332533042,396.61694912675557,401.2582672119141,65.21494242361828,0.007347591914622397,4.258922278773075,410.83740234375,379.7100524902344,0.949129544578645
2023-06-08,409.4839979895144,412.3443112113528,408.71614321581194,411.8931884765625,61952800,0.024528734888803385,0.05095660177723846,74.55494713018133,-0.017740781480093837,403.4206766079002,397.21601733655194,402.0395706176758,63.83448364110397,0.007381361529845144,4.175279601957515,411.8931884765625,385.22900390625,0.9539179711416796
2023-06-09,412.6898813507892,414.63834160760314,411.64366666036057,412.6322937011719,85742800,0.023990777489468984,0.05241014143403325,76.45282459284223,-0.057497396047752836,404.29797347392605,397.820577193988,402.8923812866211,65.69280881541141,0.007330103373363576,4.158139750601813,412.6322937011719,387.4846801757813,0.9237403869409389
2023-06-12,413.61128515907586,416.4523828840486,412.8914103465747,416.3755798339844,76104300,0.030587702418774884,0.05285070860069018,78.21722360426075,-0.04363405283390198,405.4482216986935,398.5482243563408,403.9582748413086,68.918420702512,0.007439813193316825,4.222581731906303,416.3755798339844,388.1181640625,1.0628431594793626
2023-06-13,417.8345851160925,419.76382988102273,417.1722978814529,419.1207580566406,95899700,0.03394329009500645,0.05294327772282764,89.09811444848025,-0.06555540400957904,406.75036801849797,399.35499038380357,405.09327392578126,79.83071445860901,0.007490456236680025,4.114259189835244,419.1207580566406,388.1181640625,1.2346362333079401
2023-06-14,419.45671780561304,421.4243641568749,416.1740753599218,419.619873046875,100612100,0.03294079243740293,0.05363633994172489,100.30078113102418,-0.013684406256042503,407.9760351640577,400.1496916647083,406.38568725585935,86.90239984457958,0.007164860164230784,4.200641456097434,419.619873046875,388.1181640625,1.2717607838672516
2023-06-15,418.8039410775125,426.0698842831908,418.7079812061063,424.8221130371094,110303100,0.04243528240145904,0.05152891194511628,99.84459148866188,0.04876747889709976,409.5804235329198,401.1172376008809,407.6992156982422,87.55709967000547,0.007182040824952265,4.378897461835469,424.8221130371094,388.1181640625,1.5197754327837636
2023-06-16,426.8048493495723,427.3732510116979,422.9030966686289,423.3751525878906,114165800,0.03439630078559425,0.04741266896207295,92.39729401199874,0.028971747443945484,410.8942072524408,401.99009701213623,408.74843139648436,81.59526867326649,0.007161152056240903,4.278608325292879,424.8221130371094,388.1181640625,1.4591702580778838
2023-06-20,421.4386947666536,422.3250049416328,419.107257409602,421.1785583496094,76160400,0.024855011225412255,0.04204855699333874,83.887804728563,0.02311570821057729,411.873669261695,402.74258569203715,409.7170928955078,76.24862876685819,0.007318496557328788,4.320189699116363,424.8221130371094,388.1181640625,1.1571395589737055
2023-06-21,420.1959468611093,420.9955547817965,418.4329109170005,419.0205993652344,76982300,0.016748815577055383,0.03648727293938732,81.6666829635175,0.03173202011952636,412.5543292715559,403.38093916941745,410.56969299316404,76.42465869096158,0.007499320249042988,4.244812945224043,424.8221130371094,388.1181640625,0.719449223220586
2023-06-22,418.06681362984074,420.6390713007603,417.72961825633774,420.5331115722656,70637200,0.02041059351727838,0.03395281445150355,87.31094392713436,-0.040060678033233876,413.3142133001949,404.05357338129386,411.7234802246094,74.71428268623421,0.006813900907972578,4.03236091119166,424.8221130371094,388.1181640625,0.4522756322652235
2023-06-23,417.0841314152319,419.13617505158805,416.6409763099136,417.3538818359375,92074500,0.010232026382251864,0.02786225863389983,71.13119906955903,-0.1239949910901258,413.6989436369323,404.57515410500537,412.86228332519534,61.417778586936095,0.0068387822967697805,3.8359361100706053,424.8221130371094,388.1181640625,0.005537476899630356
2023-06-26,416.7855154988048,418.7026693868189,415.4078624978759,415.6487121582031,72823600,0.004893279686000276,0.027857901381720885,68.34696275363805,-0.10053439577151735,413.8846358770533,405.00941128356214,413.74497985839844,59.532927070603655,0.006860942642079241,3.8484610225665756,424.8221130371094,388.1181640625,-0.4362710681541131
2023-06-27,416.5254070700782,420.8221567639146,416.0726085341393,420.2055969238281,72813700,0.016125393869607593,0.027467700534515516,74.73675863590485,-0.06475776040962011,414.48663216722235,405.6053401322,414.5978042602539,63.94856727938943,0.00670968174274152,4.040423889656877,424.8221130371094,388.1181640625,-0.45120545969394943
2023-06-28,419.1265614695,421.4290983033547,418.5100016357142,420.41754150390625,75636000,0.01507108414922538,0.026384793981328855,78.09194247883701,-0.05572134754472524,415.051480675478,406.18621077422773,415.45354614257815,66.9908294242748,0.006708078919185264,4.008286247840865,424.8221130371094,388.1181640625,-0.4740560598124475
2023-06-29,420.0031925590313,422.2382840858477,419.5985816622902,422.0744934082031,67882300,0.018416588427526723,0.02803533218939055,79.684671202116,-0.023479879194621578,415.72033903097565,406.8092806814425,416.503955078125,66.13358892694208,0.006470097517592276,3.9376815641277654,424.8221130371094,388.1181640625,-0.4073730586055433
2023-06-30,425.2826480900404,428.0379537648419,424.9647101118157,427.0552978515625,104964000,0.028934676134760463,0.02806787809584859,82.48967891596625,0.0818057302634645,416.7998589186506,407.6032421390943,417.61287994384764,70.14676982756782,0.006618394343795379,4.149737664798924,427.0552978515625,388.1181640625,-0.07501877423262648
2023-07-03,426.70850932168867,427.82602579498047,426.4291155030701,427.5466613769531,32793400,0.030114400782939983,0.033057451099840755,86.91354536628866,0.033310051727966306,417.8233639146794,408.38533701116717,418.45362091064453,67.16361924517474,0.006014147197079725,3.9766534583013304,427.5466613769531,388.1181640625,0.12009591447352186
2023-07-05,425.7354497315169,427.6429894132442,425.7258063379871,426.9107971191406,58418400,0.02546873464234401,0.03841887409749467,81.44640789885318,-0.041789338999273395,418.68883374367573,409.1118256428524,419.30192108154296,62.79842125529457,0.006000099160283249,3.8715772460312428,427.5466613769531,388.1181640625,0.14675248239839078
2023-07-06,423.3366343156822,423.991738320798,421.0629982853608,423.5678405761719,80658300,0.012833365620794865,0.03917298054991423,68.15653380428395,-0.023458831942330782,419.1535010610563,409.67872818925713,419.9384429931641,55.931898737659736,0.006393083488856143,3.9142565343760105,427.5466613769531,388.1181640625,-0.1066694015146652
2023-07-07,422.5755624788719,426.4388005460157,422.2576244540767,422.49847412109375,86134200,0.008821250763626687,0.04008779995479077,56.25906089239324,-0.06364654183521201,419.47206992391705,410.18146332383895,420.5925262451172,46.01359777761257,0.006357949623040809,3.6870617497227647,427.5466613769531,388.1181640625,-0.3770159100726458
2023-07-10,422.1420000351028,423.7412452715391,421.57359837767063,423.5678405761719,62443500,0.010903858399572676,0.04144722678365976,62.18509442392918,-0.1511278021731487,419.86214331936986,410.7064192945187,421.17625885009767,50.33491188539372,0.006276339250345109,3.5225969319227284,427.5466613769531,388.8572692871094,-0.5064502013909893
2023-07-11,424.3289390845195,426.7566930521444,423.3558970583311,426.2653503417969,64463800,0.016698673488717626,0.04192696452417007,71.12982063202733,-0.12975538045323265,420.471972559601,411.3165734532355,421.85791168212893,58.69005786976696,0.006373400163098243,3.460661275888778,427.5466613769531,388.8572692871094,-0.4357196805430812
2023-07-12,430.0515505672172,431.10165159958825,428.6257099376319,429.695068359375,91924500,0.02412368212097258,0.041920614935500505,82.1916957973658,-0.0675651129849335,421.35036263576995,412.03729874367235,422.5238861083984,67.4764145522787,0.00631435138759067,3.6099936919732443,429.695068359375,388.8572692871094,-0.19551663068898062
2023-07-13,431.50622355890425,433.89546265173254,431.07271183277675,433.10546875,72425200,0.030281971635408723,0.04061559067049529,83.45439372838023,-0.05417446490853384,422.4698965514109,412.8635014890185,423.2231216430664,69.37933772566522,0.006377173841807563,3.702203781111458,433.10546875,388.8572692871094,0.1375294924552266
2023-07-14,433.991813962652,434.83958003816,432.07463074719146,432.8357238769531,69815800,0.026458843887599347,0.04037697177554071,91.05111222321315,-0.01772990438428934,423.45711820146255,413.6467258963885,423.8839141845703,76.21548717153709,0.006397086196554325,3.6216904974412096,433.10546875,388.8572692871094,0.2761372963908091
2023-07-17,432.6911892645716,435.3886934056767,432.6430016974079,434.3385925292969,52680200,0.029917834860945246,0.042462604540720573,105.604554146702,0.01699628250697982,424.4934490898277,414.45817164669864,424.3597381591797,81.86599455120268,0.005893574958845295,3.5824679845359078,434.3385925292969,388.8572692871094,0.3981035599084475
2023-07-18,434.01103608987984,438.2114395521847,433.5774949928171,437.56597900390625,80668200,0.035286448641757305,0.04270800547784629,102.88873783905505,0.024062161654278436,425.7384519387876,415.36436017051074,425.0692794799805,81.00483877472936,0.005952945180725783,3.543932266939915,437.56597900390625,393.7716064453125,0.6123928953068898
2023-07-19,438.3560144106051,439.724023983291,437.4889321342747,438.5390625,65891700,0.035480732529165705,0.04172482520057585,106.61305079096115,-0.0318335492755667,426.9575577065221,416.27317202656917,425.9373046875,81.50759506835243,0.0057302864817409295,3.495074779895329,438.5390625,393.7716064453125,0.7280550255984224
2023-07-20,437.5467915202886,438.442745236727,434.91670253914305,435.6296081542969,70591600,0.02334569945036158,0.03404179775942821,92.38855219136762,-0.03698855741598284,427.78346727297685,417.03224795314674,426.76775512695315,72.58441431657047,0.005838588138052922,3.5652646039881484,438.5390625,393.7716064453125,0.5264024550419206
2023-07-21,437.3444566290197,437.5467915202886,435.6199941598992,435.6296081542969,71275600,0.020893510726167186,0.03348141963020358,84.6664150969943,-0.09519282911041405,428.53071878548354,417.7615561963291,427.5225799560547,67.12869428021358,0.005840755235443607,3.276931532827478,438.5390625,393.7716064453125,0.32090894001652437
2023-07-24,436.7760157789645,438.38490436691495,435.7451722274282,437.5756530761719,54023400,0.025584064404942687,0.035269430070780296,92.53772374398457,-0.05820258180774962,429.3921410988824,418.5385796033818,428.5336685180664,68.93422599156507,0.005433319141255394,3.3739590985923127,438.5390625,393.7716064453125,0.24724092923984387
2023-07-25,437.3059083742901,440.0226701000181,437.2577208036124,438.770263671875,55191200,0.02732122359163672,0.0376288657578387,99.65546221601772,-0.03087486724458255,430.2852956296436,419.3319789786168,429.68974609375,71.92745074362762,0.005215656497540894,3.4345138286743526,438.770263671875,393.7716064453125,0.21154209419926762
2023-07-26,437.8357342912967,440.26348802035136,436.7856334140258,438.8376770019531,71052900,0.02638648839149258,0.04464940437021723,120.72814964431544,-0.06576187813649881,431.0998081412921,420.0969083128653,430.62135009765626,82.12407356997211,0.0048651399699085945,3.265232098141902,438.8376770019531,393.7716064453125,0.12909575147008923
2023-07-27,442.2192452897237,442.62388566589414,435.0226560753175,435.9282531738281,92194400,0.013683672187661321,0.04367609164609918,103.0355369261587,-0.0156350163090061,431.5596600491527,420.7177453662364,431.39688568115236,76.22284114595436,0.00524165306051337,3.5095216337588715,438.8376770019531,393.7716064453125,-0.16859807823964346
2023-07-28,439.1941631701477,441.0246146496096,435.92822776892785,440.1961059570313,80011800,0.022982728894105266,0.04259668178140416,100.29361148859438,0.13481691938006546,432.3821787070459,421.4816026443068,432.30296630859374,78.86299275664032,0.0055215690911677,3.7187173471026744,440.1961059570313,394.5778198242187,-0.1271779652506133
2023-07-31,440.6681140687776,441.3906629481321,439.3578768125751,441.0342102050781,62040400,0.024932133822408765,0.04197929353087389,106.79909675686942,0.07322058490216521,433.2061817068585,422.2483715682586,433.00191192626954,77.40444182701563,0.005029758624520997,3.621002357227224,441.0342102050781,394.5778198242187,-0.09396778816062845
2023-08-01,439.5698819163366,440.5140231570704,438.8184321616605,439.772216796875,55291500,0.018308131452110497,0.04258169040213611,94.03648282554717,-0.0002013970767793527,433.8315183820982,422.9355811850671,433.6131896972656,70.33455756474017,0.005128656483406311,3.4338221276290994,441.0342102050781,394.5778198242187,-0.20145352681343187
2023-08-02,436.6604008783812,436.9205079074881,432.9031523438812,433.6546020507813,93933400,-0.00040760403554617066,0.05096821193786323,56.33803433091304,0.11001035022285666,433.8146692076871,423.3559349445069,433.9503799438477,50.99894742452112,0.006150326466522079,3.6244414248174053,441.0342102050781,394.5778198242187,-0.7009054165189195
2023-08-03,431.6410971149184,434.29044314301314,430.995607146359,432.4118041992187,64276100,-0.0033490977580145653,0.054165586767113943,56.3637898014603,0.04352981899160491,433.6810630164044,423.71106707214267,434.392578125,49.25520062024605,0.005877717135397918,3.6622904752235166,441.0342102050781,394.5778198242187,-1.1071550717238425
2023-08-04,434.2230384704291,436.3232404604835,429.9359027397443,430.4561462402344,100128900,-0.007533970796932567,0.058773854326532496,48.437036139412456,0.05477445081940835,433.3739280853406,423.9755799806953,434.790461730957,43.28562230174061,0.005958105127501185,3.922408047542831,441.0342102050781,394.5778198242187,-1.476660730071198
2023-08-07,432.2866424522289,434.36758726861206,431.59299418010113,434.21343994140625,58357500,0.0018681989925181392,0.06716495774185424,47.235819069971235,0.06898595212077718,433.4538815954421,424.3770646850369,435.32274169921874,44.30640984976169,0.006200867654155188,3.870800652472123,441.0342102050781,397.9947814941406,-1.435813028891956
2023-08-08,431.67967473239247,434.20380401220746,428.9725267488997,432.3251647949219,71361300,-0.00249884658616666,0.0743857989529904,42.165572270570316,0.1897827042742013,433.3463847572973,424.68875488542454,435.625732421875,39.76514064719525,0.006199261364612764,4.085502177007141,441.0342102050781,401.0663146972656,-1.4969196022717703
2023-08-09,432.5948520910791,432.7586427817327,428.67381291504086,429.4349060058594,78789600,-0.008665830828111069,0.08055610096384314,42.18653301781315,0.13632288647542978,432.97386297144607,424.87487845877496,435.6127243041992,39.79030152078174,0.006158573417110968,4.118535741709634,441.0342102050781,401.0663146972656,-1.6792583048959018
2023-08-10,431.7855671339231,435.1671052071516,428.42331584667255,429.5890197753906,93005500,-0.007813550473327914,0.08323634136023575,44.258825444026456,0.21852884937711958,432.6514969527741,425.0597467457011,435.43690185546876,40.09462099557221,0.005870137527530471,4.462606598858896,441.0342102050781,401.0663146972656,-1.729912347545831
2023-08-11,427.7200594884635,430.3501481391964,427.1227570858758,429.3385620117187,68690900,-0.007602493852842325,0.08594199363982444,39.144193324427,0.1463181811810157,432.33597933934027,425.22754342279984,435.26204376220704,35.69744262030996,0.005870061604105067,4.496327658909077,441.0342102050781,404.8768005371094,-1.7172496177929446
2023-08-14,428.4233935882657,431.70855712890625,428.1150989625595,431.70855712890625,47867400,-0.0014096121677385825,0.08887936962198738,41.024981024894764,0.1768900733742127,432.2762248431085,425.4817008230393,435.1305419921875,38.21920012055828,0.005958164978529786,4.555506863904867,441.0342102050781,409.4168090820313,-1.4944198227219547
2023-08-15,429.935919835655,430.292402044995,426.1112258867205,426.6796569824219,75707500,-0.01205821706458176,0.09412470497889935,33.51528645190667,0.15209779563222825,431.74321838018597,425.5286794959563,434.58622589111326,32.597957850081656,0.0061807564397260316,4.706898052180597,441.0342102050781,409.4168090820313,-1.6203166142817649
2023-08-16,426.26534575201464,427.9223925566891,423.4425948477228,423.548583984375,80107200,-0.01738027162307248,0.09857490325270299,32.72471862535309,0.08872155379286806,430.96277700915635,425.4510286915806,433.83670196533205,32.3924270295563,0.0062678705209496125,4.483938632065575,441.0342102050781,409.4168090820313,-1.8333808322735898
2023-08-17,425.01294414487614,425.27305119137833,419.8009540161682,420.3211975097656,95711300,-0.022387997411367648,0.10315720244600333,20.864613542915873,0.01079379993481111,429.94929324730964,425.2498588413133,433.07128143310547,20.869798585671504,0.006312262511652381,4.510775081674747,441.0342102050781,409.4168090820313,-2.0918785813570704
2023-08-18,417.5080258452247,421.5543115245304,417.1612164787308,420.5234680175781,98852000,-0.01978196587854991,0.1069931887605635,19.274616193119556,0.040708980803867645,429.0515956063828,425.064510181559,432.3159744262695,19.366915524926952,0.006320269088216419,4.6793685752635055,441.0342102050781,411.8931884765625,-2.1416617976363153
2023-08-21,421.53502982303786,424.0013277942752,419.38666984217986,423.259521484375,68719000,-0.011907554813725215,0.10850285963999963,25.683199923845887,0.06480294840586476,428.4999694995249,424.9937263110812,431.6001678466797,26.37813975580461,0.006441032082506282,4.850717140169057,441.0342102050781,412.6322937011719,-1.891435680252174
2023-08-22,425.0321947779214,425.0321947779214,421.55433988295033,422.1130981445313,64994200,-0.013273232147588495,0.10561287114848812,30.224604225766146,-0.0209076476832617,427.8916960371446,424.8807605006283,430.7673095703125,30.75194215077937,0.006361039789968525,4.608487886024575,441.0342102050781,415.6487121582031,-1.7097464263394513
2023-08-23,423.17286834168584,427.4311034249485,423.0283644204359,426.81451416015625,68441000,-0.002034202915513831,0.10389530383253451,37.17190169916318,0.06000558164026781,427.78910728695524,424.95659397747255,430.16615142822263,41.63073991465198,0.006991860351064929,4.752999977721937,441.0342102050781,415.6487121582031,-1.2034468975895845
2023-08-24,428.4137593836846,428.9243595057039,420.87033128977225,420.8992614746094,88517300,-0.012227824887472406,0.11195902825595724,31.18755839982611,0.08009138354072665,427.13293149530324,424.79748289892893,429.4147018432617,37.22313251124443,0.007450217473196543,4.872049298807111,441.0342102050781,415.6487121582031,-1.1950170903581792
2023-08-25,422.6236627344665,425.1477621948003,419.078363177976,423.866455078125,102325100,-0.0059634755009727895,0.11590432556422993,30.89176698425845,0.07411696135555901,426.82183850319103,424.76097200399545,428.5982192993164,35.86827675086653,0.007249754193738461,5.026189155124728,441.0342102050781,415.6487121582031,-0.9295036268300358
2023-08-28,426.0534267072631,427.17097271429145,423.8665222680011,426.5544128417969,61595400,-0.00047637697872017455,0.11279649079080523,35.53365693431189,0.007660320231406281,426.79636939258205,424.8313030172426,427.87422943115234,42.28689601161681,0.007436617083531402,4.887875186814723,441.0342102050781,415.6487121582031,-0.5324754147396749
2023-08-29,426.44835885508,432.9994865828607,426.26531078000176,432.7200927734375,83081900,0.009531741092310711,0.12149142477778371,41.070711559677754,0.1016876484913376,427.3605335240921,425.14066732140714,427.5216232299805,54.03742595483291,0.008250562439037908,5.0771141822552295,441.0342102050781,415.6487121582031,0.14932454229515635
2023-08-30,433.0573129923486,435.1382574911251,432.35402143192493,434.5024108886719,69053900,0.012298167188944952,0.12780084996776436,45.46324033777191,0.008686928028862617,428.04071232071874,425.5077945201234,427.564013671875,55.80609192119392,0.007706905249297513,4.794288946449593,441.0342102050781,415.6487121582031,0.6937965801191539
2023-08-31,435.1190142078131,436.255817610441,433.6835595621321,433.8666076660156,66084600,0.010054099779786902,0.12948216766939485,45.21038412131241,-0.02556533387946347,428.5955594964613,425.83559111408,427.63675384521486,55.30244389505117,0.007684598209323979,4.747493731805902,441.0342102050781,415.6487121582031,0.9677518573870988
2023-09-01,436.58338220970904,437.06508153807744,433.2211009052936,434.67584228515625,58944100,0.010607750169605901,0.12917721995230833,44.36264635233268,-0.051888409564640026,429.1746340477656,426.1822676305928,427.8477386474609,53.60659240223863,0.0076105466001839175,4.765388193694264,441.0342102050781,415.6487121582031,1.1478045185475814
2023-09-05,434.2327253281371,434.5506339765606,432.7298256434876,432.7972412109375,55166200,0.006483529090385752,0.12822315869587966,49.323992191700924,-0.07841754632066644,429.51964425378196,426.4416783592338,427.7769287109375,58.052278896836086,0.007426530350353739,4.504580007943043,441.0342102050781,415.6487121582031,1.085414707756235
2023-09-06,431.9879277285903,432.093916863234,427.5659316686507,429.8877258300781,70758500,0.00065224258742501,0.12685603774032328,49.12572318347397,-0.1021948175717341,429.5546996420006,426.57681747573747,427.6550567626953,58.392855844142225,0.0075158169533162105,4.558259424608792,441.0342102050781,420.2055969238281,0.8060728070908276
2023-09-07,426.89156794336543,429.2422630358517,426.5447585365695,428.5679016113281,70355400,-0.0017812913789123713,0.12347253064354338,52.694552345358645,-0.08095261508258411,429.46071887717466,426.65489920654494,427.61170654296876,61.49925956186492,0.0073955547987263745,4.4061787187729715,441.0342102050781,420.3211975097656,0.5050062767545336
2023-09-08,428.6160154651993,430.7451180605752,428.2595627004295,429.21331787109375,61659700,-0.0004471111335384583,0.11577445825838664,53.15641274752946,-0.10059367630609484,429.4371568765955,426.75522935025276,427.5929214477539,61.96926274126717,0.007403541125125362,4.2699258840834045,441.0342102050781,420.3211975097656,0.3303716191474718
2023-09-11,431.8337674259448,432.34436749416994,430.12856253408137,432.0361022949219,60180100,0.004620888461566824,0.10697590793748969,52.4028649797364,-0.12620888554432308,429.6846754878647,426.9623224069065,427.72779846191406,62.05991061296963,0.007546483774499307,4.163953860582036,441.0342102050781,420.3211975097656,0.3823382130505375
2023-09-12,430.59102153155527,432.11317840274216,429.0881220484013,429.6661376953125,67565400,-3.304037990395206e-05,0.09758880214401232,50.82165048837673,-0.08279770802283448,429.6829099838121,427.0683543790008,427.62567749023435,60.041008214625286,0.007550156706008659,4.131611107679878,441.0342102050781,420.3211975097656,0.24134936908752103
2023-09-13,429.88768993651144,431.3231443270165,428.78940150844926,430.1670837402344,60199300,0.0009263154757881729,0.09025063539284181,49.993881632641546,-0.13722874211239944,429.72902177013805,427.1898731774806,427.800048828125,55.017240670627835,0.007055897475202336,3.932735217547738,441.0342102050781,420.3211975097656,0.16947538934273748
2023-09-14,432.6334271290332,434.5698383708397,431.332833106535,433.8761901855469,83430800,0.007977876647458717,0.08378865774999575,64.74230646279887,-0.16664071164240957,430.12399019065316,427.45208168760087,428.3164291381836,70.79346388864982,0.007033525122694768,3.671929961453003,441.0342102050781,420.3211975097656,0.3490400535084188
2023-09-15,432.29352436707654,432.62223173023705,428.2136407942197,428.648681640625,111848900,-0.002711275484526374,0.07633327100105858,49.91004146258047,-0.1468542141453396,429.98348461446,427.4990071759548,428.73280334472656,57.14518908961581,0.007387552845666502,3.6428692739174915,441.0342102050781,420.3211975097656,0.1056790880889375
2023-09-18,428.3393572391215,430.1956202798295,427.8656361967372,428.9001159667969,55752200,-0.00199790867991653,0.06786759189840255,47.123018239551925,-0.1418589508787873,429.8803066480159,427.5539526187329,429.1516357421875,53.77996124831568,0.007387195537536629,3.573259734412192,441.0342102050781,420.3211975097656,-0.040593614376083886
2023-09-19,427.9815868766938,428.5713482483716,425.332573169419,428.0105895996094,66514600,-0.0035017401254525166,0.06085893285198789,36.34105940908688,-0.1898870500249774,429.70223835769144,427.5718599513163,429.3891891479492,40.85603804508196,0.0072999914607140125,3.3470716625921164,441.0342102050781,420.3211975097656,-0.19106634266560596
2023-09-20,429.2675002876334,429.6832158729015,423.8727570723084,424.0758056640625,82562600,-0.01018291437562116,0.04980954471432523,26.8852926847238,-0.09395618247182047,429.1663876249649,427.4347597831887,429.4873245239258,31.317307050842487,0.0075920745942563836,3.5632304298344684,441.0342102050781,420.3211975097656,-0.530189281604702
2023-09-21,421.23345141612367,421.4944759763419,416.9118677822532,417.0665588378906,104095800,-0.020909216986651498,0.04930246857555466,20.841356650754612,0.059717260854019516,428.01402297857686,427.02816366768684,428.9999267578125,25.494338587878758,0.008014348801836026,3.891207560798782,441.0342102050781,417.0665588378906,-1.164773763538514
2023-09-22,418.0913196169547,419.6865285568745,415.712978065788,416.1287231445313,100829700,-0.02224443283793458,0.05022626190539259,20.351689716870172,0.07071164441842392,426.8820896610487,426.6007346275631,428.7613998413086,23.04706625321974,0.007443497442996067,3.9004625506775477,441.0342102050781,416.1287231445313,-1.5611638198467128
2023-09-25,414.9202354602062,417.91728222441265,414.4851650567311,417.8786315917969,70874500,-0.017224980213412427,0.05226465917077608,25.438649041137325,0.12127661744381713,426.0246174639771,426.2586913712586,428.4620086669922,28.238672026281634,0.007316878755433676,4.0066125882498955,441.0342102050781,416.1287231445313,-1.6123950428798033
2023-09-26,414.8428197503268,415.54859200929735,410.90794984146544,411.7394104003906,96168400,-0.026023401200308334,0.052117710655708534,22.06621309863224,0.23416941035973338,424.66412155315936,425.68930780377354,427.72125854492185,25.807089401047577,0.007752277446622457,4.130853460253085,441.0342102050781,411.7394104003906,-1.9443926193248269
2023-09-27,412.9092856337623,413.4700443597365,408.2686723025208,411.90380859375,104705800,-0.02670729022963461,0.051070618894306224,26.52633321371473,0.19655372887540046,423.4488536522632,425.1486999916158,426.6804443359375,27.079588812820774,0.006783756447569268,4.263596657660729,441.0342102050781,411.7394104003906,-2.0282513183620123
2023-09-28,411.3527373620953,415.964347748709,410.7629759370554,414.2917785644531,92258300,-0.019005153656303952,0.05551706091403667,29.48330371495574,0.14555275641454202,422.576751262948,424.7229383670212,425.66991271972654,30.41516961270858,0.006878888142977173,4.457583547054152,441.0342102050781,411.7394104003906,-1.805659413526771
2023-09-29,417.3371969608053,417.5112133076614,411.7684378270295,413.2863159179687,115111300,-0.019391545240930685,0.05861179942038971,23.501354052724743,0.19066273132546474,421.6919478967595,424.27444336901914,424.6408981323242,24.157697047701845,0.006875679299060621,4.644135394022418,441.0342102050781,411.7394104003906,-1.6151043214871166
2023-10-02,412.454856073705,414.3691244055631,410.36657139466814,413.1219482421875,83798600,-0.018121417000066146,0.06205279459357616,25.300411749116552,0.17654414544615604,420.8757574534669,423.83709061894734,423.5632034301758,25.72152030252701,0.006820118383441689,4.713956583776285,441.0342102050781,411.7394104003906,-1.3972606303237454
2023-10-03,410.9466132055397,413.17991127797546,406.2286404710157,407.5918273925781,103760600,-0.026701229142785506,0.06212764245976013,19.699642240144332,0.2175436252160714,419.6106212571918,423.20002147281525,422.3029327392578,21.13204366333703,0.007234897952717417,5.029494297232893,441.0342102050781,407.5918273925781,-1.5129778927207687
2023-10-04,408.0559666596498,411.3043900178651,406.59609392791054,410.5599670410156,87453000,-0.017647817515413562,0.06023580651862951,17.696081520845123,0.18475528826356502,418.7486541889845,422.7043330637251,421.3365447998047,19.608616857255967,0.007524584398241903,5.051318687186409,441.0342102050781,407.5918273925781,-1.2859110943906322
2023-10-05,410.2699382204488,411.2464125781848,407.1858831038249,410.4053039550781,70142700,-0.01640798787353537,0.05926980351156329,20.528541754907895,0.10752577960763543,417.95404940480296,422.2220181967193,420.4284149169922,22.596908001917853,0.007533615771293943,4.936888693117319,441.0342102050781,407.5918273925781,-1.052256227980096
2023-10-06,407.9592044528576,416.8150657604601,406.6346976952794,415.2778625488281,113273300,-0.004920861136098275,0.05987245325171988,27.192296284596793,0.18377909765502798,417.6991744661387,421.9496983673903,419.7316421508789,32.03257831418409,0.00813035055101882,5.497630406123635,441.0342102050781,407.5918273925781,-0.5034968144380976
2023-10-09,413.3830108074734,418.5070521455923,412.8319589906931,417.9366455078125,80374400,0.00044041327448587957,0.058998559202918646,31.94272795493844,0.19818025834478226,417.7217907558219,421.7923237454461,419.02666931152345,37.30520531845912,0.008121196973374472,5.648169717375156,441.0342102050781,407.5918273925781,0.07386673127631127
2023-10-10,418.5650575162268,422.70294712015226,418.1686672417201,420.1119384765625,78607300,0.0044250475480967595,0.05834438277304867,38.291273178498024,0.10818041172405746,417.94942387208295,421.7264262839212,418.54895935058596,44.773101885237445,0.008205184679309283,5.573587061071346,439.772216796875,407.5918273925781,0.607868882889659
2023-10-11,421.17540990507433,422.0841718346622,418.797068320578,421.8328247070313,62451700,0.007187796540947031,0.05943273363577374,49.038700840783285,0.04857179848017168,418.31927157064945,421.73059877110205,418.13224639892576,57.30359041794536,0.008273497508267141,5.296670320519553,434.67584228515625,407.5918273925781,1.0563150449425032
2023-10-12,422.4419089154139,422.8189443567332,416.91182957643576,419.2611389160156,81154200,0.001805611167093163,0.0591736020150743,48.37975595385394,0.10085164833470905,418.40897322258905,421.6337572081575,417.40149383544923,54.571073574141856,0.008028664498924129,5.434782055463188,434.67584228515625,407.5918273925781,1.1512786075586594
2023-10-13,420.75965970754623,421.95850789546967,415.60664534568787,417.1728515625,95143100,-0.002485151346738127,0.05965669241234084,45.52564698041775,0.026503216868825286,418.2912473501996,421.4588197318572,416.827702331543,48.980140814388015,0.007697024163435626,5.643335297041777,434.67584228515625,407.5918273925781,1.0479333402196578
2023-10-16,419.4157827397426,422.6255551040407,419.1740835467255,421.56207275390625,75433200,0.006254850406078439,0.059467326163478905,57.46535845822619,-0.020052767695450724,418.602754531505,421.4628688699768,416.46080017089844,64.94994375232812,0.008135172730591986,5.534908282128153,434.67584228515625,407.5918273925781,1.2367004804674941
2023-10-17,418.43931518310666,423.59235858221746,418.09128250171426,421.542724609375,75324700,0.005651082656592765,0.05946358308893754,57.60874172591413,-0.0030987851304956626,418.88275168177836,421.4660004676002,416.13740692138674,64.73534527159669,0.008131502129833101,5.556315712362975,434.67584228515625,407.5918273925781,1.3144992468667995
2023-10-18,419.77349041439385,420.7306097718711,414.8428210042976,415.9256286621094,93559800,-0.005535878632515137,0.05906199800284656,45.2754761670593,0.06922903539369463,418.60112091800033,421.24873098503195,415.7298980712891,52.273283127312,0.008405718886310854,5.663353697607533,434.67584228515625,407.5918273925781,0.9584356493710611
2023-10-19,416.6410582205272,418.4489633659572,411.59437816274504,412.2711181640625,121323000,-0.012835411607671269,0.05417284291327565,45.60752129914452,0.056669544277134554,417.9982635128634,420.89666773715084,415.49012603759763,48.684464452937235,0.007806817481748918,5.742768677791836,434.67584228515625,407.5918273925781,0.47216411933974856
2023-10-20,411.83610400929126,412.37750784711915,407.0987761718527,407.20513916015625,123919900,-0.020938076483959973,0.053927101965282664,38.620131750789945,0.03377240401321546,416.97034690784363,420.35974504785696,415.04394683837893,43.1969700372219,0.008232976346600022,5.833924296675511,434.67584228515625,407.20513916015625,-0.16138084326131796
2023-10-23,405.6776064364825,410.35692908932583,403.9277065226112,406.4993896484375,92035100,-0.02072140042745025,0.0539501493798269,44.20644169652268,0.047286574806478576,415.9731128831383,419.81620169886014,414.47498474121096,48.587201817373824,0.008139993314999568,5.796635136658003,434.67584228515625,406.4993896484375,-0.5753949869275332
2023-10-24,408.6167068763109,410.71466914656554,406.7701212432729,409.5641784667969,78564200,-0.01344007022661325,0.0538320356878393,46.90026047849819,0.036913660790353076,415.3627381768201,419.41416157211256,414.36622314453126,48.71540490531869,0.0077294974614569995,5.761419665813252,434.67584228515625,406.4993896484375,-0.5881697716409904
2023-10-25,407.8819288454219,407.91093157015536,403.17360349885,403.6860046386719,94223200,-0.022874248107842048,0.05057118360095813,38.071828975976146,0.04670338518463946,414.250668316044,418.7973711041345,413.95533294677733,42.4472316784189,0.008344967075117378,5.92785148678375,434.67584228515625,403.6860046386719,-0.918164249960181
2023-10-26,402.6225515026816,403.47330792914914,397.9335809780985,398.8520202636719,115156800,-0.02979437317742141,0.04787182152212487,27.82502510569587,-0.022845937483376377,412.7841304062943,418.0152004829399,413.18334503173827,31.520653915928662,0.008530137841120609,5.611569743597512,434.67584228515625,398.8520202636719,-1.3609566172885104
2023-10-27,400.43756406837696,400.833954292058,395.6229054415524,397.0440979003906,107367700,-0.030674592771013053,0.043958745554273565,23.065820621573735,-0.04379566168967852,411.28507969144636,417.1928043032321,412.37123413085936,26.03676844810441,0.008550443991099582,5.578423721855115,434.67584228515625,397.0440979003906,-1.65501850503522
2023-10-30,399.8284803456642,402.8448816266276,398.5329761803426,401.79107666015625,86562700,-0.017553848229875293,0.040771356518715184,25.290903047758388,-0.024897174280664958,410.38088892656157,416.5888149838958,411.8046905517578,30.157028191564663,0.009098479129109646,5.652315301419203,434.67584228515625,397.0440979003906,-1.418353201320989
2023-10-31,402.361504611754,404.63348310254605,400.4569136434261,404.314453125,79665200,-0.01170247847483632,0.039192644899149136,27.392270416614718,-0.0079096967846638,409.80313313593666,416.1074674600176,411.6408218383789,31.35038056734875,0.008786608161287209,5.71584858320747,434.67584228515625,397.0440979003906,-1.0001171520572756
2023-11-01,405.2812038082296,409.4384179741357,404.7494479004914,408.6263122558594,98068100,-0.0022389324053483086,0.03961506803595757,33.66974062157878,-0.0452005562168567,409.69105495688166,415.81408882456043,411.5441390991211,39.08291772136036,0.008972177620558122,5.659909302410203,434.67584228515625,397.0440979003906,-0.3735844470818428
2023-11-02,412.41619465013827,416.61211901779166,412.39686933434086,416.4574279785156,94938900,0.011665833552436935,0.05111306369520629,38.58251692387537,0.029412422409771377,410.3354714351325,415.83931781099005,411.846745300293,49.3430466293133,0.009961162258724841,5.776619603278094,434.67584228515625,397.0440979003906,0.5761028952125771
2023-11-03,418.75840416588386,421.8038083599404,418.63271585397734,420.2569274902344,100167800,0.017420368591353402,0.05659711041553081,38.940558495929814,0.03416760351842574,411.2803720118089,416.01255740625453,412.09569854736327,48.7883995496621,0.009817964150701202,5.769025091841241,434.67584228515625,397.0440979003906,1.41995174084256
2023-11-06,421.0109973746679,421.6684121077968,419.2804228673673,421.22369384765625,67831700,0.0176806962305639,0.06001878081820785,40.272167156204816,-0.018692084511099716,412.2273550437943,416.2169156980742,412.26005096435546,49.708954966251696,0.009733775938707981,5.546661746121694,434.67584228515625,397.0440979003906,1.9692123469434906
2023-11-07,421.2237277176419,423.0606358569916,420.0829145000172,422.4225463867187,64256100,0.01827674915848857,0.062190684530506586,46.213227725786346,-0.07611415721240578,413.19832564788237,416.4602737642956,412.3755813598633,56.44669066992088,0.00968714223925891,5.28079158554291,434.67584228515625,397.0440979003906,2.3153605676955955
2023-11-08,423.0219303160148,423.544008852029,420.4309219590949,422.7319030761719,61746000,0.017184084542376306,0.06368284357135792,50.421654039705615,-0.1142010519316311,414.10628540295755,416.70622001182016,412.4205352783203,61.11799090656098,0.009647224901671263,5.0135417062373335,434.67584228515625,397.0440979003906,2.4540134963565183
2023-11-09,423.8727133946502,423.9113935278032,419.0097266771128,419.43511962890625,83174400,0.00957688182680208,0.06498395941085588,52.301957165832505,-0.1367601041875557,414.61379342447646,416.81323568307846,412.42923431396486,63.506266606811366,0.00971253070030008,4.9866085044819055,434.67584228515625,397.0440979003906,2.219615348074451
2023-11-10,421.5041020397778,426.28972875327344,419.42546520511473,425.9803466796875,89462200,0.019473055106729944,0.06707426874882441,54.35623725514644,-0.1302372965242392,415.69632230592515,417.1727302319651,412.8696090698242,69.0561254646474,0.010226766266169843,5.017682860299337,434.67584228515625,397.0440979003906,2.3867187151163725
2023-11-13,424.646163131373,426.6764127794683,423.86306009469695,425.57427978515625,52236100,0.017388304036017776,0.06826532142235252,53.92220185191775,-0.11342254929962525,416.63708016109,417.5022027634628,413.0702194213867,66.52025909982649,0.009989204009872231,4.91754523077386,433.8761901855469,397.0440979003906,2.347660464125817
2023-11-14,431.5007656250587,435.1165763059157,431.2783917339626,433.8307495117187,97176900,0.028012701317129407,0.07584387289903356,59.99285290702327,-0.02615581101309572,418.2745724801975,418.14253793006105,413.6846206665039,79.65002878605684,0.010841228680124496,5.142668198831903,433.8761901855469,397.0440979003906,2.7289036598369143
2023-11-15,435.16489156652574,436.3927423798599,433.8983901244557,434.7491760253906,77327600,0.028432434474747723,0.077097367219928,70.67890469098845,-0.019698932797889257,419.84358234164444,418.7937786396818,414.625798034668,88.25463500174317,0.010264887692393303,4.914780285086749,434.7491760253906,397.0440979003906,2.8790817631738133
2023-11-16,434.3044096920699,435.5999137144547,433.2409274336067,435.2808837890625,66665800,0.027596394315556973,0.07203601228486829,76.49053519941333,-0.05525739069410451,421.31380152711284,419.4403317827948,415.77628631591796,91.88727297770212,0.009936434289631623,4.711061530111205,435.2808837890625,397.0440979003906,2.845318661854752
2023-11-17,435.29057073108856,436.43141334936854,434.3721314970017,435.82232666015625,83133200,0.02775405579617096,0.07201361622229896,81.38470393802451,-0.11436981571245941,422.6955658254979,420.08276295445603,417.20714569091797,91.06389277997005,0.009297597400245366,4.443811396263336,435.82232666015625,397.0440979003906,2.692170909586165
2023-11-20,435.57093106914016,440.0182019431349,435.5612536604329,439.1770935058594,69936200,0.03166807584734088,0.07132439803734737,82.2074186444621,-0.09226285766401299,424.26523512838946,420.83156023098167,418.8410308837891,91.23966011310792,0.009260358796851212,4.463838455090626,439.1770935058594,397.0440979003906,2.6456271907546784
2023-11-21,438.13299304399567,439.0514618608499,436.9534996970191,438.2200012207031,49244600,0.02668513890004292,0.06462662939842338,79.17970191332678,-0.17228393306875633,425.5942604705146,421.51345987763744,420.27382202148436,88.02489177489178,0.009314940923385855,4.256669095069526,439.1770935058594,397.0440979003906,2.387138017503865
2023-11-22,439.8732146058272,441.2267242124143,438.81940964411666,439.911865234375,59394900,0.030637945941177133,0.07752891010577977,86.62330508577222,-0.20626761969877339,426.95784187659655,422.2349659700585,422.08511505126955,85.7817270652517,0.008322611887842255,3.9010202543394468,439.911865234375,397.0440979003906,2.172965401219715
2023-11-24,439.96027278304024,440.3759883694041,439.63156537724313,440.1826171875,29737400,0.031533081852492775,0.10256756202633961,94.87008338537763,-0.24171888025311916,428.21734428715877,422.938795429566,424.1516448974609,84.06616168520085,0.007454637840579127,3.5723090122491783,440.1826171875,397.0440979003906,1.9021521473147125
2023-11-27,439.5542010097652,440.3663068584605,439.0031197003399,439.3898620605469,50506000,0.027150310273326848,0.12355029461268181,93.67466549398563,-0.21258835006923982,429.28139359891003,423.5839352974476,426.26893310546876,81.24387870466305,0.007294696521048899,3.4991088635128285,440.1826171875,397.0440979003906,1.5378281905141558
2023-11-28,439.0030764411284,441.1203637861366,438.44234728096177,439.8248596191406,62115000,0.026015825985679194,0.14153110362276286,94.74436093753165,-0.22091683892983416,430.28553321988437,424.22083429045523,428.17062225341795,80.73776368146603,0.007163596286930671,3.47770137409857,440.1826171875,397.0440979003906,1.2088392871949338
2023-11-29,441.97117519611106,443.10234049536746,439.1191421839662,439.5155029296875,63146000,0.022470353953087246,0.15521946287139968,92.40097012428457,-0.16839855045261543,431.16457795415135,424.82062521748395,429.93067474365233,79.6449281846339,0.007244900493943323,3.5398521897033715,440.1826171875,397.0440979003906,0.868985714362748
2023-11-30,440.35662667945024,441.5941254302394,438.287667320312,441.2460632324219,79752700,0.025015806072001535,0.1678732382215382,107.58710541091259,-0.12179161223032398,432.1247194092247,425.46476004159916,431.5616622924805,90.7810993249759,0.00708370363079006,3.4259087082202972,441.2460632324219,397.0440979003906,0.6683402056353405
2023-12-01,440.6369649429203,444.388141230824,440.0472330596215,443.8564147949219,89183400,0.03338024309576006,0.18367323959266219,121.51888855375813,-0.09143665139030344,433.2420237316721,426.18600140447455,432.9316116333008,89.19054175749037,0.006134093975143848,3.245669038437711,443.8564147949219,397.0440979003906,0.6200887240243969
2023-12-04,440.4726232624604,443.8757373404589,439.2544498661346,441.52642822265625,72430900,0.023042507631849844,0.19431158324597309,109.74911387621381,-0.035523794963197686,434.03101463557533,426.78758676989344,433.9950866699219,82.25193430161531,0.006245593959846969,3.374807237691491,443.8564147949219,397.0440979003906,0.3531901427818278
2023-12-05,440.14394887033336,442.3965725770802,439.76688393206007,441.439453125,69793500,0.020426673758349667,0.20169320543245256,96.67570182546501,-0.1715650016015785,434.73658020599675,427.36216976421133,435.00587463378906,72.97170298080619,0.006274483254443256,2.881049532281537,443.8564147949219,397.0440979003906,0.10557782049344322
2023-12-06,443.5760992801803,443.60510200805135,439.2255130737281,439.66058349609375,69124700,0.01318553095924959,0.20520125868909417,82.55991457960594,-0.14943402679889495,435.2055329002917,427.84446049879494,435.86777648925784,64.09584018694372,0.006433107931742805,3.0108778227231108,443.8564147949219,397.0440979003906,-0.22517939084438687
2023-12-07,441.7391713636157,443.6630877368815,441.13976201140014,443.0153503417969,66995400,0.020510877560945308,0.2059039639537037,87.4459016861408,-0.08687818936544511,435.9493250375779,428.4393973553833,436.88194885253904,69.1026014022277,0.006544313600982209,3.1282719627188067,443.8564147949219,397.0440979003906,-0.26258145220598283
2023-12-08,442.2708481089666,445.4516177863762,442.02914891320626,444.9198913574219,83194400,0.025181413354232476,0.2070187313885338,96.29126683135789,-0.006170245331794333,436.8036646870869,429.08569123781615,438.1561874389648,71.0517358507088,0.0060992791401310266,3.2256424642047414,444.9198913574219,397.0440979003906,-0.20610505917491473
2023-12-11,444.4268307846884,446.8244975103325,444.2141343049595,446.65045166015625,65002200,0.031403825642966385,0.20678259061942034,106.00371717753585,-0.08328289226200003,437.7414539226173,429.7745053720256,439.18969268798827,68.6988883917186,0.005337028080612719,3.093743530109813,446.65045166015625,397.0440979003906,-0.10438134302928503
2023-12-12,446.3024099023236,448.78708475043413,445.30661038207074,448.6903991699219,68327600,0.03496356041549577,0.20495423721826378,115.91993237944826,0.10498645624180702,438.78421061283683,430.51630512880587,440.3454986572266,74.85107924090974,0.005297882095761794,3.1835207129328915,448.6903991699219,397.0440979003906,0.04035226833019845
2023-12-13,449.0674408996175,455.1292757819329,448.709730800554,454.8778991699219,93278000,0.0606290057942959,0.19606542997860385,145.34066918643083,0.13876242904248204,440.3169428563687,431.47166175786924,441.3978561401367,79.27408003457444,0.004444700129339049,3.4286745429543095,454.8778991699219,397.0440979003906,0.4690516132071041
2023-12-14,456.81145899765846,458.0006296077065,453.6693695971455,456.3377380371094,119026000,0.05964758112858357,0.18780836748350058,145.8113630938185,0.17792737685223026,441.8427328735821,432.446802004114,442.47728424072267,80.19535077922419,0.0044479967128614965,3.6848771871257417,456.3377380371094,397.0440979003906,0.7504846981481847
2023-12-15,455.7416829419304,456.9162712434612,453.7420093093976,455.58636474609375,141553700,0.049672704364141444,0.1767397646730979,142.18568971411926,0.18247441043099055,443.1516501947737,433.3542358371328,443.49255828857423,80.31959927835369,0.004534603430669107,3.814239671121669,456.3377380371094,397.0440979003906,0.7820360564480433
2023-12-18,457.1881393985243,459.12957270241793,456.1300618027728,458.1491394042969,70375300,0.052943470643992165,0.16773513464233167,141.8445330401289,0.2528637305471475,444.57998250044255,434.32658499662944,444.60889892578126,81.7717240386732,0.004586833668238468,3.8760390604894814,458.1491394042969,397.0440979003906,0.8650311764674541
2023-12-19,458.6927663957653,461.01279355520546,458.6151220933891,460.93511962890625,55761800,0.058058393759117005,0.15468468827522716,147.3887144296311,0.19241304290339323,446.1376146079153,435.37005694299324,445.6968002319336,84.20131410450074,0.0045041242593177435,3.796071620454289,460.93511962890625,397.0440979003906,0.9881923851372214
2023-12-20,460.0808885777092,461.9640813854923,454.12070331796554,454.5478210449219,102921000,0.02329992751962653,0.12959567890782472,93.7317209987582,0.20167058147236072,446.93858664953495,436.12212612346104,446.51319122314453,68.48967922015117,0.0057247023976727835,4.120137331711386,460.93511962890625,397.0440979003906,0.5424030925047729
2023-12-21,457.5278509164755,459.1295570366737,455.1107760152546,458.8577575683594,86667500,0.03144069244147289,0.11512443329545202,91.32903614365968,0.12278893129696589,448.07374578466107,437.0137195134571,447.4604858398437,69.9113402496148,0.00596187300483925,4.137339318893481,460.93511962890625,397.0440979003906,0.44481196690997127
2023-12-22,459.98374941589714,461.45925759296136,457.8870276491879,459.7799072265625,67160400,0.03069174806760785,0.10917643545461818,97.84476213075891,0.06506328611101697,449.1886183029374,437.90651118848086,448.4403503417969,75.16852514201557,0.005951405759032228,4.06240663813985,460.93511962890625,397.0440979003906,0.35336613506000614
2023-12-26,460.18765521976536,462.62413389794295,460.109981297383,461.7213745117187,55387000,0.032956113950482556,0.10399674756758347,100.27494448023066,0.0520355236990111,450.38221413234515,438.8404273972353,449.55692596435546,76.60482074717895,0.005890532553775729,4.077730782879875,461.7213745117187,397.0440979003906,0.33481087262775233
2023-12-27,461.5175698735068,462.70184548290086,460.9836875153384,462.5562438964844,68000300,0.031788224619392395,0.09959761489431831,105.28966405061294,0.02411886804789698,451.5416455384536,439.7704594168137,450.69349517822263,80.79608565904678,0.005882341836211184,3.8876285709683924,462.5562438964844,397.0440979003906,0.29153111000685694
2023-12-28,462.9153039892976,463.56566747559816,462.3134644799744,462.7308654785156,77158100,0.02910578107451991,0.09399461700424383,102.79949935162071,-0.10411275526709252,452.60728553274527,440.6708674976648,451.85426330566406,78.99949545641444,0.005855888661663303,3.691178482028107,462.7308654785156,397.0440979003906,0.1922233756522802
2023-12-29,462.5367348441508,463.060930093317,459.44014657654174,461.3912963867187,122283100,0.022222681243056767,0.09037728555668846,94.63423452671587,-0.10441384471574244,453.44385799502845,441.48343333645124,452.8615249633789,74.6372213828266,0.005971495168731472,3.705343813714202,462.7308654785156,397.0440979003906,-0.03406595774378829
2024-01-02,458.33359292378987,459.79938459581,456.7124830275094,458.8092346191406,123623700,0.013103625416867647,0.09380727789577563,83.00068121043816,-0.05152521731841131,453.9548462449439,442.1628765240077,453.60916595458986,67.73483063243201,0.0061518185089728394,3.8530902532739373,462.7308654785156,397.0440979003906,-0.4072977732650065
2024-01-03,456.6542157231931,457.3919698393569,454.4604162904711,455.062255859375,103585900,0.0026041059986740547,0.09873090419022144,69.45431789681764,-0.039879033136609676,454.06031382727065,442.66873453715937,454.2859573364258,58.853140638210725,0.0063558735319956955,3.9151148218672347,462.7308654785156,397.0440979003906,-0.9264788282972116
2024-01-04,454.5866169474703,457.1687269140432,453.3732210773095,453.5964965820313,84232200,-0.0010725400101071387,0.10410155235107611,55.64148538369216,-0.04149726353489258,454.0161407562955,443.0972742251936,454.89380950927733,47.95071846134783,0.006434605272894743,3.7263026236331394,462.7308654785156,397.0440979003906,-1.3622279796567955
2024-01-05,453.8003122508208,456.66393818647634,452.7713549830218,454.2177429199219,86118900,0.00047373283542872895,0.10752961572875437,54.85263112867796,0.0010267950934967907,454.0353409623552,443.5333710367516,455.6216674804688,46.51615543399109,0.006307754706337098,3.6949685659826748,462.7308654785156,397.0440979003906,-1.5865483237287794
2024-01-08,454.7127531652983,460.8476889622242,454.5865552720958,460.70208740234375,74879100,0.014460383684052874,0.11550425358402681,62.21080201417118,0.06381575997163824,454.67026919473506,444.2066540314807,456.5060043334961,57.07391590567664,0.006795591628756837,3.941803145142582,462.7308654785156,397.0440979003906,-1.2888046534683344
2024-01-09,458.05205442710235,461.02244496424106,457.54729244084217,460.0032043457031,65931400,0.011467150278585797,0.12389547739180572,57.01281382396634,0.021762217857624888,455.1781677805415,444.8261265928228,457.26016998291016,52.703099528023195,0.006815596998398505,3.9369420427907755,462.7308654785156,397.0440979003906,-1.1349289419882114
2024-01-10,460.27499186871785,463.4686578138975,459.9934757568045,462.6047058105469,67310600,0.015775307572124815,0.1298953988413423,56.135300023357104,0.01673202157063547,455.8854571167325,445.5233257778316,458.05788269042966,52.44730657156994,0.006856897160406121,3.980622607518232,462.7308654785156,401.79107666015625,-0.8660837364569414
2024-01-11,463.6045274671268,464.1190060691037,458.43062113494074,462.4008483886719,77940700,0.013767697054700127,0.13417112916518167,68.29965386024942,0.02694142507208741,456.5059705712029,446.18518940962923,458.7434051513672,64.0597954366641,0.0068411273940125975,3.8266945265636747,462.7308654785156,404.314453125,-0.7163286595976146
2024-01-12,463.84719564870727,464.5849497110556,461.3136396565663,462.7211608886719,58026400,0.014363949746526786,0.12543876941696055,67.80226021886284,0.010317843640234026,457.0978934585809,446.8336588793956,459.1355682373047,58.06973079649361,0.00620266399711262,3.733092673902064,462.7308654785156,408.6263122558594,-0.613983419047071
2024-01-16,461.3427834891872,462.6532272077025,459.2071951071508,461.0224304199219,85014900,0.008916734335797297,0.11480240412283675,60.328232625886464,-0.05400376154704922,457.4716588834705,447.3900812927496,459.3698028564453,52.51378367198257,0.006256860436570553,3.7289309480268935,462.7308654785156,416.4574279785156,-0.674170065045824
2024-01-17,458.0035093314712,458.9451056102245,456.11060012839494,458.4597473144531,68843900,0.002176506576953388,0.10339969906816321,48.52910015733909,-0.015322837176824033,457.5657625435641,447.8241858426203,459.51347198486326,43.56310776676703,0.006388240443030904,3.8766169208944996,462.7308654785156,419.43511962890625,-0.886672334306521
2024-01-18,460.1294153145847,463.0900892897804,458.5859793739224,462.5367736816406,91856200,0.010539010940176471,0.0908051171115178,53.628724375192185,0.026128439453566354,458.03919217576185,448.4011500716015,459.7328536987305,49.96593445318924,0.006569897689846176,4.084630064306269,462.7308654785156,419.43511962890625,-0.7577517127076563
2024-01-19,463.6628317450775,468.5843725866021,462.5853504138151,468.3028564453125,110834500,0.020230494573849577,0.07637351303706312,58.153330156501056,0.15691448920544349,459.01668401095714,449.18160914508036,460.10124053955076,58.15356749558571,0.006996797912928267,4.42715834354468,468.3028564453125,419.43511962890625,-0.3120733668833946
2024-01-22,469.83653714242234,471.0110958989677,468.6425450951434,469.2929382324219,75844900,0.022997671418536696,0.07122261462824828,70.18221504284824,0.16846191771365215,459.99537488919185,449.970288717133,460.83849639892577,61.68206251765266,0.006086053468125361,4.361976624750391,469.2929382324219,419.43511962890625,0.004697442145745079
2024-01-23,469.8365357098171,470.9043002358288,468.7493378931313,470.66162109375,49945300,0.02467212676019614,0.06793808030149047,80.35219263428674,0.12142102131311638,461.0112078610545,450.78171351621603,461.42868957519534,68.17506661587612,0.005810213033271046,4.181701552142406,470.66162109375,419.43511962890625,0.24821658487216247
2024-01-24,473.525295727068,474.45717543420074,470.6811029978881,471.1761779785156,81765000,0.023205316019912946,0.06433107790087293,90.25555057002829,0.06850451833793403,461.9793002531937,451.5814964363062,461.99850311279295,77.42912087969184,0.005807824852071232,4.142182695841062,471.1761779785156,425.57427978515625,0.3779832661863862
2024-01-25,473.30196574868353,474.0105994997861,471.1761237432126,473.7388000488281,72525000,0.02625722495631032,0.059696896271111195,94.91829629876071,-0.002715637405665161,463.09925261468265,452.45041030346397,462.59937438964846,83.05201705424645,0.005846921742449004,4.073537690115335,473.7388000488281,425.57427978515625,0.5594907597411707
2024-01-26,473.3117152908374,474.79691054106985,472.29247468488353,473.1369934082031,76641600,0.02199169079907309,0.05451973277966183,91.09422471012337,-0.10227193161890713,464.05522792835126,453.261648856591,463.1284118652344,81.06489721634276,0.005873349962920727,3.9743843081676045,473.7388000488281,433.8307495117187,0.5606918290188023
2024-01-29,473.4476261562877,477.0295728420406,472.9040272208165,476.8839416503906,61322800,0.026773745966650928,0.04930346431960412,84.99608174671802,-0.1298672848752218,465.2770101875931,454.1880132798773,463.8360656738281,79.19460426703372,0.006060421084732933,3.7954985638048737,476.8839416503906,434.7491760253906,0.7250668096813868
2024-01-30,476.19475312019154,477.2237103899132,475.7579187820987,476.5151062011719,58618400,0.02333654190928653,0.04476484941104035,85.78624234628148,-0.12667780362057113,466.34730504602913,455.0635855513006,464.5922561645508,80.14911234690352,0.005997226750680683,3.651972784120273,476.8839416503906,435.2808837890625,0.7187869548033685
2024-01-31,474.31155855924624,474.75807991768903,468.7202212489611,468.7396545410156,126011100,0.0041790729768734014,0.06281513625185194,53.52878917681234,-0.04385603394776716,466.57514785507544,455.59990198226984,465.08877716064455,59.42166190186061,0.0070618670465391765,3.9605229909144026,476.8839416503906,435.82232666015625,0.13156195126999037
2024-02-01,470.43839078044346,474.9036930669608,469.6326794127357,474.87457275390625,91891600,0.01411577139942522,0.07955121196185254,58.165539372502465,-0.01940314504438123,467.3655692740117,456.3557714242948,466.0793930053711,66.20438170344252,0.007192829871643571,3.9944982474702733,476.8839416503906,438.2200012207031,0.09842254020409413
2024-02-02,475.3113992166019,481.5239798187347,474.971642466127,479.873779296875,99228200,0.020757167212238983,0.09466964415353495,60.04485420209788,0.06577284998864252,468.55682737142723,457.2780462428274,467.3932571411133,69.86745298925358,0.007307786499904272,4.235790891065927,479.873779296875,438.2200012207031,0.3416076763405922
2024-02-05,479.2427820799248,479.9028622372628,475.8743943997294,478.1264343261719,75757100,0.015463733783127868,0.10798587842569979,58.51648729825964,0.12568637982591113,469.46821850997435,458.09563008923305,468.5886917114258,69.78885821016729,0.007445631997575285,4.272541037923953,479.873779296875,439.3898620605469,0.31391176926419284
2024-02-06,479.0680669349689,479.84465802363434,477.6411122849623,479.5146179199219,55918600,0.017347446777551245,0.11323494047072312,67.37155216139395,0.11695578867082901,470.4250184537789,458.9355903963189,469.52931823730466,75.04043193208017,0.006922453914796825,4.079092141291462,479.873779296875,439.3898620605469,0.31727137675113504
2024-02-07,481.75701266267623,483.9314086511629,480.85422359252465,483.5140075683594,70556500,0.022236374210782187,0.11855887638161265,66.41883796121967,0.02608632504398889,471.67158884564367,459.8994498932617,470.7048583984375,74.9942548797161,0.007007327663842786,4.0638384809995864,483.5140075683594,439.3898620605469,0.5058378074567358
2024-02-08,483.513949705615,484.1060726186496,482.69855130751233,483.7275085449219,52343600,0.02048667769453737,0.12280654580367269,63.21157270046768,-0.06561371768813751,472.81977167414635,460.83388356587585,471.76099853515626,71.18099993881654,0.006981432325466839,3.7324043671549987,483.7275085449219,439.5155029296875,0.5578438458180868
2024-02-09,484.2323170511552,486.96002861938376,483.8925602799828,486.5232238769531,63979400,0.023169711300957647,0.12637640591190916,64.27501449426606,-0.11000021486466038,474.12486236012796,461.8413086761142,472.9671173095703,72.54260161303202,0.006993418252470335,3.769852982926904,486.5232238769531,439.5155029296875,0.6850496820833216
2024-02-12,486.4940088202494,488.7557652655047,485.5912199471907,486.3095703125,56502300,0.020476088179783653,0.1256820810881192,62.77478554879368,-0.10077726146765731,475.2853107365444,462.8008483481293,474.1465377807617,71.11042676038247,0.007013951345128834,3.841966052613795,486.5232238769531,439.66058349609375,0.659108695341903
2024-02-13,480.0485287007201,482.53356108402113,476.35010044182593,479.6116943359375,113099200,0.00654541774813848,0.1330144834489571,47.53012694685376,0.04980362909582414,475.6973472698199,463.4600972103963,475.0760009765625,59.75306742729878,0.0078021189377302696,4.282245733344033,486.5232238769531,439.66058349609375,0.12322794822171357
2024-02-14,482.2422795475269,484.4555120799487,479.92225279096976,483.97015380859375,68387800,0.012658057621282637,0.13753855821999225,49.442310921968875,0.089061531778581,476.48523360684595,464.2644131554237,476.35152130126954,61.35774940663847,0.007741696319536773,4.425770161018152,486.5232238769531,439.66058349609375,0.001127230069052132
2024-02-15,484.66912826614583,487.49391729462275,484.1934569596569,487.3094787597656,61683000,0.016755101575566318,0.14047356783659232,52.96491025122068,0.20527650139486342,477.5161140976002,465.1681412183391,477.5901565551758,64.83135072712594,0.00767082731956019,4.4985792774354865,487.3094787597656,439.66058349609375,0.07973518576698613
2024-02-16,487.0085622942672,488.1442842020213,484.144936285217,484.8826904296875,75532900,0.011714973599364744,0.1426904195868134,49.263727316705314,0.19091253054794977,478.21769279589427,465.9412607952547,478.41914825439454,58.608460433393745,0.007484314728628382,4.489565155691216,487.3094787597656,439.66058349609375,-0.08813892060439343
2024-02-20,483.14507545774694,483.8148722929186,479.970842787005,482.2131958007813,71736700,0.006229367309449625,0.13885018264079949,46.055192553733754,0.2326272409676322,478.5982168915978,466.5793758935107,479.0651611328125,55.84307883923912,0.007657680055557906,4.735712015324647,487.3094787597656,443.0153503417969,-0.41699103283124295
2024-02-21,480.9124933217148,482.8053731626366,479.106944807319,482.6500549316406,59293400,0.006340785125760286,0.12956193462492757,55.33495899636809,0.037564924892754537,478.98410622874474,467.20959860088834,479.66458282470705,66.79159845395996,0.007649734757001807,4.44310797268942,487.3094787597656,444.9198913574219,-0.6303114224889859
2024-02-22,489.25094105413393,493.5997329784438,488.2899113619232,492.63873291015625,76402500,0.0186954507116377,0.12980830270841406,50.59921726963434,0.08115405747496895,480.2845468650696,468.206819554193,480.7377105712891,69.61829498622907,0.008793892763769386,4.784939367036421,492.63873291015625,446.65045166015625,-0.1490247880429587
2024-02-23,494.35685563775104,495.1916873577398,492.25041710535265,492.97845458984375,61321800,0.017574684746040774,0.12490337684403328,48.72650606693219,0.00477776940252328,481.49349045790524,469.17825622225774,481.69969329833987,66.13280616017173,0.008767802584869219,4.520072451862043,492.97845458984375,448.6903991699219,0.12696404003757422
2024-02-26,493.41526570907337,493.8521000550051,491.0467146922128,491.17291259765625,50386700,0.013424672770166811,0.1161715153862656,48.83556076639165,-0.012663974297639546,482.41534018550055,470.040791766391,482.6014892578125,66.03818037349032,0.008831266663111998,4.432709417951965,492.97845458984375,453.5964965820313,0.12261329740834626
2024-02-27,491.8621118078968,492.3086331480539,489.9692025931845,492.0853576660156,48854500,0.013738316708157873,0.1049930791801914,49.815565652474035,-0.061932933870085694,483.3362942312639,470.9052845467685,483.36156005859374,65.63624078530816,0.008717432034599832,4.442415476251775,492.97845458984375,453.5964965820313,0.11595534003995134
2024-02-28,490.53220860244136,492.0174038220213,490.17304819868775,491.43499755859375,56506600,0.011624514389331521,0.08767265423832993,46.655132731538714,-0.04041855754855328,484.1075993100572,471.71037133154596,484.10755462646483,60.748073003497495,0.008726165831036924,4.263523957400837,492.97845458984375,453.5964965820313,0.008201425302392096
2024-02-29,493.1920036518268,494.8130838290683,490.5516532421677,493.2016906738281,83924800,0.015008938479967975,0.0865217879430234,55.145628405217074,-0.06636755927750493,484.97370324946394,472.5531681684982,485.33065643310545,62.33565702224515,0.007645918615300428,4.467374619955365,493.2016906738281,453.5964965820313,-0.0030368414088997042
2024-03-01,494.0753617325155,498.25911842016706,493.6676477127876,497.8320007324219,76844800,0.02199646057083661,0.08954462715138503,58.8827179946641,0.01717952906983844,486.19830300974564,473.5444949357109,486.47852783203126,64.05298605949369,0.007419560858789651,4.5977251679465825,497.8320007324219,453.5964965820313,0.22956442372493413
2024-03-04,497.0360730146448,499.1425115484434,497.0069230762816,497.2981262207031,49799300,0.01967902948873918,0.09636921672716885,60.67457076980496,0.020646251261514426,487.2554290298368,474.4760098880635,487.34974517822263,63.54724358197773,0.007200064137163098,4.524228250364282,497.8320007324219,453.5964965820313,0.2727168222305032
2024-03-05,495.2984852488147,495.7450362651965,490.1245782125844,492.3280944824219,72855600,0.008576759720464833,0.0993978641506907,60.49850672563561,-0.0263779120318387,487.73854002532113,475.1760916368619,488.05982818603513,66.37505059595159,0.0075831269293493144,4.325233831610327,497.8320007324219,453.5964965820313,-0.08886254599752075
2024-03-06,495.5993764159242,497.0748846909984,493.53177482463775,494.82281494140625,68382400,0.01196113444403952,0.1002378551622025,58.95194276470213,0.012848370622866367,488.4132328744721,475.946551374295,488.8252380371094,64.67970648842865,0.007619673903915562,4.318303293364993,497.8320007324219,453.5964965820313,-0.20857977476816192
2024-03-07,498.11356939849594,500.78304025779806,494.8810662776538,499.7346496582031,58652100,0.018965917358936196,0.10136427210925897,59.927055704904895,0.005587546023381407,489.49146304435124,476.8794179736639,489.6362701416016,66.12094470031491,0.007701329094442213,4.492336281248051,499.7346496582031,453.5964965820313,-0.01569674460769832
2024-03-08,500.36563844693006,503.0447667007892,496.1624186562773,496.7351379394531,86532500,0.011898129909338957,0.10145525853324838,57.979503049730184,0.021867269177577642,490.18133684388476,477.65807365859683,490.2866516113281,65.15267732503932,0.007888353751522007,4.698264861798593,499.7346496582031,453.5964965820313,-0.1418410465003639
2024-03-11,495.5314219659159,496.89041928478855,493.6093924281333,496.3079833984375,62557200,0.010180004404037764,0.10224205875673915,62.29292453420422,0.01272027166793177,490.7648269919374,478.38944266800235,490.77588958740233,69.11534150827505,0.007831951216668537,4.5817776627966476,499.7346496582031,453.5964965820313,-0.2968476967646474
2024-03-12,498.4144696621104,502.2293789399501,495.90028750048145,501.64697265625,73114400,0.01752200462986712,0.10193569926114135,63.664557190992376,0.10275706574496013,491.80122181711005,479.30150266754146,491.54275970458986,72.73997873918238,0.008116761876067283,4.769682168807435,501.64697265625,453.5964965820313,-0.09316060066348975
2024-03-13,501.9672573875113,502.14197926945354,499.4239845817287,500.8606262207031,55104100,0.016205373984031265,0.10784625873517795,60.9970296147393,-0.031632448688527215,492.6640222364999,480.14695849315564,492.60520629882814,62.622836222430664,0.007321135305464879,4.181704786016127,501.64697265625,453.5964965820313,-0.06602110974348108
2024-03-14,501.831351753217,501.9866995940405,496.8321966177629,499.87054443359375,110171800,0.013146386710271615,0.1143451461429418,60.055420035712984,-0.033956372358457165,493.35035768384216,480.9204324516042,493.4002258300781,60.37406153880075,0.00718976997522781,4.339792837722586,501.64697265625,453.5964965820313,-0.1638123731253982
2024-03-15,496.80816405826874,498.2590460217431,494.7730662340283,496.4381408691406,107646300,0.005545911691676704,0.1187691460102689,56.40156509066908,-0.04145170885259264,493.6444322729182,481.52897003660564,493.8566589355469,57.555266147191304,0.007317746303591768,4.503513754634952,501.64697265625,453.5964965820313,-0.49027134196086575
2024-03-18,500.4985887866016,501.9396941096387,498.9795682095846,499.3885192871094,88893300,0.010412767492064344,0.1235308511675325,59.311206793715655,0.03221500666720356,494.19148817903164,482.2293445170176,494.58195037841796,59.90052723379326,0.007258964535581613,4.7293796607512855,501.64697265625,454.2177429199219,-0.5344896176151472
2024-03-19,498.6972103635703,502.4460573676712,497.6942371868493,502.1636962890625,60755300,0.014750326625884472,0.1282645094091423,64.52754559648344,0.03407348330831983,494.9507460942727,483.0110838021958,495.57947540283203,63.752094745884435,0.0071171668668182945,4.932201854572286,502.1636962890625,458.4597473144531,-0.40944963473027407
2024-03-20,502.22213711517423,506.9447169695435,501.5502591703246,506.8083801269531,69594600,0.021402964167159845,0.13077452266472542,65.55887594018418,0.19882503100221083,496.0800445735756,483.94431110904907,496.78739166259766,66.24272133268828,0.0072888470498024506,5.0131323697378765,506.8083801269531,458.4597473144531,-0.0646358796906572
2024-03-21,509.6419290067135,510.34298796408666,508.2007643189091,508.4831848144531,60256100,0.027492429782683823,0.13581378282533438,77.57724170707978,0.13009069844311583,497.26129602508774,484.90661988181,497.5796142578125,63.67992048025411,0.005906418638096152,4.904359519080349,508.4831848144531,458.4597473144531,0.21046868023884002
2024-03-22,508.3955498176283,508.88241615238655,507.2854803107173,507.5192260742187,79070800,0.022449452859497527,0.13597903525099805,75.9066239069114,0.08046396576009762,498.2382417440526,485.79338875210055,498.30665283203126,62.98409537965071,0.005955493854586404,4.8658843311880275,508.4831848144531,458.4597473144531,0.25858001352332227
2024-03-25,506.14624650613894,507.2660628859731,505.961234915521,506.1170654296875,48512100,0.01728150379827943,0.131536296019222,83.78665304567603,-0.05594952236321327,498.98860590458924,486.5903956806334,499.0538604736328,69.26253305014585,0.005917952112175048,4.464773127657955,508.4831848144531,458.4597473144531,0.13333993637647268
2024-03-26,507.5386367689601,507.87947884663447,504.7830162330491,505.1822204589844,65463700,0.013454244531339378,0.12500189433542291,78.12184146779967,-0.11867098846960233,499.5784739573888,487.3194868484119,499.7087036132813,65.13102587532595,0.005964503676213421,4.346892585158587,508.4831848144531,458.4597473144531,-0.06446906877820346
2024-03-27,508.0060617645378,509.466660680705,505.844344464011,509.42767333984375,82999800,0.02076793845914658,0.11317727164321965,75.16641244434177,-0.15677597596610848,500.51649294619403,488.18647455395825,500.60833740234375,64.43877518549598,0.006130973678609516,4.2271936498249305,509.42767333984375,458.4597473144531,0.033348047614553344
2024-03-28,509.46662856862366,510.82981847863687,509.04793070421056,509.3302917480469,96294900,0.018538227825803145,0.1141112073169436,82.21231465594774,-0.21235891372235982,501.35590235589433,489.01564385568724,501.4147674560547,70.53748437487559,0.006131649754364604,3.862875059104531,509.42767333984375,462.5367736816406,0.03410459754924222
2024-04-01,510.07035956686866,510.605900605306,507.2854391895369,508.4441833496094,62477500,0.015468778242875821,0.11784605115509378,84.15486419941365,-0.20555205380660557,502.03097673624814,489.7775473652528,501.94537658691405,69.49729906229561,0.0058905587981142905,3.865691813326947,509.42767333984375,468.3028564453125,-0.07642662826068758
2024-04-02,504.627181070464,505.3477336967163,502.9134021583385,505.2114562988281,74230300,0.00667465876095426,0.1198696035796442,65.41596847634447,-0.14695113416898942,502.33387955173197,490.38279869598125,502.34104309082034,56.142164652776096,0.006106433080083015,3.8086696527413926,509.42767333984375,468.7396545410156,-0.40049817492192474
2024-04-03,504.12080800253995,507.2660046821648,504.0721332594207,505.7664184570313,59155800,0.007905476659637903,0.12328558454610943,74.88037519145317,-0.11599820496606095,502.66078801890336,490.9860779022969,503.0129592895508,58.52140143824798,0.005552351033989386,3.8426608480999107,509.42767333984375,468.7396545410156,-0.598789998812598
2024-04-04,509.7685667902678,510.1093494656174,499.2911933332161,499.5930480957031,96858100,-0.00629224717658178,0.11980926778592772,56.478481369734816,0.004734548246837278,502.3686223119319,491.32360614517563,503.2514709472656,49.59153769236091,0.00624578422398385,4.2472075021087505,509.42767333984375,468.7396545410156,-1.1358724434136036
2024-04-05,500.94653513579135,506.7694375345306,500.5083435441168,504.8122253417969,74546500,0.0049827874642926874,0.11454847321819703,69.90186383775988,0.13793511174938788,502.6013464100143,491.8525716038667,503.50534973144534,61.71030687267094,0.006288070405714562,4.395701162056038,509.42767333984375,468.7396545410156,-1.127512880079098
2024-04-08,505.5133007732254,506.516214442084,504.2863881936749,505.0945434570313,48401800,0.005243658865466303,0.10665347481604698,68.52330466361552,0.07665240218020886,502.83879374782543,492.3718646177163,503.9233200073242,58.6227251639229,0.006097925717419641,4.162006376906825,509.42767333984375,468.7396545410156,-1.0902080416641091
2024-04-09,506.8277997844283,507.0712329255352,500.8393207404325,505.6788024902344,68049200,0.005986304369637503,0.09785248905308024,65.27294566537809,0.12052963986615128,503.109270770912,492.89370531859936,504.39186096191406,55.68857188857839,0.006084779788534248,4.267727234355452,509.42767333984375,468.7396545410156,-1.0149624782157591
2024-04-10,499.9922143304957,502.60181066009386,498.6387711363,500.6154174804687,82652800,-0.00525009308445909,0.08135427061994192,46.934390803439705,0.14120615268917258,502.87176093372693,493.1965175602413,504.340283203125,40.111799026826084,0.006095876081391472,4.385268202549412,509.42767333984375,468.7396545410156,-1.2779870442261725
2024-04-11,502.13442685782303,505.8345989017068,498.62901322296943,504.39349365234375,70099000,0.003093818427745076,0.07510984673650063,49.59997203063603,0.09424390101346014,503.0166878593095,493.6356146618924,504.51692657470704,43.88103889604743,0.0063159487195105475,4.647480905521113,509.42767333984375,468.7396545410156,-1.17209040329131
2024-04-12,500.85889444352966,502.2708187739483,495.70784003413945,497.4313659667969,92561100,-0.010173158493246856,0.07380064751672498,37.633922885320196,0.17246775873833298,502.484752440975,493.7844676542416,504.3949676513672,37.20345774023603,0.0070573464979632695,5.1538178895593285,509.42767333984375,474.87457275390625,-1.5232556619258188
2024-04-15,501.5989207934361,501.7644387082916,490.3522904966187,491.199462890625,92101400,-0.01955054007146895,0.0759483227825978,31.81921756461561,0.40741885523960275,501.4099629599893,493.68309491841353,504.1330337524414,33.142463803301936,0.0074410604493767765,5.85768625048613,509.42767333984375,478.1264343261719,-2.0924167649103333
2024-04-16,491.6766166443132,493.19563735543574,489.0183155418661,490.30364990234375,73484000,-0.01968504313486756,0.07685374594059781,32.51442357611538,0.39064428281175556,500.35221885926114,493.5505676628814,503.6787902832031,33.17172645982929,0.007287985142694451,5.934890479056435,509.42767333984375,478.1264343261719,-2.4230712299501938
2024-04-17,492.7574157801548,492.9229634124424,486.0094553717644,487.4018859863281,75910300,-0.023260256921734255,0.07844779364582687,24.08431515495318,0.3961930615769229,499.11885382374373,493.3094428912519,502.9406997680664,24.306982963190407,0.007204755312666824,6.122681037553393,509.42767333984375,479.5146179199219,-2.709393334000684
2024-04-18,488.7943295112607,490.88784877913054,485.46415075166374,486.39892578125,74548100,-0.02443712084433755,0.07439045892080301,25.166970527781064,0.37339140732334175,497.907432105411,493.0384422202714,501.92022705078125,23.804072036318104,0.006748877580762525,6.382810341342,509.42767333984375,479.6116943359375,-2.825566822881936
2024-04-19,486.32104754330464,487.3142441699,480.8876025986124,482.1534729003906,102212600,-0.03017962350644006,0.07416525036829531,23.236108815724236,0.28151217097335035,496.40705503826615,492.6115806783153,500.60374145507814,22.107297804830807,0.0067844094203226915,6.604680352450466,509.42767333984375,479.6116943359375,-3.029492719018274
2024-04-22,484.7533503648902,489.18385210193054,482.416397763488,486.5937194824219,67961000,-0.017557880170048,0.07793929854577133,30.12050991232752,0.145809831566875,495.47245165199524,492.3755861216136,499.5574661254883,30.741261266721807,0.007283959042316976,6.7117944960411124,509.42767333984375,479.6116943359375,-2.7165241164744733
2024-04-23,488.5995792337359,492.7963646750655,486.4086807205422,492.367919921875,64633600,-0.005125797881465076,0.08827181393974566,33.87796665217535,0.1693432232805283,495.17678196341234,492.37528548632974,498.87000885009763,37.49091112159607,0.007918467906055972,6.93992396259677,509.42767333984375,479.6116943359375,-2.004661060590876
2024-04-24,493.25400289949073,494.042723959268,489.9141070818203,492.13421630859375,55928100,-0.005038279010410692,0.09550872755077348,38.193824069392925,0.05543628525883815,494.88701380581057,492.3658317930852,498.2176086425781,42.1676245192311,0.007919846573964516,6.462099730100083,509.42767333984375,479.6116943359375,-1.4589370999388385
2024-04-25,486.0678327855915,491.02412816029823,484.4222223121161,490.2646179199219,69122400,-0.007980903929327899,0.0982146706198407,31.67337299376279,0.018416160104320456,494.44678562620214,492.2834312490396,497.259455871582,33.56789580434916,0.007598251414307272,6.500357198503666,509.42767333984375,482.1534729003906,-1.1470274273658463
2024-04-26,493.0495298783495,496.4868049205615,492.4166096033967,494.9093627929687,64306100,0.0007582895554557745,0.10381009003189637,35.41393700481172,0.02738141159934049,494.4908405944656,492.3864089566447,496.5384094238281,39.52750321629158,0.008008141007900585,6.785525823662989,509.42767333984375,482.1534729003906,-0.5796743654718659
2024-04-29,496.691289648623,497.33395677101214,493.9258924563797,496.6620788574219,46415400,0.0035287642812102593,0.10623540431421698,36.386231600959164,-0.01906674761465177,494.69762519093763,492.55408228608695,495.9493041992188,40.94646321897268,0.008083227996568552,6.583822404343688,509.42767333984375,482.1534729003906,-0.06519724804615445
2024-04-30,495.2015209263445,496.1752536684076,488.79437255859375,488.79437255859375,77483600,-0.008991910284360026,0.1151684777481265,32.247425278644215,-0.04279325262534617,494.1354106545239,492.4066426889304,495.12845001220705,38.76348172171528,0.008662752681127725,6.642942043264672,509.42767333984375,482.1534729003906,-0.22463577131192713
2024-05-01,488.2100662136069,494.84118298455326,486.73972044696376,487.2071228027344,80242800,-0.010617361390089407,0.11412064136662164,27.543760975402417,0.037887610466284416,493.4755737162582,492.2027399482953,494.2004852294922,32.95347433560495,0.008645602009886094,6.706933247468397,509.42767333984375,482.1534729003906,-0.39679747675574184
2024-05-02,490.9073012018536,492.60161619088024,486.4281251448712,491.7641906738281,62550200,-0.0026359441071647518,0.11721531567019626,37.03301626842911,0.00417451909300337,493.3125848550744,492.18554193753187,493.8090423583984,44.097322877093404,0.00862809236575708,6.527493063740162,509.42767333984375,482.1534729003906,-0.17488844679736948
2024-05-03,497.7332427499149,499.0867158383158,495.201531622673,497.8598327636719,72756700,0.00688323139455804,0.11983760568733515,47.049931577592154,-0.08107679583888838,493.74565608446466,492.40806314640014,493.4614227294922,56.95689122619564,0.008771049128956836,6.23537713179836,509.42767333984375,482.1534729003906,0.3809704660517914
2024-05-06,500.25510463599915,503.03996550471606,499.8169130959195,503.00103759765625,47264700,0.013480638193476936,0.12137742497687554,49.51379815798193,-0.04204486445445854,494.6271209904829,492.8234739091945,493.35674743652345,62.18225897123583,0.009107766261050284,6.30700648376083,509.42767333984375,482.1534729003906,1.0552253884036866
2024-05-07,503.9651034446084,504.9485829994704,502.8842743906612,503.55615234375,52561300,0.012993436913324276,0.11910629568788371,52.77911606844206,-0.10271156109005497,495.4775049288893,493.24436325956924,493.25061492919923,66.22969919394647,0.00910736723841592,5.960635095770199,509.42767333984375,482.1534729003906,1.4732644510400765
2024-05-08,501.7254700555243,504.14030789046143,501.60862689782874,503.6047668457031,42047200,0.012212671945500277,0.11056394079526398,55.7359975983992,-0.14207250346544953,496.25152987334775,493.6506535962804,493.40008239746095,67.62414559931679,0.008807984642407103,5.754062450424905,509.42767333984375,482.1534729003906,1.6731165480938412
2024-05-09,503.7898378767789,506.5455181068331,503.1374535973279,506.5065307617187,43643700,0.015500210273368483,0.1012707688016928,62.840454164861264,-0.15151961877669573,497.22819662462115,494.15480564198384,493.5057342529297,75.65122858944775,0.008739841757100705,5.538449803154728,509.42767333984375,482.1534729003906,1.90400466401529
2024-05-10,508.10351940578255,508.9117342857,505.94186107705553,507.1590270996094,52233200,0.0162040624247016,0.09709834014941486,66.07057181256364,-0.15828448706977505,498.1739900031915,494.66477511091034,493.9921173095703,73.53989126470798,0.008090462655736121,5.248413660805052,509.42767333984375,482.1534729003906,1.9943594048276627
2024-05-13,508.8337028193061,508.9407991411694,506.08776976766853,507.2270202636719,36716400,0.016023982465062384,0.09787967540475581,67.91391620703935,-0.2078748695672632,499.03618336133246,495.1574121757245,494.79349517822266,69.56400149471426,0.007445873656553345,4.995938333589164,509.42767333984375,482.1534729003906,1.9500468283393277
2024-05-14,507.4218746415022,510.07045870728615,506.8863334989738,509.5543518066406,57535900,0.018638305026431504,0.09783460271301132,70.25567282868829,-0.1731628318542774,500.03791368945707,495.7219980436036,495.7560302734375,71.73753930916405,0.007427220190578397,4.9284746429366395,509.5543518066406,482.1534729003906,1.963391470728666
2024-05-15,512.01781913004,516.1561825946173,511.3848691803367,515.8640747070312,59504900,0.02756360100218934,0.09647789493021619,76.03742113980351,-0.1572602291546601,501.5451671197022,496.51188340295374,497.1791397094727,78.75738009973377,0.007532951694967403,4.849177270900859,515.8640747070312,482.1534729003906,2.2618469392228344
2024-05-16,515.9614786446474,517.558414507879,514.6566506998298,514.802734375,50244800,0.023026577321832546,0.08991340154753079,71.72094452238224,-0.16727525758402528,502.80779257258774,497.22917167636734,498.59933013916014,74.30409630576368,0.007532939120188541,4.6120041857158265,515.8640747070312,482.1534729003906,2.2477995791276495
2024-05-17,514.9195214966393,515.6108930215729,513.4686694664939,515.542724609375,59187600,0.02358147142265783,0.08818868986181964,75.9754842772129,-0.13848502026966714,504.02064324275796,497.94735022275984,500.2687927246094,73.65210948736005,0.007035802805782671,4.5215869886048665,515.8640747070312,482.1534729003906,2.1484514046743057
2024-05-20,515.6595992673854,517.5973177042522,515.2700824401487,516.13671875,37764200,0.0227177869737254,0.09325402342645976,96.19608317306887,-0.17416133225386798,505.17455519582865,498.66065879245554,501.7459426879883,91.88532928421029,0.006913897870166119,4.125839057553106,516.13671875,482.1534729003906,1.9866324428346283
2024-05-21,515.3772666864285,517.5584184029028,515.1727614260365,517.402587890625,33437000,0.02391877464557479,0.10405469764751339,105.87359848743125,-0.24569618368330504,506.3391297381902,499.3956364041485,502.99767608642577,96.71596155244424,0.006589479718000635,3.7175672317871675,517.402587890625,482.1534729003906,1.8324903747801913
2024-05-22,516.7113097871478,517.4221156794935,513.7413773413039,515.912841796875,48390000,0.018398378239930662,0.11174100286985797,98.34597715783127,-0.2700795889267691,507.2509118390173,500.0433699489613,504.18660736083984,91.27858268883067,0.006668145979135672,3.5395134669429233,517.402587890625,482.1534729003906,1.511206874062224
2024-05-23,518.960475392313,519.0675716996905,510.9368699664029,512.1443481445312,57211200,0.009092486610038636,0.11590238646507492,79.79492937684937,-0.220026647882147,507.71695339192337,500.51791811349347,505.2805938720703,76.52779588204956,0.00688185167574618,3.597240364714342,517.402587890625,482.1534729003906,0.9531358816505406
2024-05-24,513.9848197975488,516.3412958961842,513.0403275362747,515.5330810546875,41291100,0.014763804505204847,0.12076433281036603,79.50145084099864,-0.21996129359873973,508.4613465026628,501.106748032756,506.31177978515626,74.89361186212582,0.006751500180100884,3.52701286547211,517.402587890625,482.1534729003906,0.730491169530695
2024-05-28,516.3412489766735,516.5749353115505,513.2642204156563,515.893310546875,36269600,0.014002182208180475,0.12457366164854188,79.20036827263178,-0.12356205961103783,509.1691526021116,501.6866132293881,507.2733413696289,74.69771169955915,0.0067487052869504485,3.616041885978181,517.402587890625,482.1534729003906,0.5348196051859304
2024-05-29,511.8717496296608,513.458938533357,511.5698948988185,512.2807006835938,45190300,0.006861694887150201,0.13500119348680212,80.96162110272917,0.0071164014952544985,509.4654905146337,502.10206763935696,508.4476577758789,65.19943670345344,0.005737923112658474,3.7440229327941665,517.402587890625,482.1534729003906,0.11155542559285969
2024-05-30,510.7422784507473,511.4044095336918,507.6360688600374,508.8824157714844,46377600,-0.0012344287423413682,0.13938652628647955,64.47646108387326,0.08273332063971672,509.4099595867147,502.36796364453846,509.5314224243164,54.091157030265606,0.0059579896924214825,3.8323491695121072,517.402587890625,482.1534729003906,-0.4187477280296852
2024-05-31,509.8367164200918,513.6439850215788,504.7440541264526,513.5173950195312,90785800,0.008678501002505615,0.1415653740790662,70.98924692929602,0.1831082404982638,509.80114391364964,502.8051962474794,510.61908264160155,59.628254574727556,0.005942712154895644,4.255924718546518,517.402587890625,482.1534729003906,-0.4747229069796388
2024-06-03,515.1240809646227,515.4064420460951,508.87267437322015,513.9360961914062,46835700,0.009527388384660503,0.1451327836634485,78.0255175401048,0.28120729054056515,510.1949488924836,503.2417021276334,511.42289581298826,60.05254835756661,0.005438067312392801,4.518834597073237,517.402587890625,482.1534729003906,-0.49845521658484326
2024-06-04,512.631323194632,515.2506664560023,511.17072418863216,514.5106201171875,34632700,0.010701857743400102,0.14559956233725002,80.94221990516219,0.2673585302299031,510.60596519959824,503.68362048016496,511.99837493896484,57.83792601200927,0.005035645324848548,4.582821529863074,517.402587890625,482.1534729003906,-0.489653909058017
2024-06-05,516.8281493311971,520.6451650598835,514.84169649016,520.6256713867188,47610400,0.022363675685984057,0.13499436684499344,72.66036594658708,0.2151218224752245,511.56022293170497,504.34801463336316,512.8518508911133,57.57671994670054,0.005578902659045868,4.549443969485883,520.6256713867188,482.1534729003906,-0.10622300797627737
2024-06-06,520.927446289771,521.3558910101924,518.6878732006264,520.6158447265625,30808500,0.020149397691904936,0.12426219632938197,75.07002356891576,0.1827596145979944,512.4226631026438,504.9859687546651,513.7024047851562,59.57015588857695,0.0055806894145140435,4.532747826737084,520.6256713867188,482.1534729003906,0.10128508622109766
2024-06-07,519.6421901069427,522.7873872843439,518.55161418802,519.9830322265625,43224500,0.01692449996902749,0.11001014261265377,72.79541402812771,0.10018089823784315,513.1426982573028,505.57408889081796,514.3762298583985,57.33599143277207,0.005529753799955006,4.682287079683148,520.6256713867188,482.1534729003906,0.14766190597607665
2024-06-10,519.1747009286601,521.9108869486413,518.5807383516342,521.5895385742188,35686100,0.018800242459080636,0.1018621621012861,74.23664670758072,0.05202428727932351,513.9471592398662,506.20214574114743,515.0977554321289,58.71715661785369,0.005543718572548695,4.7539237463191215,521.5895385742188,482.1534729003906,0.23318516106411113
2024-06-11,520.0414093421914,522.9041857425336,518.0744503489441,522.8457641601562,36383400,0.019769028416154265,0.09936112430205003,74.20513247465051,0.07542934935812728,514.7946454227509,506.85483665953996,515.8786926269531,58.704423804448396,0.0055393127880292254,4.928500776085063,522.8457641601562,482.1534729003906,0.3158757970305004
2024-06-12,527.4028194115604,529.8274041983666,526.1077383475028,527.139892578125,63251300,0.02655445349310702,0.09467817442529862,81.54406355946787,0.13514519655185153,515.9703832470723,507.6503290485041,516.7579696655273,66.47591187002998,0.005701489598931343,5.164279468943688,527.139892578125,482.1534729003906,0.5856081392399908
2024-06-13,528.8829186945259,529.0581834417079,525.4164327979901,528.2012939453125,44760900,0.02918176304680171,0.09107562726562374,103.0934939840534,0.0685880376649386,517.1352318849999,508.4562492405358,517.3748306274414,75.59772159387235,0.005122232935943468,4.843640105402995,528.2012939453125,482.1534729003906,0.7507949766857651
2024-06-14,526.6725890295746,528.551886156822,525.6696157422205,528.522705078125,40089900,0.027312706679105517,0.08486029424120173,100.22071566003208,0.014404819802144697,518.219753141488,509.243169077304,518.0608291625977,72.95254878530153,0.005067540976978645,4.7497345813278935,528.522705078125,482.1534729003906,0.7928596885235928
2024-06-17,527.8410888070123,534.1216772051151,527.3834034899254,532.7291870117188,55839500,0.033213245051614285,0.08092111478902368,100.15893368190838,0.050618494910603884,519.6016039862719,510.16418938845754,518.9201522827149,76.18907012513529,0.005280293739412495,4.994560211277575,532.7291870117188,482.1534729003906,1.0016777902621818
2024-06-18,532.7874995764366,534.2091705580833,532.3688016931667,534.0825805664062,41376400,0.03296908172036849,0.0765897007172971,113.37080321105188,-0.022583145336519506,520.9807446129514,511.102165513083,519.8174453735352,86.4778448372701,0.005282471504381194,4.817199726767585,534.0825805664062,482.1534729003906,1.1197066349820401
2024-06-20,535.0076850141029,535.669816103357,530.8595742964317,532.6317749023438,70328200,0.02598145563508508,0.07389647090168139,119.03702515808395,-0.0649171795728396,522.0903665452745,511.946463920505,520.5789047241211,92.50634957915263,0.005370644236806161,4.829029011293942,534.0825805664062,482.1534729003906,0.9931337842747343
2024-06-21,531.8102827682807,533.0313753907063,530.4621917432297,531.917724609375,64338600,0.022050992433944556,0.06929773795400945,114.54821775022701,-0.09637531194014759,523.0263054085221,512.7296506141862,521.3791488647461,88.30956598647408,0.005315876505592989,4.376832779318972,534.0825805664062,482.1534729003906,0.7646389413854209
2024-06-24,531.7417933525489,534.3011982327657,530.0713174980777,530.1885375976562,45528700,0.016897429956569215,0.060954789177409374,112.09866000045243,-0.1131568818286055,523.7084227598682,513.4143128488321,522.2813583374024,82.0867213897016,0.005030435694856228,4.212269426591332,534.0825805664062,482.1534729003906,0.41771302492341533
2024-06-25,531.4096852385123,532.5917242597523,529.8955424418219,532.2302856445312,37936200,0.02037079176112069,0.05216279243709945,115.11534168806148,-0.17641809879466763,524.5200287488838,514.152194134938,523.1162185668945,83.06767780544311,0.004926394973961338,4.113429394488492,534.0825805664062,482.1534729003906,0.25444344911531935
2024-06-26,531.1167351250136,533.6077524053179,530.4720243887124,532.8946533203125,38550600,0.01985627271908241,0.037766626678359796,108.40106647817586,-0.1905612375141298,525.3176120414008,514.8871925343644,523.9662857055664,78.7432830101266,0.004922596623163197,3.8992281854820265,534.0825805664062,482.1534729003906,0.12636384500781705
2024-06-27,532.7578061070262,534.3110621107577,532.0153722749866,533.7346801757812,35041500,0.02169117601086251,0.04362967094947467,119.2601159539047,-0.1980513430021228,526.1192375780084,515.626309696773,525.0389846801758,79.58351111416971,0.0044847076314899524,3.8726333302109635,534.0825805664062,482.1534729003906,0.03797692762024152
2024-06-28,534.5064116818106,537.5543137581463,530.3938098387125,531.6343994140625,76144500,0.014873867954882292,0.04884529300464931,117.17631250004452,-0.06746661786930375,526.6444910862041,516.2540779209804,526.1765838623047,74.643316344709,0.004243390864742448,4.081542674718817,534.0825805664062,482.1534729003906,-0.2086281145786142
2024-07-01,533.0117876323043,533.2560061424955,529.9737236752046,532.728515625,40297800,0.017593189122081382,0.056882642552009394,124.83156835529998,-0.03184643420269406,527.2239219946608,516.9001343015302,527.1371398925781,74.08154163246886,0.003919607770928393,4.078123665453371,534.0825805664062,482.1534729003906,-0.33713931063178837
2024-07-02,531.1264605772033,536.3136596679688,531.0776287968915,536.3136596679688,40434800,0.02513471959465433,0.06281081314412773,123.39255231107778,-0.0015278306487298554,528.0896112968807,517.6614490217827,528.2560180664062,76.45271890284837,0.004058459826542906,4.107144770988206,536.3136596679688,486.5937194824219,-0.22515481709681762
2024-07-03,536.0010708200014,539.068469909586,535.9620173191718,538.70703125,32789900,0.02884269907442652,0.06706189926848241,118.43609677678391,-0.01766568013749381,529.1007941495587,518.4867659719089,529.4658386230469,74.55264835284424,0.00408291803198304,3.8303456675742007,538.70703125,487.2071228027344,-0.04384565758744774
2024-07-05,539.0097918869257,542.2139076372644,538.3747999305978,541.8134155273438,41488400,0.03944965642414289,0.07671958903442397,139.2998723978959,-0.007279472949084709,530.3115199950621,519.4015365427102,530.5252258300782,76.58537632050124,0.0035176546006089634,3.844442600641969,541.8134155273438,487.2071228027344,0.21701307138200043
2024-07-08,542.5949943367658,543.3862600338458,541.3739016175886,542.438720703125,36110500,0.037304943300341876,0.08303671075967484,138.88268835782344,-0.07331459431764165,531.466491491068,520.3049555293932,531.6163696289062,76.86005909213,0.003491865118206461,3.7823060293316644,542.438720703125,487.2071228027344,0.3552259950409402
2024-07-09,543.3958913589794,544.2945986626197,542.6730142045088,542.966064453125,27289700,0.035593828698271976,0.0879143653377189,133.05378756526088,-0.15805312515658265,532.5616889160259,521.1936264675787,532.7655212402344,73.02955157726498,0.003417293218803787,3.433563475353448,542.966064453125,487.2071228027344,0.4022602528960766
2024-07-10,544.1872136667199,548.6808102777995,543.894163387503,548.3389282226562,38701200,0.04289015219874723,0.08631324302301353,123.81655967355148,-0.09662188852622211,534.064283135705,522.2581481050328,534.1029907226563,77.16012632616895,0.003827838661447388,3.710304686764727,548.3389282226562,487.2071228027344,0.6979928110756006
2024-07-11,548.4560949063842,549.3255270030801,542.9758465360856,543.6107788085938,53054200,0.021467195173464525,0.08425434708591176,91.20484967547596,-0.0026318973256531653,534.9734731997896,523.0955061718391,535.1412414550781,68.59440059210988,0.00456676756160549,3.820264591055385,548.3389282226562,487.2071228027344,0.4878879260626885
2024-07-12,544.7342644743289,550.6345620898736,544.2653840243584,547.0396728515625,53084400,0.02741357652339083,0.07980838037801344,98.8875639451671,0.07647602242601415,536.1226350713871,524.0344931004557,536.13623046875,73.45420259232753,0.004447761769488787,4.138450279184188,548.3389282226562,487.2071228027344,0.4911994384245686
2024-07-15,549.0324432768749,551.7774564341378,546.6879221671659,548.5440063476562,40584300,0.027736831007452507,0.08064996283066406,104.32300090357235,0.11039510561784716,537.3056228119841,524.9956504826989,537.1533660888672,78.66937405860932,0.004452112078996571,4.199854102918754,548.5440063476562,491.7641906738281,0.5041621182915001
2024-07-16,549.8530882979716,552.090108393895,549.1008762046278,551.7970581054688,36475300,0.031286572118316584,0.0828767756632157,102.12349080093074,0.24085741278351924,538.6857595066017,526.0466860757488,538.3170837402344,79.44706945710003,0.004529185374253424,4.260562690655068,551.7970581054688,497.8598327636719,0.632944464566978
2024-07-17,545.8771519032762,547.5476278240299,543.7377955656038,544.0601806640625,57119000,0.009286720633058507,0.10371673737958927,65.75590226076895,0.24309028972293767,539.1976091406456,526.7530976282317,538.8836334228515,63.85433769758805,0.005591834300250281,4.612243728030738,551.7970581054688,503.00103759765625,0.12477513507117433
2024-07-18,545.593898977862,546.580551242634,537.7007404833427,539.879150390625,56270400,0.0011020184697662747,0.1283686690452373,54.97247795397769,0.33041519993426793,539.2625178311198,527.2678447953843,539.1734619140625,57.04041255974186,0.005908582792840819,5.082538079710754,551.7970581054688,503.55615234375,-0.5293426176511629
2024-07-19,539.6447995873152,541.2664440605769,535.2390876445896,536.2941284179688,65509100,-0.004613169897471705,0.15242361370864083,51.070311941055614,0.20856809552093392,538.9798140774864,527.6218167021524,539.3565795898437,55.16349081602701,0.006085484487224091,5.001598972321712,551.7970581054688,503.6047668457031,-1.2014057448126287
2024-07-22,540.2113760766848,542.4288993582354,538.277184442637,541.8232421875,43346700,0.004125901747002823,0.1803975528831726,51.177483575451284,0.23941166083490906,539.2506167546305,528.1787353486367,539.85185546875,59.176047491193934,0.006460172955013233,5.205348148962839,551.7970581054688,506.5065307617187,-1.2651049278600999
2024-07-23,541.7157018138391,543.8648365993427,540.484890622907,540.9733276367188,34439600,0.002496177519133369,0.2026688840565512,47.492438794973744,0.19063396663892251,539.4146844576866,528.6804840658164,540.3910949707031,54.975975263516034,0.006413479766528308,5.072770656488444,551.7970581054688,507.1590270996094,-1.348365415065853
2024-07-24,536.1671163330532,536.4699449259502,527.7952979520205,528.7135620117188,74515300,-0.012054908539450867,0.2592573849830722,27.60874663505651,0.2558245751767583,538.3955299390229,528.6817812401655,540.2152587890625,41.185559073921944,0.00827038072498722,5.792169020365869,551.7970581054688,507.2270202636719,-2.164598738968775
2024-07-25,528.8308137450439,534.7995603016705,525.0210402154329,525.9588012695312,61158300,-0.013980620585555388,0.30122187596411953,23.981237928862196,0.2230922157926205,537.2110795895476,528.5749977119053,539.8684661865234,35.92862962288845,0.008332654780559846,6.216412761763796,551.7970581054688,508.8824157714844,-2.7859361726932077
2024-07-26,529.7393433023149,534.535769150024,528.9675745637637,531.849365234375,53763800,-0.0057825980216746125,0.3381943592696779,26.489242782590985,0.3366352390058438,536.7004401271502,528.703404281414,539.7742004394531,41.404978985060666,0.008734419375137446,6.685313437780613,551.7970581054688,508.8824157714844,-2.6944709654050336
2024-07-29,533.3927971337158,534.3989464184045,530.1690650137424,532.1619262695312,39515800,-0.004944463868220828,0.36325059320736897,26.604195079180833,0.3168927257634553,536.2682007121389,528.8390325946735,539.8005767822266,41.199964603987226,0.008689437590553895,6.85488511243543,551.7970581054688,508.8824157714844,-2.5108635006922917
2024-07-30,533.6272524601584,534.6822931769603,526.0662565076813,529.4657592773438,46853600,-0.007400342906956309,0.379116217339563,21.850089539949984,0.392162321340382,535.6203491469203,528.863610111641,539.6374389648438,33.926841236376035,0.008750146182504073,7.062120172764326,551.7970581054688,508.8824157714844,-2.4654152887695293
2024-07-31,536.2843251839307,540.6998152024645,534.9167372159726,538.072021484375,65663400,0.0025058083928531233,0.39725039744416063,27.588399309241527,0.27948685682361707,535.8538417504874,529.2247242831208,539.7253570556641,45.57524669729396,0.009387216627917486,7.411004134059056,551.7970581054688,508.8824157714844,-1.782031283170507
2024-08-01,539.79118198238,542.0379798774079,526.9550454850472,530.4522705078125,76428700,-0.005318442031249543,0.4133106330291676,21.893778350074708,0.28476954329275794,535.3394063940422,529.2728633507559,539.3126190185546,37.58040782005465,0.009854787915282798,7.986657784850544,551.7970581054688,508.8824157714844,-1.7660702444667065
2024-08-02,523.3603002519518,524.5716145988897,516.3756265717791,520.5762329101562,82789100,-0.013869034900652133,0.42263338200725886,17.40370663501431,0.29067907886275934,533.9333898717673,528.931819019752,538.2507598876953,31.392251265358098,0.0104968445886755,8.62859418978351,551.7970581054688,508.8824157714844,-2.3092394050394227
2024-08-05,499.8078827767836,511.4717620077493,498.4695402072865,505.4151306152344,146267400,-0.023817076123919596,0.4425491417805929,11.455366999955949,0.4521542669181995,531.2173651806689,528.009595945065,536.3995803833008,23.361763240834193,0.012089025525107053,9.954350665257152,551.7970581054688,505.4151306152344,-3.506403975814284
2024-08-06,507.212414168448,517.4989244767856,505.8936583141911,510.07470703125,84826300,-0.017621972059963256,0.44948324099787246,14.511284864795705,0.45024680091584957,529.2037786902481,527.3062669680527,534.755012512207,29.76612607243696,0.012385143066373408,10.24181718823475,551.7970581054688,505.4151306152344,-3.7778216401407385
2024-08-07,516.2485672171777,519.2964689099484,506.06955696870784,506.6654357910156,70698300,-0.01976934068429939,0.4429183669106578,15.350604182414695,0.42387242330915575,527.0572698427021,526.4968226081689,532.671337890625,30.042202418304555,0.012022884104568964,10.55232441551684,551.7970581054688,505.4151306152344,-3.961095503172722
2024-08-08,511.79405372836936,519.0033889369354,509.77197692780607,518.3782348632812,63276600,-0.006998590766197628,0.44982193883757327,18.85063428376102,0.3776828331957429,526.2306950827573,526.1784466181733,531.4097106933593,40.192492228408604,0.013381328830841966,11.003081324797733,551.7970581054688,505.4151306152344,-3.1054316831074233
2024-08-09,517.5576103421191,522.1489300560904,516.3365178449808,520.6640625,45619600,-0.0046218479504113825,0.4404470280130722,18.327513622239263,0.2725196549731359,525.7005395986852,525.9621962605979,530.0909301757813,37.99061619662199,0.013323763765530006,10.980055701286517,551.7970581054688,505.4151306152344,-2.237966549132111
2024-08-12,521.8559471668351,523.3407552909962,518.6713279832952,520.9376831054688,42542100,-0.004059102655453045,0.4179578559643536,19.07456794200396,0.11229369780058684,525.2469342183789,525.7651565290242,528.7106140136718,38.55342367926265,0.013287895563119915,11.072161510662609,551.7970581054688,505.4151306152344,-1.5318921093607858
2024-08-13,524.1221746789957,529.7391995235392,523.8779562074939,529.5046997070312,52333100,0.0035659468240549766,0.38802644485304183,24.558799018255918,0.05055120809510205,525.6524356934887,525.9118052811029,527.59599609375,50.47189662980907,0.013835509291672526,10.759553420189198,551.7970581054688,505.4151306152344,-0.43123116935211314
2024-08-14,530.2960214933445,532.3572709257232,527.6291745808618,531.1752319335938,42446900,0.004822064869733149,0.36245153194273844,26.989478752736396,-0.014548031527284788,526.1784162877843,526.1182141694359,526.9517486572265,53.15226131023952,0.013578695663527394,10.398808867233763,551.7970581054688,505.4151306152344,0.41991582105968384
2024-08-15,536.7922766972661,540.5629961238054,536.1866195717042,540.2797241210938,60846800,0.012161117545158208,0.3354190131158607,27.607262888690563,-0.049655039285209646,527.5213979861948,526.6735675008734,526.97177734375,54.9039364845376,0.014071730190483175,10.456722889356545,551.7970581054688,505.4151306152344,1.543514654586291
2024-08-16,538.6679690791409,542.1847520674191,538.511695437375,541.4911499023438,44430700,0.012377772674059082,0.30151390946113654,28.676959081648203,-0.051284440210170645,528.8518505496376,527.2546491636762,527.2316284179688,55.37064287491198,0.013986667094860522,10.416949691169545,551.7970581054688,505.4151306152344,2.2717450770720706
2024-08-19,541.9013070349608,546.66845703125,541.0514314058853,546.66845703125,39121800,0.016130311850501438,0.26558183357706533,31.65631458272574,-0.07852368241026009,530.548670214553,528.0159749624046,527.4738891601562,59.628193609876575,0.013960220953458868,10.202734616604232,551.7970581054688,505.4151306152344,2.9619067130141064
2024-08-20,546.2192073450451,547.8701270511177,544.4412892289927,545.7796020507812,33732300,0.01406417055391516,0.21763033072897314,29.71149000961447,-0.10356697335406495,531.9992351513366,528.7125877893998,527.7142028808594,54.72176293707182,0.013960682185018792,9.645219037818825,551.7970581054688,505.4151306152344,3.1981490789807516
2024-08-21,546.8247712917706,549.1106230342316,541.9012882335657,547.6550903320312,41514600,0.015959178868941538,0.20631404037044881,36.86762731618286,-0.12655197504369076,533.4902689780695,529.4554310263658,528.661279296875,61.336536055969354,0.0128541156267183,9.082819066983486,551.7970581054688,505.4151306152344,3.3066241254914104
2024-08-22,549.5502804647684,550.1559376249218,542.1455582382872,543.3568725585938,56121500,0.010161848928753311,0.19565002704837686,40.27562857063072,-0.17282741946656033,534.429945509548,530.0005855962571,529.5311828613281,66.20347618609352,0.012943498661616452,8.649514456312138,551.7970581054688,505.4151306152344,2.927802687496262
2024-08-23,546.5904001832064,550.0680696349215,544.4021520897437,549.1302490234375,50639400,0.015403206108517337,0.1921260675383781,53.29683578850954,-0.27523541717078426,535.8299744156327,530.7507684757544,530.3952270507813,85.88630176864027,0.012921953743869197,7.549836197273423,551.7970581054688,505.4151306152344,2.899484259915216
2024-08-26,550.1559102385648,550.8690092024209,546.1214157161334,547.8211669921875,35788600,0.012752821386679568,0.18925832839763015,52.256560091644005,-0.3113785520481386,536.971992756257,531.4201958685558,531.178189086914,82.79032553957026,0.01295221848874634,7.025821884754586,551.7970581054688,505.4151306152344,2.633744361217774
2024-08-27,546.551349531508,549.0619234396653,545.4084233851316,548.573486328125,32693900,0.012638420295115377,0.19004985771219143,57.12113531198328,-0.3424714643469631,538.0768969059587,532.0928739257938,532.1335754394531,88.16737308745257,0.012859287263523792,6.342006749989805,551.7970581054688,505.4151306152344,2.3586747919405138
2024-08-28,548.2315309438809,548.661357929549,542.204174863817,545.3887939453125,41066000,0.008325586616972346,0.20379306274634182,53.64912780003124,-0.3480050961503012,538.7732680525638,532.6142825540103,532.4994140625,79.12362144510854,0.012500057106567847,5.921951744262109,551.7970581054688,505.4151306152344,1.835550379966922
2024-08-29,547.352316743397,550.644377643334,544.2946960843145,545.4376220703125,38715200,0.008019316857338995,0.22636788292855756,56.00431799109056,-0.31090604491608054,539.4079684352065,533.1171586134732,533.248681640625,78.06550022679751,0.012001567102149299,5.960328126255669,551.7970581054688,505.4151306152344,1.3865451784152611
2024-08-30,547.8017316610252,551.1524028130747,544.2556737558524,550.6444091796875,62700100,0.014728812498360302,0.2583420389675338,62.85501195421252,-0.18946306271196656,540.4781056489666,533.8045017729326,534.7520904541016,80.27071773036943,0.01114300006614822,6.1194211083643335,551.7970581054688,505.4151306152344,1.33354273215906
2024-09-03,547.508549729637,547.8407131286382,536.8020487007664,539.3126220703125,60600100,-0.0017291046392227385,0.29312213925095904,52.686851789891875,-0.077761790049788,540.3671072129042,534.0205064904769,536.4469650268554,59.46104435168122,0.009951896894574541,6.479481398425094,551.7970581054688,505.4151306152344,0.47303303373860217
2024-09-04,537.4762675932944,541.6084269242557,536.7533901298209,538.2089233398438,47224900,-0.0032497034257542978,0.3183316985678194,51.11532429149147,0.023106538542401855,540.1615658916604,534.1847581316285,537.8536758422852,56.859948473000706,0.009917874146946943,6.488548573394618,551.7970581054688,505.4151306152344,-0.19684265831338088
2024-09-05,538.1501466111926,540.9928237930679,534.4477558926965,536.8997192382812,44264300,-0.005053331284671217,0.3424533000822253,42.62565183384813,0.06138974274759512,539.8509138294338,534.2912271946345,539.3653900146485,46.112351347177174,0.00974951393727302,6.285498838406032,551.7970581054688,505.4151306152344,-0.7247828861233034
2024-09-06,537.2220554393132,538.8436399407501,526.964879098129,527.8635864257812,68493800,-0.0193165081337494,0.35172491562507513,35.22814740819561,0.15289299889478203,538.7092636005145,534.039162850758,539.8396575927734,36.71668074676059,0.009488302622640615,6.871620567875815,551.7970581054688,505.4151306152344,-1.6275478275832
2024-09-09,532.0544335310877,535.043665505135,530.1299607989381,533.773681640625,40445800,-0.007846660416821912,0.35558863097720766,35.56866583060534,0.1411646820016461,538.2392081757631,534.0287518229096,540.4951385498047,37.60798464635468,0.00973665228516184,6.983267243160745,551.7970581054688,505.4151306152344,-1.7603783417085084
2024-09-10,535.6786451567546,536.4504138231891,530.8138314182086,536.0986938476562,36394600,-0.003437379493579742,0.3565605588118437,39.10228399543169,0.10208870829214334,538.0353496683243,534.1099260199585,541.2531890869141,40.94645225956259,0.009758485410270079,7.1409632847932825,551.7970581054688,505.4151306152344,-1.6284450416689924
2024-09-11,536.0107592184578,542.5167136236998,527.4728902611638,541.5984497070312,75248600,0.006038510408392536,0.3512789834009864,45.07288325403027,0.1867938605277999,538.3746925291535,534.40359361553,541.857876586914,44.69543890709962,0.009348610357123142,7.700569610641147,551.7970581054688,505.4151306152344,-1.1311627950728362
2024-09-12,542.1749203516514,546.4634120914028,539.9573969973035,546.1605834960938,51819600,0.013142694432831564,0.3449743547356859,52.7499624871768,0.20803697741876825,539.1162059545765,534.8646520422187,542.607144165039,52.444262347419844,0.009480739469856014,7.593115018317202,551.7970581054688,505.4151306152344,-0.4882139650973363
2024-09-13,546.7661412876428,550.0093699640063,546.5121445202687,549.012939453125,39310500,0.01816248828233013,0.33446284380450275,54.65415608596377,0.07524230197712023,540.0587520020573,535.4194868426464,543.0438049316406,49.89224186263473,0.0087911085634786,7.388657117716117,551.7970581054688,505.4151306152344,0.10433012871424774
2024-09-16,548.7492552395013,550.0875680057417,546.9518402590558,549.8238525390625,36656100,0.01809566998034308,0.32099873139409557,57.45873626628655,0.04156458536299623,540.9887615770102,535.9843639287803,543.4604400634765,51.85661743903129,0.008786343822028038,7.273523850601715,551.7970581054688,505.4151306152344,0.5037014655525542
2024-09-17,552.031423916307,553.477237850398,547.8210997398118,550.0484008789062,49321000,0.01742204899569764,0.305316609729556,59.17464618964661,0.03859509288160923,541.851584367667,536.5358947895696,543.6294372558593,51.38085240850603,0.00854097087638552,7.41656942603404,551.7970581054688,505.4151306152344,0.7224916895221907
2024-09-18,550.702966140304,555.5385046014119,547.8602888957543,548.4171142578125,59044900,0.012711181679279968,0.2847767471465067,61.43048516126997,-0.02555441706515238,542.4768729286333,537.0018249647949,543.7613128662109,52.92012731416087,0.008562453841277226,7.503786043171585,551.7970581054688,505.4151306152344,0.6965460689653273
2024-09-19,557.804786497104,559.6315359572782,554.9425530668651,557.7754516601562,75315500,0.027396165967274514,0.27014112324971606,64.68820611730035,0.033998229031817706,543.9338804268735,537.8164769920639,544.2673309326171,60.08618083005432,0.009334619361348691,7.851267481774885,557.7754516601562,505.4151306152344,1.218309436705597
2024-09-20,556.4096197933483,557.8500005367814,553.7933228326182,556.8113403320312,77503100,0.023740987636853818,0.2525213332911979,61.56068985752978,0.03515517759014242,545.1603051797457,538.5613735936313,544.940054321289,55.41725152187457,0.009128802788168286,7.648406670842097,557.7754516601562,505.4151306152344,1.394483153012994
2024-09-23,557.8794446150124,558.8495067502496,556.6643550711399,558.2027587890625,44116900,0.02491333873877064,0.23281085168367457,80.87218119287367,-0.06293716231326452,546.4024436187283,539.3316239934521,545.3936798095704,70.10487148306362,0.008867279613230637,6.815748899426994,558.2027587890625,505.4151306152344,1.4919587524252353
2024-09-24,558.9964868304339,559.8587776289324,556.1744550910837,559.7999877929688,46805700,0.025819275415570886,0.20845285523896281,84.85685895538924,-0.09228565583212645,547.6784002067512,540.1343049267665,545.9926208496094,72.74058550508492,0.00884391342810549,6.732126452527991,559.7999877929688,505.4151306152344,1.544731937313078
2024-09-25,559.6432009533316,560.378103761662,557.4580492681129,558.5653076171875,38428600,0.021044465876077497,0.17973416135315828,85.4093071482534,-0.13734255131649997,548.7152485315547,540.8570893459987,546.4922119140625,72.85495558025107,0.008874658799081453,6.4731969234692555,559.7999877929688,505.4151306152344,1.3824734727076615
2024-09-26,562.817932214862,563.1413061737785,558.4281322177342,560.77978515625,48336000,0.02374205272300877,0.15044802722571857,108.31013827481517,-0.24071249609672896,549.864252019621,541.638371534636,547.2617614746093,90.56081275204835,0.008751835840808284,5.961369288713773,560.77978515625,505.4151306152344,1.310909443699213
2024-09-27,561.8479471107624,562.6611965458859,558.9377006949258,559.966552734375,42100900,0.019910771015326345,0.12184922282638967,104.28729610717524,-0.25285477974506143,550.8263758972166,542.3571237385473,547.9882080078125,86.91269164074757,0.008770989229129528,5.71447048668566,560.77978515625,505.4151306152344,1.1037332303179221
2024-09-30,558.9377164538611,562.8180251821971,556.6448529649051,562.2105102539062,63557400,0.02298925664953535,0.10255458277961006,107.02685410322864,-0.15595506593474573,551.9105791692823,543.1356879156202,548.5665130615234,86.88272456411389,0.008584098840880135,5.752798330422187,562.2105102539062,505.4151306152344,1.0150055350774503
2024-10-01,561.8576982708267,562.5043864049716,554.6066335561335,557.1738891601562,72668800,0.012431146917590112,0.1074621507812106,104.24858544203231,-0.22129140632343058,552.4118467874607,543.6862056114844,549.4595764160156,72.29183409622978,0.0073451287907060556,5.242364722300904,562.2105102539062,505.4151306152344,0.5382274074092726
2024-10-02,556.2823034605133,558.4282222492225,553.8914170466389,557.4091186523438,38097800,0.011885025651053312,0.10988835993870812,99.37259633390168,-0.2118721347082546,552.8877774412591,544.2243590640671,550.4195861816406,68.37491624924226,0.007300239045977692,5.101706872906918,562.2105102539062,505.4151306152344,0.17843074302898465
2024-10-03,555.9391917508498,558.3300776437013,554.1068390984451,556.3899536132812,40846500,0.008328247686041458,0.11116572061659975,91.34121329925479,-0.13971887975982866,553.2213180290707,544.701441203252,551.3940979003906,62.81835092787617,0.007283123560906442,5.1284534498600385,562.2105102539062,505.4151306152344,-0.16964227903357454
2024-10-04,560.828843806913,561.8185225581165,556.6643942780399,561.4461669921875,42939100,0.02367610269490023,0.12493989510894729,119.15143466049429,-0.07389007721941021,554.004636977939,545.3580971165436,553.0732269287109,67.59863070416704,0.0059814128261611275,5.292227821156416,562.2105102539062,505.4151306152344,-0.10401747972425213
2024-10-07,559.7999074826037,560.446655391967,555.2239297880301,556.370361328125,49964700,0.0064875478808378295,0.12879500385775275,98.01379112587598,-0.07303139021981608,554.229944058909,545.789950615037,554.2030609130859,58.34653524386333,0.006246525693640924,5.332663470697217,562.2105102539062,505.4151306152344,-0.4288997692586385
2024-10-08,558.9376805045769,562.2300906410503,558.0656412646009,561.63232421875,37398700,0.01956605812695987,0.12740199953953882,106.87189726843383,-0.007552533807963613,554.9349326455606,546.4112201681238,555.4797424316406,65.92100309422686,0.006444792281992994,5.202771585502051,562.2105102539062,505.4151306152344,-0.32080368266138404
2024-10-09,561.6224145456196,566.0808720947961,561.0247080377793,565.5223388671875,37912200,0.028575367411891362,0.1284154915853373,100.74888366089486,-0.06641127013654236,555.9432570476202,547.1606758033812,556.6759368896485,60.7493779461807,0.006270233756968664,4.762896039612842,565.5223388671875,505.4151306152344,-0.033815068780080004
2024-10-10,564.1799758679994,565.9535388259317,562.9257131010544,564.53271484375,44138100,0.02345919999641614,0.12665939810727683,102.02735763569497,-0.08560998781241369,556.7613006472517,547.8419322363369,557.5945434570312,60.70639690860374,0.0061487447738957585,4.6894066125209894,565.5223388671875,505.4151306152344,0.038925429181294824
2024-10-11,564.4543586951436,568.6482329129351,564.3171624790748,567.913330078125,42268000,0.030058347132606453,0.1278006054282544,104.29444700538085,-0.08494367830967309,557.8233986882873,548.6290458771914,558.5395629882812,62.76067065345721,0.006174339347597729,4.842686523574604,567.913330078125,505.4151306152344,0.25237592248959473
2024-10-14,569.5202272995722,573.4887501402064,569.0401003876937,572.557861328125,36217200,0.03826372878534533,0.12648925933290775,105.1704267993448,-0.0665518374607208,559.2266808444623,549.5674307968359,559.6762634277344,65.5219888344158,0.006340517276616365,4.977764918162653,572.557861328125,505.4151306152344,0.6229162389074219
2024-10-15,572.8224884018784,573.1262458468478,566.8942243784207,568.1093139648438,54203600,0.021549963945776476,0.12413373773437382,91.26434783980213,0.002222354394138426,560.0726459035462,550.2945634700911,560.5793090820313,60.76958572953614,0.006704969692780441,5.21433398779679,572.557861328125,506.6654357910156,0.49077429131781347
2024-10-16,568.1092586044506,571.0978512020905,567.305757742965,570.5784912109375,30725400,0.02539921461330409,0.12123205517713677,91.44504698507379,0.08096890650371225,561.0732025994882,551.090011616791,561.6873779296875,60.993798517560826,0.006639766614185865,5.148542523731156,572.557861328125,506.6654357910156,0.4908423880899768
2024-10-17,574.1159000748407,574.3216944108202,570.441385688738,570.6275634765625,34393700,0.02689601469459347,0.11572698861452237,108.70657745930004,0.10029772835654716,561.9831417306382,551.8561901210958,562.3299835205078,62.169954349607316,0.005619904337742952,5.159743443097016,572.557861328125,518.3782348632812,0.41820943445192427
2024-10-18,572.3128360166068,573.6062719503354,570.8528388827377,572.8223876953125,37416800,0.030040890018333676,0.1095464357549248,107.14783616584346,0.01835364263406336,563.015450870131,552.6783939475357,563.1305358886718,62.127470798230526,0.005607615562519721,4.931567461417087,572.8223876953125,520.6640625,0.4398001032044814
2024-10-21,572.0972566282711,573.0771269383695,568.9126781204517,571.8817138671875,36439000,0.023996755457441645,0.10331525007371781,115.61694748059385,-0.06285190954702835,563.8598568698507,553.4314653169338,563.8144836425781,68.5445156722563,0.005642546028583364,4.664902887779923,572.8223876953125,520.9376831054688,0.31821394086967203
2024-10-22,569.3537388044809,572.7343039714391,568.6972423190728,571.5780639648438,34183800,0.020529838162868692,0.09532539237794291,112.59550819604057,-0.1122151111261589,564.5949242122309,554.1430966364596,564.4033874511719,67.83429312453521,0.005641797313012809,4.629206919907266,572.8223876953125,527.8635864257812,0.15318916694659723
2024-10-23,569.5594196255329,570.0003732214365,562.8570804647936,566.355224609375,49314600,0.004291862609479262,0.0843447940688041,93.35864987957443,-0.038470714020510055,564.7625718691017,554.6220036157897,564.7928833007812,61.342848290072794,0.00605086519388093,4.95047441667826,572.8223876953125,527.8635864257812,-0.34469154370792054
2024-10-24,568.3052337104026,568.3836400907534,564.9639018539431,567.5801391601562,34979900,0.006795898321762053,0.07282976600906238,86.83657810833986,-0.06836714616242356,565.030911611107,555.1301657940002,565.1329010009765,57.64905919441286,0.006013156327780121,4.806986508962195,572.8223876953125,527.8635864257812,-0.6128339645332153
2024-10-25,569.8044050522926,572.6950344865168,566.443456997856,567.3840942382812,47268200,0.005586321940913943,0.05855877215094205,97.34874811895922,-0.024836975019765672,565.2550242422664,555.6107120075014,565.5037780761719,65.63718073370804,0.0059981933877248225,4.8090822435695815,572.8223876953125,527.8635864257812,-0.81220994863558
2024-10-28,570.8528957024953,570.9802836348513,568.8343651367928,569.1381225585938,30174700,0.009081616188274884,0.04366446572851321,90.41022128761814,-0.0037518609129025826,565.6248431295356,556.1411986957796,565.8501586914062,61.83560372887685,0.0059748666908144305,4.647400820972775,572.8223876953125,527.8635864257812,-0.8317325345315423
2024-10-29,568.1778099310847,571.1762108700161,566.7864107519835,570.0592041015625,42899700,0.010974223464312498,0.04134701223932085,89.63703676705467,-0.006351740947503237,566.0471632221096,556.6870028293398,566.4944244384766,57.89304903688916,0.005533316703042533,4.599803396759626,572.8223876953125,527.8635864257812,-0.7887641192851582
2024-10-30,569.5888588084969,571.5780244818477,567.6291179550885,568.3346557617188,41435800,0.005472193823855633,0.04006050795845782,84.51767860028511,-0.05754590572373475,566.2650196544533,557.1437735325703,567.0407012939453,56.44953210840092,0.005610611312366894,4.665594882608332,572.8223876953125,527.8635864257812,-0.8759201959725234
2024-10-31,563.9742291931302,564.0428273008541,556.9975564307639,557.1935424804688,60182500,-0.01659839121555567,0.06724635542024752,40.71217259925685,0.07469107901249439,565.4010694474072,557.1457252560174,567.0808807373047,35.605244738623654,0.00724856396740682,5.166025518115085,572.8223876953125,527.8635864257812,-1.6390136941558904
2024-11-01,559.8196194970722,563.9644525610958,559.1336981878939,559.5452270507812,45667500,-0.010933599561187958,0.08122733272065671,36.57777650705931,0.09197917530289579,564.843370171538,557.239823365616,566.9858337402344,31.37977232909398,0.007008581675025046,5.2514176622969115,572.8223876953125,527.8635864257812,-1.9209545699239232
2024-11-04,559.6823223393656,560.9757583388703,556.4585705161212,558.3399047851562,38217000,-0.012501259162486775,0.08958550114107344,41.46493460854456,0.10361247981940025,564.2239925156921,557.282963813441,567.0843109130859,34.59033880421137,0.006711471690458251,5.128929544748481,572.8223876953125,527.8635864257812,-2.1091601192634144
2024-11-05,559.2512590975022,565.1304818819561,559.0357163025479,565.09130859375,39478300,0.0015913003034707276,0.10026916101057728,48.49138341602384,0.16159463493668325,564.3065940469357,557.5891734126689,567.2572601318359,42.37493129957456,0.0069251987817388035,5.343106947439513,572.8223876953125,527.8635864257812,-1.7161612638164403
2024-11-06,577.3397109306703,580.014738259286,573.6064067155438,579.1426391601562,68182000,0.021274606849545397,0.13854963898797015,52.468538070464085,0.31428069835229144,565.7195507243853,558.4344073635507,567.9382751464843,58.51789349259826,0.008746744995893369,6.131901300543356,579.1426391601562,527.8635864257812,-0.5097006462643963
2024-11-07,581.1415036340469,584.6396478381987,581.0630972629532,583.6205444335938,47233200,0.025104419128270883,0.16659767004115672,53.06147369689745,0.22178643222528427,567.4244072681195,559.4220990133563,568.8926666259765,60.329894258672134,0.008833442597858536,6.311779886562606,583.6205444335938,527.8635864257812,0.5335854591926212
2024-11-08,584.1693242787533,587.5695056932594,584.1693242787533,586.148681640625,46444900,0.02606304416517192,0.18729667787093934,55.384650948650766,0.19898822051835374,569.2076714940723,560.470200292857,569.8044342041015,63.24596755913793,0.008798824990781811,6.296387918116027,586.148681640625,527.8635864257812,1.294260367908361
2024-11-11,587.7360051791314,588.0887441353201,584.9825720146739,586.7071533203125,37586800,0.024510261377649487,0.20214620628344215,56.54247414488642,0.21465809860582818,570.8742888108571,561.4991004115808,570.5118988037109,63.98024182222829,0.008662577885657096,6.229895808707446,586.7071533203125,527.8635864257812,1.7092748842871597
2024-11-12,586.6287817012992,587.2264882691159,582.4055428293386,584.8846435546875,43006100,0.01995114874106396,0.21286122381815267,61.48541529612223,0.1138316563918016,572.2086083102696,562.4161805348399,571.3506652832032,68.27052700503606,0.008467391715332891,5.951321661545096,586.7071533203125,527.8635864257812,1.7300359599311985
2024-11-13,585.3451927424278,587.1677373847895,582.9837313260188,585.1688232421875,47388600,0.01839814241130982,0.22083536628395173,60.886178436153855,-0.020546495142646504,573.4429144942618,563.3084410331672,572.0801818847656,67.67076079691438,0.008442819337965151,6.005912220256554,586.7071533203125,527.8635864257812,1.6330991843745082
2024-11-14,585.296183408181,585.7763103260314,580.7202054727688,581.4060668945312,38904100,0.01102955883699945,0.22274417863881135,55.50653861206928,-0.061988626958849324,574.2013099609542,564.01815185126,572.619107055664,63.14531855093428,0.008615968440180123,5.920521317728109,586.7071533203125,527.8635864257812,1.2054850950602658
2024-11-15,577.8491019104924,578.3194803370213,572.1070761341368,573.9590454101562,75988800,-0.0003169195852970407,0.22595231407895763,44.89907944602784,0.0049991129168522885,574.1782371465924,564.407990814354,572.6759399414062,54.083626820638074,0.009113934437092713,6.327864272286994,586.7071533203125,533.773681640625,0.3551563706410299
2024-11-18,574.4195885423085,577.6237838402152,573.5573576252949,576.310791015625,37001700,0.002774838177901445,0.22600363699592993,45.57304603488762,0.012017910080984517,574.3813375150718,564.8747672928353,572.8973937988281,55.17017887104688,0.009145224733116191,6.304766136350395,586.7071533203125,536.0986938476562,-0.09102111012523206
2024-11-19,572.9399780116551,579.142513878155,572.2736733921519,578.4174194335938,49412000,0.005225794624386541,0.2226903270093123,47.94189082763103,0.09443468495600627,574.7657262692168,565.4058516905121,573.2393615722656,58.286266334672945,0.009170056932521223,6.513332847724963,586.7071533203125,541.5984497070312,-0.2759304110114664
2024-11-20,578.495884693383,578.8976052377521,572.8616299600318,578.6134643554688,50032600,0.0051357096614336635,0.21736654183328805,60.634714838204125,0.021440358210018884,575.1321775155265,565.9237972852163,573.8522735595703,71.46493745428035,0.0088787371612424,6.1346811296367845,586.7071533203125,546.1605834960938,-0.40868870128178525
2024-11-21,581.455141177832,583.1404896221547,575.6249001169805,581.7196655273438,46750300,0.00872210001404627,0.2094649469037573,60.57266276883257,0.04515669905212483,575.7595573261757,566.5432430986331,574.5592498779297,71.89001788287919,0.008927567932457331,6.187872517104446,586.7071533203125,548.4171142578125,-0.3151494820434859
2024-11-22,581.7098478799927,584.1497754660484,581.2101642027249,583.5226440429688,38226400,0.010268680852067384,0.19861088429233706,62.85031406688506,-0.0399306597406196,576.4988989182513,567.2091019591953,575.366177368164,74.56981358588722,0.00892801478926151,6.0751884771454785,586.7071533203125,548.4171142578125,-0.16712518433361545
2024-11-25,587.451946771504,588.7649396726674,583.2188992835091,585.5020141601562,42441400,0.011891597046172566,0.1844313244792502,60.65130154619785,-0.050513077160150965,577.3563384650994,567.9264710651154,576.1843719482422,71.9586683844397,0.008931192582142746,5.986292998028221,586.7071533203125,548.4171142578125,0.018927438756223047
2024-11-26,586.746407902425,589.2255088244219,586.0311216188419,588.5592041015625,45621300,0.014721240958319755,0.16015682097540987,53.15245526186569,-0.20374134685806133,578.4232780495245,568.7355978508584,577.1093719482421,63.26981729606432,0.008970889086052118,5.186297640794627,588.5592041015625,548.4171142578125,0.2878030972597916
2024-11-27,588.3729502321648,588.7550542016285,585.256969810655,586.7757568359375,34000200,0.010972304704323019,0.12942877907768943,46.09611086116837,-0.177868054101449,579.218752219659,569.4430550659596,578.0314270019531,54.811728722562584,0.008971025422100537,5.0435173345754105,588.5592041015625,556.370361328125,0.2849216040803819
2024-11-29,587.5889978813017,591.2047216811674,587.314665296655,590.4208374023438,30177400,0.017509306595685458,0.12058901216574693,56.44030770868187,-0.17939432479630968,580.2856174751528,570.2657131967982,579.6927917480468,56.300440882340766,0.0074890250480317555,5.077803304972853,590.4208374023438,556.370361328125,0.4576456159107467
2024-12-02,590.8324390421951,592.1552999944694,590.3425038316959,591.4791870117188,31746000,0.017393081148010196,0.10845657932344856,56.84533556322667,-0.1793803061852628,581.3516717167305,571.0976141307167,581.2894897460938,56.93538915707323,0.00748662794158261,4.985419307981942,591.4791870117188,556.370361328125,0.5652590845910348
2024-12-03,591.2439870884159,591.9984465923378,590.2151351783115,591.7534790039062,26906600,0.016221600905227014,0.09083566209096221,60.68034051945811,-0.20343934876385472,582.3423200297948,571.9076480473124,582.9601684570313,60.453166536937516,0.007417923922844484,4.768445448999736,591.7534790039062,556.370361328125,0.5750961851532228
2024-12-04,593.4388120135218,595.6728850379003,592.772507434092,595.4279174804688,42787600,0.021037579562483814,0.07916690721343525,66.52522249686871,-0.08421271277013209,583.5885674060495,572.830011554495,584.4769989013672,64.15221429088638,0.007147483380175553,4.749545447229975,595.4279174804688,556.370361328125,0.7388119200900931
2024-12-05,595.4280516027892,596.2315525489399,594.0954421437544,594.4481811523438,28762200,0.025045943646784686,0.12964954762092576,103.55523360337443,-0.09964135860222012,584.622816334268,573.6777829112733,585.2422760009765,69.48764249886,0.004920447106909923,4.540974415224468,595.4279174804688,556.370361328125,0.6916910877294464
2024-12-06,595.212464951605,596.8096584526629,594.800936138575,595.5750122070312,31241500,0.02617411570513028,0.16527966446524495,138.9497632385421,-0.20330948314934083,585.6658826078645,574.5364977856168,585.8399993896485,89.81965369912301,0.004687501368594871,4.045437739504807,595.5750122070312,556.370361328125,0.6477518366075348
2024-12-09,595.4574149257465,595.6239761392873,591.9200973185369,592.5079956054688,34742700,0.015733220629692297,0.18835688943624324,117.82718641299249,-0.19374053640210764,586.3175124171602,575.2412624060032,586.1579650878906,79.07142340700102,0.004813214114856711,4.019541497064097,595.5750122070312,556.370361328125,0.3389921898270538
2024-12-10,593.184106485161,593.6054435570935,590.0093361336401,590.6658325195312,37234500,0.009752087166192986,0.2048460953457941,104.9993013362164,-0.20607776890197016,586.7316381411955,575.8461475084945,586.3558990478516,72.19467092544339,0.004880580611927447,3.785774849739117,595.5750122070312,556.370361328125,-0.0421714015287078
2024-12-11,593.5859415432025,596.1825623151827,593.3115491139272,595.2321166992188,28677700,0.01819276580941081,0.21584662823388706,105.62150909418185,-0.2107274415237984,587.5412075276739,576.6063815944052,586.8732727050781,75.99639479995723,0.005074650738334561,3.7486858867341977,595.5750122070312,556.370361328125,-0.03966690699966424
2024-12-12,594.369747252086,594.9380289691392,592.1650390625,592.1650390625,31543800,0.009499491323050006,0.22266631754621735,88.59957636666128,-0.24444959930086319,587.9815724357526,577.2165250245266,587.2230834960938,66.35961969000874,0.005251793960364141,3.4309350389873754,595.5750122070312,556.370361328125,-0.28387088815891914
2024-12-13,594.1933425526647,594.9086286959063,590.6755820460321,592.0474243164062,35904700,0.008727023530717358,0.22875351246030778,89.46619448742479,-0.12906253716930727,588.3687964243862,577.7981289183258,587.7551513671875,64.09572213453255,0.0049906419309771344,3.52332328088385,595.5750122070312,556.370361328125,-0.48103055574989995
2024-12-16,593.8014244521054,595.54562235978,593.0273484159295,594.5755004882812,43695200,0.017152620027540744,0.24068578789354733,116.45661523587812,-0.15984227801102413,588.9599110971382,578.456065058324,588.7859741210938,64.73561924095603,0.003848556458200465,3.377048827613529,595.5750122070312,556.370361328125,-0.4684301439226637
2024-12-17,592.0278913761272,592.9881452170704,590.7540718346318,592.1258544921875,55773500,0.008313760860560033,0.24512652106073002,95.62015663440418,-0.10611585556845371,589.2614295157143,578.992135232201,589.5767272949219,55.9089530204057,0.004022081785879421,3.384044112569516,595.5750122070312,557.1935424804688,-0.6416156652948333
2024-12-18,591.822113059209,594.2031909866316,574.0962907751041,574.4784545898438,108248700,-0.019641103075443356,0.2417310297958898,31.634947595802355,0.21919740352895012,587.8535271418219,578.815128148187,589.3797790527344,36.646142221809825,0.008004705514360935,4.570388099751954,595.5750122070312,557.1935424804688,-1.890592316804871
2024-12-19,579.456129686489,581.0631314525076,574.057034359764,574.302001953125,85919500,-0.018138388209470918,0.24027610870852134,26.96096217644376,0.3857647902239574,586.5629056952794,578.6381428072042,589.1642059326172,31.070238189103364,0.00800324921608891,4.754468974574365,595.5750122070312,557.1935424804688,-2.629116505748187
2024-12-20,571.9778279294948,585.7225012446567,571.132257605004,581.199951171875,125716700,-0.006904214909042622,0.2410381759879089,32.84237919753471,0.6084654579098987,586.0521481216218,578.7386058803286,589.1382202148437,39.38423989985262,0.008381635368481875,5.667143794351448,595.5750122070312,557.1935424804688,-2.5515202342689474
2024-12-23,580.9443313472664,585.2800771480029,577.7686569320756,584.6803588867188,57635800,-0.0017609852016366048,0.24205132606603372,35.87105926317862,0.7992912549483666,585.9215015278215,578.9716158021478,589.1961059570312,43.14900208096859,0.008462560987698488,6.076294423058657,595.5750122070312,557.1935424804688,-2.178747277896092
2024-12-24,586.0272244384283,591.2183812455869,585.4471288073329,591.1790161132812,33160100,0.0065381392198603835,0.24556489969024373,37.15625753833625,0.8508442082654106,586.4222172026272,579.4503373829765,589.4799560546875,46.09800993686325,0.008788969255005831,6.26333844626395,595.5750122070312,557.1935424804688,-1.4429212298874963
2024-12-26,589.4093887705021,592.3392110668057,588.0133066034633,591.2184448242188,41219100,0.006041745108299026,0.24764867463377715,38.38900649220559,0.40464051792653755,586.8790007856359,579.9118317924369,589.6129180908204,46.98183718027985,0.008719135621682719,6.419752307560868,595.5750122070312,557.1935424804688,-0.9270379194560694
2024-12-27,587.4823797773107,587.7183905820746,580.8165297326684,584.9949951171875,64969300,-0.0023091581042723845,0.25209655550367394,32.56491654913563,0.4710516211276654,586.6995716743551,580.1111715306624,589.5238800048828,40.97293176229444,0.009023901821387618,6.994069292648809,595.5750122070312,557.1935424804688,-0.9736232739983968
2024-12-30,577.9948725430215,581.7800467977985,574.5734057798932,578.3192749023438,56578800,-0.010155011375910603,0.26390888709537047,30.286946070953768,0.3188135027675889,585.9014481722587,580.0409010746499,588.9188018798828,38.596169355234316,0.009231843118090756,7.473905758116238,595.5750122070312,557.1935424804688,-1.396954772490936
2024-12-31,579.9807622286955,580.6985158642835,574.583178079053,576.2152709960938,57052700,-0.011881620965425298,0.27361030349499577,30.48241225728888,0.2596247401890539,584.978955107862,579.890876365687,588.1556060791015,38.43440047521162,0.00922543113081804,7.653850783957458,595.5750122070312,557.1935424804688,-1.739291521599597
2025-01-02,579.4695486945864,581.180251846637,570.7291685588775,574.7994995117188,50204000,-0.012637540450620068,0.28167812523900426,26.266822787276233,0.2782806922397809,584.0094831463246,579.6912145282764,587.3079071044922,32.77811273697792,0.009219731009227645,8.006304604822317,595.5750122070312,557.1935424804688,-1.965030890322737
2025-01-03,577.6408633877121,582.6254735449975,576.5593423217554,581.9864501953125,37888500,-0.002440343666644388,0.2909418139240765,32.67471622268728,0.30008532668392784,583.8168133414663,579.781223770121,586.6358337402344,41.977976306153586,0.009593398665237915,8.346225776005172,595.5750122070312,557.1935424804688,-1.5523713150456389
2025-01-06,586.2337670283534,589.6060270134918,583.608664526265,585.3390502929688,47679400,0.0018309123741742732,0.28970038888390137,34.9102629763975,0.22791474157306468,583.9617882892285,579.9991777514091,586.1803771972657,44.969462518353616,0.009713298852171485,8.58812078802697,595.5750122070312,557.1935424804688,-1.0023690747486216
2025-01-07,587.3643786767495,587.6888410122485,576.903513754268,578.7223510742188,60393100,-0.006208893012642893,0.2842142639721151,29.65010345100754,0.21872422698804805,583.4627942687514,579.9491061170095,585.337744140625,38.79875730540203,0.00997077155789131,9.108630017641733,595.5750122070312,557.1935424804688,-1.029047929450957
2025-01-08,578.7911897402016,580.6395509433228,575.350100693004,579.56787109375,47304700,-0.004676641015063956,0.27568194353583486,31.665484327199536,0.20377166516358858,583.0918492044656,579.9341557239405,584.6907379150391,40.92119731646919,0.009949008723141202,9.213488703118108,595.5750122070312,557.1935424804688,-0.9372139656127867
2025-01-10,576.0186519228087,576.0874809051687,568.8120114375996,570.7193603515625,73105000,-0.01434971812052145,0.26648681843449123,34.97482950048127,0.06735349910741162,581.9135169327606,579.5727911995335,583.6934143066406,46.88621428491982,0.010440379671537315,8.545557234876883,595.5750122070312,557.1935424804688,-1.3924268472040713
2025-01-13,566.0788468496604,571.9581742427216,565.6658729466735,571.604248046875,47910100,-0.012362289170865185,0.25379979336182423,36.79683444340149,0.01777402730327715,580.9316818007715,579.260299311194,582.5120208740234,47.791281056986946,0.010237164017299951,8.494571820827202,595.5750122070312,557.1935424804688,-1.5423187102637546
2025-01-14,574.5242667122994,575.1535088845837,568.6154150795988,572.3908081054688,48420600,-0.010379096096988123,0.2390696246201325,32.714573362397815,-0.07786366113424426,580.1182652583617,578.9909074992048,581.5233093261719,41.98573825782857,0.010234526949214203,7.9194182612080795,595.5750122070312,557.1935424804688,-1.4957434785571289
2025-01-15,580.3937768602567,583.9430001285099,579.2827918470954,582.8025512695312,56900200,0.003020585893573946,0.21998187679682735,34.99653947572511,-0.09887164118406366,580.3739115451398,579.1403837254921,581.0610656738281,48.482959801343966,0.011155947499638956,8.208044818859069,595.5750122070312,558.3399047851562,-0.7108022271054761
2025-01-16,584.1690862304802,584.34604932179,580.9836305712422,581.6817016601562,43319700,0.0014943219163239363,0.16410018818825653,30.495574930030706,-0.1337465918862787,580.4984629846651,579.2400432523417,580.4163757324219,41.5971850213413,0.011095729081884886,7.9812159896933315,595.5750122070312,558.3399047851562,-0.2385784429647524
2025-01-17,586.9121689712896,589.2717368825727,585.5848557638515,587.521728515625,58070600,0.00793388104924138,0.06560985232435705,34.128975213498364,-0.03875569948266855,581.1673454161851,579.5648152234509,580.1861694335937,47.03376590811809,0.0113377597765693,8.21436818677005,595.5750122070312,565.09130859375,0.45765598257289586
2025-01-21,590.5597127423754,592.9094994878243,588.5933760531964,592.899658203125,42532900,0.016495244183674932,0.07130154626814661,51.060570832598685,-0.07514878900361166,582.2847085387508,580.0877502422617,581.1072296142578,56.42992469377056,0.009141085293274738,7.856215035387834,595.5750122070312,570.7193603515625,1.2272651269961168
2025-01-22,595.7213382459036,597.5893820777127,595.1707663809229,596.2326049804688,48196000,0.019520975556505202,0.07573046508744063,59.05043791247178,-0.05967890214325566,583.6130796284382,580.7208818006228,582.203759765625,65.40931619623656,0.009171411204651918,7.44679607376593,596.2326049804688,570.7193603515625,1.8692167232949721
2025-01-23,595.6032899728609,599.48681640625,595.3280340779654,599.48681640625,41152100,0.02282592323566237,0.08596270929736229,64.75306659349395,-0.10977068549057978,585.1248640834679,581.4568008047651,583.1181030273438,69.63008345646723,0.008904945331376075,7.307042112555507,599.48681640625,570.7193603515625,2.388217848901823
2025-01-24,599.54587252364,600.4995770008244,596.5865262707722,597.73681640625,34604700,0.018120840013904477,0.09491806209899427,64.46972832004978,-0.1429827490149399,586.3260023999233,582.0952327891371,583.7709259033203,69.23966943841185,0.008896020213583109,6.840039787004985,599.48681640625,570.7193603515625,2.478148790804873
2025-01-27,584.7983708814467,589.5962372876534,584.6312490621345,589.2816162109375,70361100,0.004112356468345188,0.10038092426580289,50.510270552685704,-0.12139881840873123,586.6074894295436,582.3770517468547,583.6760559082031,55.9916584788755,0.009193840976381264,7.217153594921895,599.48681640625,570.7193603515625,1.8608741111880533
2025-01-28,590.5105293609671,595.1805787054238,587.1972570477369,594.3449096679688,44433300,0.01054175826404869,0.10367038978249735,50.58593227511654,-0.0780375363268212,587.344386595108,582.8463795084671,583.8323791503906,57.19451400753622,0.009398355078389833,7.243135369172437,599.48681640625,570.7193603515625,1.6911725822667678
2025-01-29,593.5584283650862,593.9615610343399,589.1341703360996,591.6806030273438,37177400,0.006090563844183671,0.10867337222522903,55.704997750137615,-0.0808193954147356,587.7573595886543,583.1928196464622,584.1666595458985,61.049743310030685,0.009124920254763854,6.844950517307341,599.48681640625,570.7193603515625,1.3138853582793855
2025-01-30,593.7943615542468,596.3898803192325,590.6088457833347,594.8561401367188,39281300,0.010419503860229124,0.11596395544856206,59.699787312414315,-0.058433826631278496,588.4334339265652,583.6502047637272,584.9935028076172,62.538355957299615,0.00872420726270137,6.880063680562988,599.48681640625,570.7193603515625,1.1959560366288824
2025-01-31,597.2746959271392,599.6933113603776,590.9332488823969,591.6903076171875,66566900,0.004741711850208146,0.12147490190516563,65.33805074069618,-0.014990124463110654,588.7436123732911,583.9655029148432,585.7672546386718,68.96679260114688,0.008783784830902528,6.737506739265151,599.48681640625,570.7193603515625,0.8393520526299514
2025-02-03,582.6943020815504,590.1860392450765,580.5510025263411,587.70849609375,65857200,-0.0014814725154372677,0.1250661565329615,59.400976711228566,-0.018488216598205875,588.6450298704776,584.1122869610749,586.4127044677734,63.79254826440509,0.008932270476486506,7.083721296036458,599.48681640625,570.7193603515625,0.2978582574039388
2025-02-04,587.7674745011321,592.1622076462813,587.2267439810199,591.6510009765625,33457800,0.004443136124622599,0.12880385641387765,63.1635411211224,-0.0378134109864211,588.9313128329619,584.4079228048196,586.8959320068359,65.64948339084455,0.008633555982621667,6.969247714627637,599.48681640625,570.7193603515625,0.17389759111318392
2025-02-05,590.5302274178379,594.1974260072697,588.5049031019603,594.0499267578125,30653100,0.007591849873772664,0.13134193589624926,58.46424639463751,-0.04298798012628324,589.4187998734238,584.7860406068977,587.3314758300781,60.506974924936735,0.008590904117666796,6.5506999205039405,599.48681640625,570.7193603515625,0.21923286407486176
2025-02-06,595.7901006731433,596.2423796576439,592.4866698522919,596.1145629882812,35771500,0.010475151029428458,0.13490441163276773,64.53185117552465,-0.04378906298641927,590.0564915986483,585.2302963865599,588.2010864257812,63.24913995002185,0.008120045972751028,6.57879213870424,599.48681640625,570.7193603515625,0.34646974781804296
2025-02-07,596.6750050236558,597.8941240756534,589.9501076619601,590.6580200195312,50788500,0.0009017955526160104,0.13483358743800472,51.725511605472256,-0.019804095924359055,590.1137800196848,585.4431482937352,588.7555938720703,52.8994805367749,0.008463247739647928,6.604076509509729,599.48681640625,570.7193603515625,0.03759724651940388
2025-02-10,593.8631053864565,595.3083338092902,592.5947800275039,594.6692504882812,26048700,0.007545398464888429,0.13595159073950147,55.86998319561056,-0.075146985223153,590.5476343500274,585.8049562229331,589.9530883789063,51.67838928350208,0.007630509231815977,6.5514009964782725,599.48681640625,570.7193603515625,0.07569692903112468
2025-02-11,592.408088766588,595.6623736678141,592.2901133629294,595.1216430664062,30056700,0.007541113070674934,0.13686049011763782,52.6451579068576,-0.07345861128854869,590.9832542277777,586.1703164913047,591.1289581298828,48.88539166217606,0.007635463334858029,6.457296455785199,599.48681640625,570.7193603515625,0.10198555737435955
2025-02-12,589.1144530437037,594.3743794070193,588.4360645213627,593.2044067382812,45076100,0.003607114726324681,0.1354611074373203,46.18477635180365,0.013293538155045193,591.1947925621114,586.4461631676567,592.1696380615234,43.52321564531251,0.007725365478353506,6.6377818998394105,599.48681640625,570.7193603515625,-0.031963474181284646
2025-02-13,594.3055297285264,599.6736500230521,593.0471055616473,599.4671630859375,40921300,0.014724249278700089,0.12669748789319407,60.13080500225963,0.03842813948456292,591.9826373739044,586.9567906154324,593.0028686523438,51.632026637437946,0.007031270042081222,6.831602880650313,599.48681640625,570.7193603515625,0.26277633676940937
2025-02-14,599.6736949390985,600.7060096863363,598.8183432907158,599.437744140625,26910400,0.013303462627544756,0.11447698494711349,71.76264847834103,-0.08687850106088812,592.6926475421635,587.4462397732831,593.8906707763672,61.38926001774118,0.0069965741329753965,6.030324241472101,599.48681640625,570.7193603515625,0.4086084132414527
2025-02-18,600.5977915687461,601.197509765625,598.1398710820379,601.197509765625,26749000,0.0157611450023868,0.09422772680306331,70.87190799339852,-0.1332403944782793,593.5026344205884,587.9855052631789,594.5744598388671,58.299562819070374,0.006716407313039516,5.678489743322116,601.197509765625,570.7193603515625,0.5667135263288969
2025-02-19,599.8113366176324,602.908280775238,599.3000698962699,602.6133422851562,31011100,0.017503421783530298,0.10381142586171886,80.33790987861651,-0.13833545302494832,594.3703208838806,588.5591459307075,595.0601440429688,63.654173349351446,0.006458303088917807,5.56402342525776,602.6133422851562,570.7193603515625,0.7009823476529617
2025-02-20,601.2467721645895,601.3844301402796,596.8028918726411,600.1063232421875,36554000,0.011070561289434276,0.11052094373684432,71.91564133648977,-0.16144810973127643,594.916606822767,589.0119764135106,595.2538299560547,56.66843935618811,0.006446939353592464,5.566124559301857,602.6133422851562,570.7193603515625,0.5613275468162282
2025-02-21,599.8899309928074,600.0275889538111,589.3798596850504,589.8419799804688,76519800,-0.00858785121644395,0.10974925602454967,53.38143489120663,-0.1646789371488787,594.4333090282624,589.0445255729992,594.7715881347656,48.011028895021894,0.007407376860444282,5.706581779241601,602.6133422851562,570.7193603515625,-0.23903002632101966
2025-02-24,591.8869345556642,592.8799440315161,586.4499856464254,587.1578979492188,50737200,-0.012349195318093064,0.10834607409202211,55.015706071987466,-0.10946747527183243,593.7404127350202,588.9705401759882,594.242642211914,49.39048203337517,0.007441025823969059,5.370199871687622,602.6133422851562,570.7193603515625,-0.9272478700474966
2025-02-25,587.098968367302,587.8265033006376,579.6366946428752,584.2379150390625,58266500,-0.01766241271918784,0.10736128676950588,50.66901628883068,-0.013355075259863125,592.8354129544527,588.7849470333637,593.9904571533203,41.603549494094786,0.00683770370833246,5.602653085437688,602.6133422851562,570.7193603515625,-1.5220424448180907
2025-02-26,585.8995163780398,589.4881049123491,581.8980139327481,584.5328979492188,43321600,-0.016289654508605277,0.10510192067510424,49.661585024561354,0.0313029302005452,592.0446972396686,588.618200010456,593.4998565673828,38.681043631775864,0.006508683065941248,5.738193662172803,602.6133422851562,570.7193603515625,-1.818460359540569
2025-02-27,586.8040113591791,587.9543615454245,574.8094053796542,575.20263671875,74196700,-0.029660656576927277,0.09860584577616192,33.092109905639894,0.15140328754918086,590.4406914757716,588.0920994892126,592.6759582519531,28.79366498024949,0.007306656235283863,6.408854116488393,602.6133422851562,570.7193603515625,-2.5224388030973977
2025-02-28,575.7039886670112,584.70978328648,572.636508577737,584.1788940429688,88744100,-0.010009270023651257,0.09457793256019628,45.713946403431564,0.17474898229782432,589.8443298155047,587.938640452105,592.1420959472656,43.867432934254886,0.008118256235889486,6.703801137563379,602.6133422851562,570.7193603515625,-2.2709361820234992
2025-03-03,586.1453068357338,587.2858157400013,570.1393571070072,573.9442138671875,74249200,-0.023542924149262158,0.09334368379959505,31.244583730748293,0.4145437960566942,588.3300330585221,587.3898394095593,591.2547912597656,32.45098758707087,0.008891382477848306,7.596382912080181,602.6133422851562,570.7193603515625,-2.6545619514436636
2025-03-04,569.9525173224438,575.5369060706639,562.6180601948478,567.1504516601562,109648200,-0.03104329590307837,0.09157200208141034,27.176663144013922,0.4775646029109293,586.3129300682015,586.5961379291905,590.2268890380859,28.612151329716724,0.00912037518222729,8.27828188143243,602.6133422851562,567.1504516601562,-3.1905219649954653
2025-03-05,566.9832562516485,575.03540599116,563.4340335479696,573.2460327148438,71230500,-0.01876244136969508,0.09458949532465026,33.10682347053059,0.5038547886421052,585.0684636535959,586.072604391373,589.306640625,35.65564206089766,0.009358898879053968,8.629410017014347,602.6133422851562,567.1504516601562,-2.9640266019806374
2025-03-06,565.7936477589768,570.4047092717689,560.5238803180225,563.0703125,80094900,-0.030020836173091845,0.10361978988911794,22.189029354343628,0.41441986649505647,582.9734016389677,585.1705537289663,587.7576599121094,25.23406793119831,0.009926147948056128,9.064810583829805,602.6133422851562,563.0703125,-3.303153059452213
2025-03-07,561.2907933786839,567.6715458955733,556.1094773560538,566.2262573242188,81158800,-0.022818889221876523,0.11416599368597,24.79876198695099,0.4552697951807023,581.3784355137535,584.4276401444664,586.2632446289062,28.323808567747733,0.01000615079878132,9.755839308394018,602.6133422851562,563.0703125,-3.120698475234223
2025-03-10,558.0364891964213,559.9536192631458,546.2384702857362,551.1444702148438,99326600,-0.03690889357052369,0.13740891740020963,17.30585753275601,0.4434679960669996,578.4990102471907,583.1224177942852,584.2875671386719,22.171184396542188,0.011296444034405956,10.965135619457978,602.6133422851562,551.1444702148438,-3.777668311843162
2025-03-11,549.9843938775969,554.5266268117218,542.728606721458,546.5629272460938,88102100,-0.04015738663363549,0.15343677232833913,15.91247716807561,0.39523178325196184,575.4574785328005,581.6887122825914,581.8822509765625,19.896425845940826,0.011082472720254598,11.550121991693377,602.6133422851562,546.5629272460938,-4.247622547850452
2025-03-12,552.7077615834074,553.6319422779778,544.3705127696392,549.4633178710938,69588200,-0.032567842869810924,0.16720780173557476,18.181981834320126,0.36702514717447365,572.9818441840665,580.4249713252777,579.5993347167969,22.915084848560028,0.011234073367614507,11.796620498537916,602.6133422851562,546.5629272460938,-4.088562537096524
2025-03-13,549.0896174558009,549.6991769603108,540.4279077137791,542.1386108398438,74079400,-0.0383936701398301,0.17973366781545574,18.555413417991215,0.28989766963672503,570.0443933893787,578.9235454238882,577.046044921875,23.65900809266323,0.011426623961746723,11.692678047780387,602.6133422851562,542.1386108398438,-4.186809954777688
2025-03-14,546.7496748611676,554.3397648685512,542.2074423986709,553.3369140625,62660300,-0.01948829983296264,0.19480519004927627,24.133004231996416,0.24078574127636077,568.4532048820569,577.9201481155985,574.7395324707031,32.92971375726019,0.01231244103821935,12.10490630803873,602.6133422851562,542.1386108398438,-3.2495445636813214
2025-03-17,553.3173439083719,560.1209127085318,552.8847473951123,557.60400390625,49008700,-0.012519241540047684,0.20684163713716877,26.586477517784243,0.09773279091416764,567.4199476462658,577.123436577977,572.6478454589844,36.73755450923755,0.01256075723069052,12.036788926299957,602.6133422851562,542.1386108398438,-2.1473002817065385
2025-03-18,555.2934322950165,555.5097605205915,549.6500559715837,551.5770874023438,66041400,-0.018460350526488745,0.21223376103522726,25.126608575544083,0.04438539415254139,565.9111038135113,576.1216189632463,570.1668243408203,34.47574129723998,0.012564061479082204,12.062778708804624,602.6133422851562,542.1386108398438,-1.6514771984701966
2025-03-19,553.3566775077279,561.3399999727566,552.1768634471969,557.5842895507812,66556000,-0.00950378528446336,0.21378183417894936,29.536766784302483,0.0020839585154257545,565.1180738837274,575.3946648686399,567.9153717041015,41.43242227684775,0.012938660694026296,11.82120416627909,602.6133422851562,542.1386108398438,-0.7899856505123637
2025-03-20,553.848245552193,560.966374832501,553.1304918485869,555.9718627929688,62958200,-0.010527263234569784,0.20970492327751425,25.284928230393266,-0.014893484476136587,564.247006160798,574.6329863558685,565.7086486816406,35.22512199862912,0.01293988938168863,11.518533328791307,602.6133422851562,542.1386108398438,-0.22892738239290722
2025-03-21,551.5205297947124,557.0526817242638,550.2878724028328,556.1552734375,83763000,-0.009651683392527137,0.207316477994015,29.406220799319517,-0.10970092001149434,563.4763649490553,573.9083701629913,564.0243133544922,39.58551303820845,0.012573731175539638,10.77698694939394,602.6133422851562,542.1386108398438,0.22954144418967282
2025-03-24,562.880651498493,567.1703352751009,562.2890000340255,566.1151733398438,58766800,0.002975840141938863,0.20627454113866145,34.72166667600764,-0.11596004213503353,563.7276800338923,573.6027546012992,562.9721771240235,49.41556535317604,0.013391201618924937,10.64100237523571,602.6133422851562,542.1386108398438,1.22306503622079
2025-03-25,567.3182603575567,568.4128457426297,565.7306119858723,567.47607421875,38355700,0.004248562882385625,0.19406856257093502,32.900954109423374,-0.17067855740496762,564.0846699562596,573.362492625513,562.1340850830078,46.55879228843316,0.01339899299362899,10.003921040490493,602.6133422851562,542.1386108398438,1.9483127996232064
2025-03-26,567.2097618801449,568.3339598573967,559.3207546377017,560.7013549804688,51848300,-0.0038085003233618566,0.17074428146073095,34.03772665557847,-0.1761417783557463,563.7624494823748,572.8659774237466,560.9425079345704,48.52741319011026,0.013594863688779178,9.738996242124333,602.6133422851562,542.1386108398438,1.94375491627454
2025-03-27,559.3108687859911,562.9792883535321,557.101956447335,559.2122802734375,42164200,-0.005314112295885273,0.1485272710252991,33.12056232540257,-0.1897454859005221,563.3291000339045,572.330538319813,560.1429901123047,45.547719909712285,0.01319487927345583,9.332943625458443,602.6133422851562,542.1386108398438,1.8148951991234732
2025-03-28,557.6838014665011,558.4135249923543,547.3689030262066,547.95068359375,71662700,-0.018074760073636446,0.13088020166542683,34.93941369698809,-0.18797340016890296,561.864488944366,571.3744655854575,558.3315795898437,47.8693368057846,0.013201588709203483,8.751200068940468,602.6133422851562,542.1386108398438,0.9870845047994212
2025-03-31,542.201606334121,552.93066066187,539.2826520783074,551.6289672851562,95328200,-0.01236149591880235,0.11707030395985406,39.995909730849405,-0.1651780733693028,560.8896773577746,570.6001323187791,557.2158172607421,53.4209233467859,0.012918747981665368,8.8833421041761,602.6133422851562,542.1386108398438,0.715758581148096
2025-04-01,549.715889513425,555.1297110203275,545.9981756472096,553.18701171875,54609600,-0.009472794460505137,0.10103902519116165,40.0197796037222,-0.11294142409332364,560.156090154058,569.9172648442682,556.5176452636719,52.56090916493936,0.012740023858030745,8.874063951660332,602.6133422851562,542.1386108398438,0.670509809358034
2025-04-02,547.3491617248258,559.5475341360295,547.1125011420022,556.6878051757812,76014500,-0.004359689087250671,0.08433109253743641,47.103775215518304,-0.06560729152756228,559.825777298984,569.3984625043275,555.6897338867187,60.56146699890475,0.012559517941340853,9.100047076481449,602.6133422851562,542.1386108398438,0.8917873084736332
2025-04-03,537.5470145495102,540.3673198616506,529.2537231445312,529.2537231445312,125986000,-0.030418972973073055,0.09727891198283058,21.9580057277388,0.09162915487737044,556.9141530937981,567.8241590000218,553.9989044189454,35.85246483544458,0.016178744751218086,10.188113362377342,602.6133422851562,529.2537231445312,-0.7077054692448126
2025-04-04,516.404523136506,518.5740121118964,498.0527349403516,498.2696838378906,217965100,-0.04819465881610776,0.1645677664492642,11.754108656200208,0.3598005224720928,551.3289655456164,565.0965325230756,550.6010757446289,23.47152715070115,0.020239225852750467,11.899886426003064,602.6133422851562,498.2696838378906,-3.589510703905738
2025-04-07,482.40291724281104,515.9114550791749,475.115432610906,497.3821716308594,256611400,-0.04702101701485696,0.19706719483182206,12.945237544337784,0.6036474477316336,546.1911756489728,562.4410673900475,547.9129608154296,24.602161905195032,0.01967176440679565,14.245748892688962,602.6133422851562,497.3821716308594,-5.195104282199752
2025-04-08,514.6196468974629,517.6963548854247,482.3733480760591,489.591796875,165816600,-0.05050065894513914,0.21632544692280775,9.951697861567533,0.8110608620022461,540.8007586228802,559.5842332522025,545.064404296875,18.659878678210305,0.019806470969543712,16.07146990975702,602.6133422851562,489.591796875,-6.345309118119543
2025-04-09,486.5939992501979,541.0084228515625,486.20939567811143,541.0084228515625,241867300,0.00012088954283759078,0.37883205021499555,15.753826723946084,1.1347120565139708,540.820536168469,558.8557700992362,544.6416595458984,45.273091785632616,0.031634381081479396,19.425980209009662,602.6133422851562,489.591796875,-3.3568747631447966
2025-04-10,524.7866027854379,526.0981670837639,502.25365007002944,517.3019409179688,162331200,-0.013750850822486886,0.476440097509523,13.683159402856958,1.1310106029239169,538.5806699541356,557.2262081705591,543.3998260498047,39.31440776378301,0.032999866252591104,21.710977599016953,602.6133422851562,489.591796875,-2.7176104580610687
2025-04-11,515.7536950429114,528.9874872153164,512.8544826104954,526.5320434570312,97866300,-0.007378140831301041,0.5347299326340262,14.211534632608965,0.8551895496491511,537.4331817163161,556.0225154366952,542.0595825195312,39.0698198061546,0.03290481179221487,22.07654493953267,602.6133422851562,489.591796875,-1.4761418613408246
2025-04-14,536.5017912856171,536.7286411738348,526.453165817952,531.6401977539062,68034000,-0.003690592508496026,0.5702200397264048,15.236978034081062,0.5877662529260517,536.8814689579914,555.0663461158016,540.7613922119141,40.30518918037085,0.032938642239050624,22.618919339470203,602.6133422851562,489.591796875,-0.1819917978271537
2025-04-15,532.1825399641931,535.6931457102869,529.3622343758641,530.151123046875,56892900,-0.0044668693729839,0.589094401884934,16.321254219556792,0.39547453002279176,536.2404836331232,554.0892785444712,539.6900939941406,41.491809080367126,0.032872974474493194,22.427326919093616,602.6133422851562,489.591796875,0.6567315570728613
2025-04-16,524.3033791384568,530.4272422697393,513.0713913810127,518.3668823242188,83484800,-0.012283291223525108,0.5982671463918715,15.93284465957423,0.1967077533286845,534.538235889418,552.6884002613241,537.7292236328125,39.24155149324875,0.03305082453670483,23.24722113213144,602.6133422851562,489.591796875,0.5075247421130733
2025-04-17,520.3194209498447,523.8004136549424,516.6411308627585,519.1064453125,79868100,-0.011017114608536478,0.598171998520387,17.648274745295886,0.05534828416977411,533.0685415487592,551.3714608515663,535.885952758789,41.9567617909082,0.033066589136618425,22.91264295677094,602.6133422851562,489.591796875,0.5450072472598304
2025-04-21,513.9293312369678,514.4618777265953,501.4055507612705,506.7503662109375,69368100,-0.019379555330614095,0.5892146231558045,16.435990826968062,0.05098578039066304,530.5620486594429,549.6216140029143,533.4157073974609,38.0632601383984,0.03338066735143128,23.20213481160429,602.6133422851562,489.591796875,-0.13943735950679326
2025-04-22,512.9235348557764,521.9564215250564,511.9867032226325,519.9348754882812,75948100,-0.008035716240534393,0.5787380857283209,18.44213531306225,0.04496721255198466,529.549936928856,548.457428178811,531.1066925048829,41.670792007306666,0.03371000096514403,23.63602909310436,602.6133422851562,489.591796875,0.3897663121274668
2025-04-23,532.9319549297188,537.8625838932508,526.4728430251603,527.991455078125,90590700,-0.0012113516040770467,0.5632872317649273,19.543773765705442,0.07138773772331009,529.4015100859293,547.6548409983919,529.1324615478516,42.97234833616784,0.033961310987205236,24.0283630510288,602.6133422851562,489.591796875,1.3237786323098746
2025-04-24,529.2734571828396,539.8348871004667,528.0211182344198,539.1051635742188,64150400,0.007710715788292592,0.5446378697529897,24.50962890758616,-0.014301749744285108,530.3256675610045,547.3195595307773,528.0526519775391,52.62219732617297,0.03430691483466295,22.91474519324964,602.6133422851562,489.591796875,2.654636367259803
2025-04-25,539.0657941930334,543.4047124173812,536.1468396073658,543.0004272460938,61119600,0.010367923820310591,0.5190716505955154,30.713768312717946,-0.0745492475441869,531.532787531013,547.150181794123,527.2420593261719,63.91242370760671,0.034359212100857926,21.204522665095055,602.6133422851562,489.591796875,3.6977486200713923
2025-04-28,543.7400050325934,545.8700106135369,537.4583875113086,543.2074584960938,47613800,0.00992831545070755,0.4900331680361373,32.198523073025825,-0.18579253869526935,532.6446609562588,546.9955651942003,527.0048980712891,64.31344319025195,0.03406022319086673,18.891351281806443,602.6133422851562,489.591796875,4.262023617418093
2025-04-29,541.2943585019403,547.7436606136026,540.9393676118534,546.6293334960938,47775100,0.012241086112312418,0.45511596872881366,35.29182270676916,-0.2869233563236201,533.9765345314812,546.9812031668235,526.754916381836,68.31539299474235,0.03405612737183245,16.854300295548125,602.6133422851562,489.591796875,4.692042275598305
2025-04-30,539.9729835885655,548.7988227140515,534.0069337400583,546.8462524414062,93101500,0.011590606129013404,0.4147303723761055,28.125274229944168,-0.4174947524602123,535.202221951474,546.975910981513,526.4378784179687,52.79296378815443,0.034050174100254384,13.99664756701542,602.6133422851562,489.591796875,4.800142451235497
2025-05-01,552.5954041380958,556.2440822591161,550.1202183270924,550.7217407226562,63186100,0.014359369983428762,0.3670002362906725,38.271794323605526,-0.4806958153257158,536.6802713582533,547.1228062654794,526.1395751953125,69.73332353064134,0.03405805897468996,11.899723069599478,600.1063232421875,489.591796875,4.9233444210973145
2025-05-02,556.8948640346016,560.4942476694231,554.5774922291787,558.896728515625,60717300,0.022294188104579324,0.36363041621448194,41.444076677699194,-0.46023770546128484,538.7961244208601,547.5845287066617,527.6217254638672,69.35143534680644,0.03213872981302751,11.4454018083099,589.8419799804688,489.591796875,5.3127161687641795
2025-05-05,554.7647508459208,558.78816061684,553.9068262887279,555.6917114257812,38659200,0.019288210955904026,0.39914232478008327,44.12796057354212,-0.4141307995694171,540.4052279451383,547.9024574407448,530.4928268432617,64.71574554150925,0.028793712820416578,11.067860870525209,587.1578979492188,489.591796875,5.110152385519289
2025-05-06,550.1891944565425,555.533979770925,549.2326812616892,551.047119140625,48264700,0.012336260747249988,0.42952410554766296,43.22347229196035,-0.34277828083866224,541.4187413923275,548.0257775074068,533.17607421875,62.309741220733976,0.028922698802540114,11.077012215501583,584.5328979492188,489.591796875,4.443676210615629
2025-05-07,552.3784371058738,555.9975022415719,548.3254139860352,553.3645629882812,55588000,0.014329025548052127,0.46026418406991465,52.656661244707955,-0.2580141183926399,542.5564386871803,548.2351416439117,536.364712524414,73.2052234638228,0.028494919092208977,10.385314884559449,584.5328979492188,489.591796875,3.955539362947804
2025-05-08,557.3977713110521,562.3974366423718,553.9069074354913,557.2202758789062,65130800,0.030390733972905044,0.5195724936449256,92.53914136582962,-0.11601784833627105,543.9529946102018,548.5874998492056,537.1753051757812,74.26853221427422,0.016611871635518527,10.51914280326706,584.1788940429688,489.591796875,3.6939243530609254
2025-05-09,558.6205786168767,559.6264462916283,554.9522191721212,556.5103149414062,37603400,0.033965337553513816,0.5745820216116445,142.1161397622122,-0.16222543177276572,545.1489298798404,548.8981984802723,539.1357238769531,87.20142514649824,0.012767472005896625,9.588666558144032,584.1788940429688,489.591796875,3.288213295485403
2025-05-12,573.4026196086874,574.9114211824733,569.0340889310521,574.9015502929688,78993600,0.0732135889457747,0.6075107192077266,131.341580723025,-0.11302783832052021,547.9825127763288,549.9179377670447,541.55419921875,88.12586046023299,0.014040776511919541,9.816884481497473,574.9015502929688,489.591796875,4.024952890919824
2025-05-13,575.3157161654024,580.907093658496,574.7536773375426,578.6981811523438,67947200,0.07578324297093496,0.6295969089668131,131.27144899096112,-0.18968549968805581,550.9078145264255,551.0465747625466,543.9070983886719,87.38007971139041,0.013997367128367738,8.975863618353467,578.6981811523438,489.591796875,4.49857007087983
2025-05-14,579.6547240062519,580.8084745781977,577.4161987168885,579.4378051757812,66283500,0.07076957238546451,0.6435290122977009,129.17024251129828,-0.19384152527732512,553.6249564930308,552.1599563473793,546.3714324951172,85.10129715603055,0.013917293823239918,8.372209606851138,579.4378051757812,489.591796875,4.5770952374569625
2025-05-15,577.4358426248243,582.770756919371,576.9822030720642,582.2678833007812,71268100,0.07951140541495444,0.6544270461066118,144.785659219583,-0.21407491019094382,556.3528542842452,553.3406593651598,549.5664825439453,84.8198493675298,0.012410983270675637,8.267258252371951,582.2678833007812,489.591796875,4.526843736443848
2025-05-16,583.0468496173695,586.251758304484,581.104210780506,585.9559326171875,76052100,0.08224701459113853,0.6579236434776559,147.15940970702314,-0.16212437380472278,559.1721950778588,554.6196896887687,552.9089569091797,85.70250318339517,0.012366277988816048,8.034109996782645,585.9559326171875,489.591796875,4.442947906220317
2025-05-19,579.9405744991373,587.2773530559552,579.9405744991373,586.596923828125,68168500,0.09136323263994078,0.6599496208363805,175.8384880803625,-0.17772846420861332,561.7840740064555,555.8736988707043,556.9012847900391,85.00602474690183,0.010267774127460133,8.072144679287558,586.596923828125,489.591796875,4.137779913496267
2025-05-20,584.8614155899625,585.8080578995526,581.419785763877,584.6246948242188,60614500,0.08145769390474505,0.6552766045289269,182.51106535914533,-0.17719597008341448,563.9593712271949,557.001188908097,560.135775756836,82.1015737479099,0.009538571475126047,7.385376757162898,586.596923828125,489.591796875,3.5337197799537474
2025-05-21,580.2759146876367,584.3584902721909,573.7477661832594,574.7733154296875,95197700,0.03488057205970628,0.6396406621369417,138.0806973306201,-0.10525094032771931,564.9892706750513,557.6981350461986,562.4748687744141,68.55317958863516,0.010521700050054964,7.491026673109291,586.596923828125,489.591796875,2.263102640437369
2025-05-22,574.5760350084579,578.4811148637216,573.3433777523152,575.0001220703125,70860400,0.034635424126625444,0.6178366995137786,138.84792030710187,-0.13393637088632138,565.9426850936476,558.3766443412619,564.2696166992188,64.15813616040285,0.009779282508423042,7.1599716848692605,586.596923828125,489.591796875,1.279316552567673
2025-05-23,567.988738706783,573.7378691727489,567.6140060747297,571.0753173828125,76029000,0.01735670562033265,0.5884994923654938,134.13116875990661,-0.08749944746340399,566.4315072164252,558.874631519362,565.6733612060547,63.356250404060425,0.009983010088629521,7.331129811203953,586.596923828125,489.591796875,0.2590203461424334
2025-05-27,577.9388882200049,583.1061789745086,570.404870923911,582.9484252929688,72588500,0.05160002711727815,0.5523436019013709,146.32746595329724,-0.03656251069776384,568.0045470332389,559.818701863425,567.6604095458985,74.60834912931423,0.010760314901305313,7.777006803097208,586.596923828125,489.591796875,0.2769214332402363
2025-05-28,583.3526236048898,584.545857588394,578.8460211072919,579.5757446289062,68445500,0.03543832618821093,0.5088078113011989,134.64841010248284,0.03395289467741591,569.1065658518738,560.5934878542282,569.307730102539,69.8951511580071,0.010938073774761515,7.6361316763518845,586.596923828125,489.591796875,-0.02897570369784397
2025-05-29,584.8318350718904,584.9699071457442,577.9388245287198,581.8635864257812,69973300,0.03898114401662493,0.45702903289686075,133.21494735711204,0.0002829958107144481,570.321520192246,561.4276093668382,571.0585968017579,69.16114580762732,0.010922627106830096,7.493146602275731,586.596923828125,489.591796875,-0.1604803001239059
2025-05-30,580.7591899526665,582.928679235147,575.1481304892388,581.2128295898438,90601200,0.033159051748431465,0.39435766125637484,133.09410438849807,0.07752195930480266,571.358787753922,562.2035003559756,572.5831512451172,69.22487911002176,0.010921636987333845,7.715026718447234,586.596923828125,489.591796875,-0.3629540750343718
2025-06-02,579.6052986473595,584.5654800276525,576.9427470010985,584.4866333007812,61630500,0.041100717987295705,0.3318398057236411,118.40077148704319,-0.05265039683289663,572.6090587583848,563.0773487067523,573.862646484375,59.75505822895521,0.010573641833955578,6.945142917410586,586.596923828125,489.591796875,-0.3480124148969299
2025-06-03,584.121791379625,588.7960181097066,583.6385391723649,587.8197631835938,63606200,0.048080772033129444,0.279141003782864,119.07572348072677,-0.11611180150577893,574.0576972750713,564.04763947055,575.4690490722656,59.37175480226555,0.01042483772762859,6.874004532866893,587.8197631835938,489.591796875,-0.19300299024113343
2025-06-04,588.6776647088699,589.6539195966438,587.2280285207049,587.6619262695312,57314200,0.044064796340530406,0.20782714446213332,120.60332492254912,-0.10884498374069052,575.3533381316865,564.9736899332552,577.2997894287109,58.55191673013455,0.010118891114883389,6.804977048197592,587.8197631835938,489.591796875,-0.18067310711651885
2025-06-05,589.3383724752952,590.6893600195378,582.8496477946317,584.8218994140625,92278700,0.03006402673616067,0.09103191683529067,106.48426354833546,-0.07228715386777118,576.2551058728652,565.7520510893653,578.87265625,52.655264270022826,0.010275520445741301,6.951488360883259,587.8197631835938,489.591796875,-0.42917765472741465
2025-06-06,590.3540722792903,592.4940086999786,588.5790577947733,590.8274536132812,66588700,0.04558796978013074,0.0693585500034552,109.5162248614514,-0.07559436133008224,577.6429485148096,566.7354002079503,580.5530151367187,54.83180839123755,0.010371754848904194,7.131814201021696,590.8274536132812,489.591796875,-0.2626586505918933
2025-06-09,591.3994087206146,592.9082102708385,590.1864930975049,591.3599853515625,53016400,0.04284448888122379,0.06716546994014415,109.39599610968456,-0.020586467372460837,578.9493329754528,567.7010702135822,582.2954986572265,54.73441921189677,0.0103361048957417,6.802166959344236,591.3599853515625,489.591796875,-0.19341698120387463
2025-06-10,591.8924030034493,595.0973118762876,590.7781362147839,594.7127685546875,66247000,0.06629922814973174,0.06733530290249519,161.2485963288078,-0.019365800772113806,580.4506125544275,568.7603525014687,583.2860595703125,59.75955832423016,0.007614718809531679,6.740883930576786,594.7127685546875,489.591796875,-0.008353927097227043
2025-06-11,595.8074157747775,596.6653405011278,590.9556931519085,593.0166625976562,73658200,0.05264531125286404,0.06455694750444492,191.10648354760582,-0.06365703152137925,581.6473792252112,569.711580348378,584.0019836425781,70.95598597227266,0.00758922085364795,6.371792409738215,594.7127685546875,489.591796875,-0.08258685476630134
2025-06-12,591.6854337777163,595.37353515625,591.2022416981604,595.37353515625,64129000,0.056905609929078255,0.058618803201231064,193.1571533042996,-0.093322121391748,582.9546321710244,570.7179315173141,584.7987701416016,72.31097053971752,0.00761365283850469,6.302760720215588,595.37353515625,489.591796875,-0.05661021516388942
2025-06-13,590.1962907494013,593.4997881009825,587.2181715759101,588.7171020507812,89506000,0.022447638234522886,0.05663398165725272,171.4114384795329,-0.10854281995191828,583.5034388262393,571.423781342156,585.1212310791016,68.22895184614782,0.008059393743560222,6.357706976269664,595.37353515625,489.591796875,-0.544264983173596
2025-06-16,592.0699627819344,596.0637602908375,591.892407169678,594.3182983398438,79984100,0.04096420603434618,0.052584458473256386,155.38792761218633,-0.12156934319376522,584.5334254465826,572.3216055381438,585.5393493652343,63.49778423137899,0.008208849351851313,5.975231989802426,595.37353515625,489.591796875,-0.5447965361383851
2025-06-17,591.8826171802143,593.4012293190596,588.4804709653109,589.2398071289062,82209400,0.017069612743376206,0.05318695879644347,143.10686122732972,-0.11212111885774345,584.9816522734706,572.9850644240561,585.6714935302734,61.02615313049267,0.008465952723173515,5.985088482190333,595.37353515625,489.591796875,-0.9202918352190803
2025-06-18,590.1371267775953,592.8785252065284,588.1944276516227,589.1510009765625,76605000,0.01501473732273534,0.05367730463899804,136.89514869572758,-0.08699996516710062,585.3787331023365,573.6190227202328,585.8978088378906,58.75379230556048,0.008424012083564712,5.8174466920389944,595.37353515625,489.591796875,-1.1905954871821045
2025-06-20,591.8224395288368,592.8906208578056,586.3629131433069,587.7673950195312,94051400,0.00963388051895598,0.05590937883450677,150.72110809742276,-0.0911985554891257,585.6062247134979,574.1738608496171,586.5475128173828,57.737254675927254,0.007424012755867732,5.727958046938324,595.37353515625,506.7503662109375,-1.4607147792399564
2025-06-23,588.5190130228361,593.9587392448562,585.4035696790836,593.5730590820312,87426000,0.030283805700099073,0.05706192495835746,148.11002767786078,-0.08857695415801803,586.3649708438344,574.9346137214765,587.4761596679688,60.12098517666447,0.007672268615051897,5.794560656882514,595.37353515625,506.7503662109375,-1.2544267367852342
2025-06-24,597.7072083922786,601.1885919192599,596.7972471416377,600.13037109375,67735300,0.05077314392281285,0.05748486576654126,150.4397656449928,-0.0008528630127254688,587.6759613438263,575.9226826380362,588.9289123535157,62.79337347945608,0.007677818989827161,5.970135935445869,600.13037109375,506.7503662109375,-0.7095222582521048
2025-06-25,601.247995602986,601.940336500435,598.903972841808,600.4666748046875,62114800,0.05516940131197634,0.059557512328263056,177.59057648749737,0.004787337366609856,588.894124530575,576.8851921347676,589.8048248291016,63.257715072212086,0.006363012874449612,6.01374111992359,600.4666748046875,506.7503662109375,-0.3763374224502156
2025-06-26,602.3161684365299,605.5997923429508,601.7029677445283,605.1646118164062,78548400,0.06891377071483211,0.05953233675797727,194.2647180048118,0.0005098862333521303,590.4436947482733,577.994188985028,591.0842681884766,70.28202971821369,0.006269815569539417,5.820412928020525,605.1646118164062,506.7503662109375,0.08588654012054686
2025-06-27,606.1636033457827,609.6351477759472,604.1360808658505,608.1713256835938,86258400,0.07235211880449907,0.05770321270677135,182.67944850475706,-0.010957208653069928,592.1320405516371,579.177606110462,592.3996551513671,68.39193390963058,0.006289080042171042,5.6651956154619905,608.1713256835938,506.7503662109375,0.49663352066344757
2025-06-30,610.6142811588834,612.4340832221852,608.2998981128763,611.0791015625,92502500,0.07495858584688112,0.054291405393481824,181.5562290380147,-0.003329109963405741,593.9365225526717,580.4286451477968,593.89296875,69.90784216584467,0.006261948143130792,5.775269927266128,611.0791015625,506.7503662109375,0.8461377711716835
2025-07-01,609.6053849111585,612.0483479268365,608.7746241554748,610.8812866210938,70030100,0.06479365690150053,0.05092396039893502,169.73019407630247,-0.04514824220158287,595.5503096068071,581.6228663820438,595.2127014160156,67.43385592233163,0.006248106502601922,5.700594792255986,611.0791015625,506.7503662109375,0.9388146045605819
2025-07-02,610.4757300098587,613.6901136433279,609.8526292762224,613.6505737304688,66510400,0.06693709670159129,0.04716399192131116,175.15224296516615,-0.07430852875940386,597.274144285251,582.8788549055114,596.5042419433594,71.74544528293148,0.006219298330672054,5.566868864962138,613.6505737304688,519.9348754882812,1.0528724885284912
2025-07-03,615.628656191773,619.4167005776212,615.6088560521965,618.4869995117188,51065800,0.07419350406611454,0.0442241277225876,169.46485259048902,-0.02398925886148895,599.2944162115813,584.2752527332058,598.0454956054688,73.14875829970255,0.006317274123706752,5.680785535609483,618.4869995117188,527.991455078125,1.3038727494809095
2025-07-07,616.5286747873084,617.1913758193931,611.0988485499288,613.8780517578125,74814500,0.04757804004466412,0.04143952053974847,165.21364545189996,-0.006921381685476846,600.6833338826509,585.4361468126021,599.4983032226562,76.27705075821801,0.006503405602338272,5.625984634284488,618.4869995117188,539.1051635742188,1.021794528233766
2025-07-08,614.5406899285775,615.2923708557059,612.7307881009865,613.5418090820312,59024600,0.041733373552833415,0.03771257989078095,156.66354945989443,-0.0850308998993562,601.9079505683062,586.5383296466974,600.6340209960938,72.55680776458725,0.006264082586003113,5.284193528188999,618.4869995117188,543.0004272460938,0.6907252281105087
2025-07-09,615.945166968477,617.8737488887257,614.1055045789822,617.2210083007812,66113300,0.04707144324685104,0.03614137665195237,172.08853886450316,-0.09191403368671491,603.3663370190181,587.7415719468576,601.9270721435547,83.94785091629666,0.006324369584902341,5.176630130486258,618.4869995117188,543.2074584960938,0.6009862870315263
2025-07-10,617.3594891460615,620.0002120765442,616.1825277796053,618.9617309570312,57529000,0.04614601270137047,0.04145239721357995,167.69236906307043,-0.08121718091922181,604.8516126321623,588.9658919080408,603.1395202636719,84.77365962154857,0.006273066805067425,5.114743469202925,618.9617309570312,546.6293334960938,0.5421339883341432
2025-07-11,615.9154056597896,618.0121678287132,614.7187046395575,616.7857666015625,63670200,0.03351577615885896,0.04805739793601524,156.56461636773793,-0.12836844309547557,605.9881987244861,590.0568673862182,604.3279754638672,83.23502478102522,0.006301872111889681,4.951551940843997,618.9617309570312,546.8462524414062,0.25453652543962946
2025-07-14,616.3307657158283,618.3088477245484,614.985684437804,617.9627075195312,51898500,0.032082078949382885,0.055507284488691626,146.06857999017672,-0.186304708560602,607.128628133538,591.1512140581128,605.4574340820312,81.24667671731609,0.006284467951688712,4.577837206627692,618.9617309570312,550.7217407226562,0.052036800717687015
2025-07-15,620.6430672331502,620.9793073894895,615.2428812967698,615.322021484375,74317300,0.0229958341837724,0.05930499590654391,135.08508840568928,-0.15907408148457158,607.9089513098081,592.0990888591427,606.7876800537109,71.63377128175532,0.005690567082074522,4.443615296305617,618.9617309570312,551.047119140625,-0.33026057602056724
2025-07-16,616.9044910111767,617.8836320494379,611.276844692317,617.3792114257812,88987500,0.026398842321970355,0.06270132244007658,136.85184674027855,-0.09233508246756061,608.8108808446627,593.0904662146972,607.9407257080078,72.95912026288708,0.005436313509708244,4.69864556048375,618.9617309570312,551.047119140625,-0.5046507771913564
2025-07-17,617.557284919235,621.5134493059918,617.3396644874989,621.1573486328125,68885700,0.036217257031047126,0.06412689302354009,142.9210299370946,-0.0947499473502591,609.9867349197247,594.1911282703096,609.5366027832031,72.2665338733444,0.004914559573311874,4.630121794785866,621.1573486328125,551.047119140625,-0.4286099307890012
2025-07-18,622.4035753929759,622.5716954836944,619.5947323692288,620.7024536132812,65621600,0.02971628773024822,0.06687380490434117,128.812262265342,-0.10129761803309323,611.0072795572063,595.230788087681,611.1141754150391,68.78153735816193,0.004933703620798502,4.44997152366936,621.1573486328125,553.3645629882812,-0.46875528107640996
2025-07-21,621.87939453125,624.6189973413707,621.4541141003111,621.87939453125,63375000,0.029362726614959072,0.06809571536738311,122.54024203685478,-0.03333347910022011,612.0427190785438,596.2758314776249,612.819775390625,67.07318955802214,0.004798002018403713,4.425241965776357,621.87939453125,556.5103149414062,-0.47441105757910584
2025-07-22,622.2058050575365,622.828905853138,619.3277216791315,621.9684448242188,60046300,0.027552695321847443,0.06866590434835156,127.1111388251904,-0.00047847501864939357,612.9880262924175,597.2833849421972,614.2395446777343,67.58714569528729,0.004532453160772168,4.441489137393846,621.9684448242188,556.5103149414062,-0.526498311670629
2025-07-23,624.6289433239532,627.2598266601562,622.8288811376781,627.2598266601562,70511000,0.04078356062429077,0.06850482110676359,135.8040142178438,-0.0326278290018186,614.3472453750593,598.4589316762349,615.5960174560547,69.98848959043022,0.00430584064953239,4.545338956596132,627.2598266601562,571.0753173828125,-0.27175677482885696
2025-07-24,627.6454884244192,629.1785504969665,627.0421878119985,627.4674682617188,71307100,0.036503126404542195,0.0639876872471458,123.54798731205122,-0.07430726926117592,615.596790411884,599.5965213462539,616.9460571289062,65.2656676032022,0.0043108013382734504,4.286070087868674,627.4674682617188,571.0753173828125,-0.1618679049463818
2025-07-25,628.1301809903662,630.5928838363332,627.8829206987424,630.1181030273438,56865400,0.04100189866367144,0.05815597697753698,153.21872129210786,-0.10525517576760479,616.9797725657372,600.7934461180614,618.1937316894531,79.57508675441775,0.004135694736904008,3.9815889887847056,630.1181030273438,571.0753173828125,0.007744609557422066
2025-07-28,630.4938993278172,631.0477599275997,628.5751571845921,629.9598388671875,54917100,0.035941128063718755,0.05230210087382145,151.5382489081962,-0.10169131893672012,618.2159693563515,601.9372262258703,619.2831573486328,80.09429043871681,0.004105117741960678,3.9752332736624356,630.1181030273438,571.0753173828125,0.026624360313940443
2025-07-29,631.3543820995848,631.6708825055948,627.3883778702398,628.2982788085938,60556300,0.026963261828880123,0.046550808129885234,131.63799404922977,-0.10577239589381693,619.176189304184,602.9709929938202,620.1441162109375,71.92649688300392,0.004153554348847849,3.971702189995337,630.1181030273438,571.0753173828125,-0.1459594873672181
2025-07-30,628.9509803708415,630.6917023127537,624.6189756546709,627.5070190429688,80418900,0.021638042381858718,0.04106200055471645,120.26896733492788,-0.0907660168302018,619.9696016602588,603.9331900937868,620.9754028320312,67.57526914115851,0.004179164436248294,4.132776644362756,630.1181030273438,571.0753173828125,-0.37362867609261663
2025-07-31,632.4522656090571,632.8379457731452,623.8574957354674,625.1531372070312,103385200,0.01299309326979498,0.03636272936687355,115.31590403260245,0.043185006611061505,620.4632717123324,604.7653448825415,621.5505310058594,67.08431056355755,0.004257067319125548,4.4711640529487555,630.1181030273438,571.0753173828125,-0.722760808952815
2025-08-01,619.4364414435403,619.476041722763,612.5032535330552,614.9066162109375,140103600,-0.010743180339986672,0.05947682477943852,60.20486661051564,0.29027842421538286,619.9340664264852,605.1630417973806,621.3715118408203,45.44655929721816,0.0054623907753435464,5.13735836632245,630.1181030273438,571.0753173828125,-1.6317639532244606
2025-08-04,618.813325728958,624.3024917393647,618.7243458354196,624.2530517578125,73218000,0.007269508988002078,0.09249597215045753,70.50133328420114,0.3580957996852827,620.345398362802,605.9116696389663,621.8902618408204,61.09064670553388,0.0061953580248401705,5.39874761173013,630.1181030273438,571.0753173828125,-1.5899361200909174
2025-08-05,624.866279158634,625.6773001361546,620.1683337507773,621.088134765625,68051400,0.0012115358877480104,0.11664297236550691,60.940646277771265,0.3395596078265901,620.4161351630709,606.5068251341294,622.267578125,54.48245949211529,0.006330359488072761,5.3203318280341625,630.1181030273438,571.0753173828125,-1.7491600393205031
2025-08-06,622.1562946160922,626.4981995520814,621.2463937026511,625.845458984375,64357500,0.008644184019594492,0.13667629333727963,60.68125802847295,0.30871760210151056,620.9332136222426,607.2652029321782,622.6988006591797,55.53486656078769,0.006414912221436718,5.408637540031553,630.1181030273438,579.5757446289062,-1.5164869051301277
2025-08-07,629.2674923107387,629.9993730574174,622.2156245224251,625.3212280273438,74205800,0.006906740158602183,0.15276674461208267,59.93260373525146,0.2864612632564909,621.3511197560618,607.973282347675,623.0167755126953,55.444094329577986,0.0064038241140575184,5.751979355783468,630.1181030273438,579.5757446289062,-1.3839775325640336
2025-08-08,627.1114011688534,630.6620853000642,626.7949007710238,630.1972045898438,64051600,0.013470469039369569,0.1683558297264896,61.80242699258385,0.13944086048510873,622.1936040259459,608.8448087101129,623.6873474121094,59.01775375025641,0.006526085164552362,5.853716037542824,630.1972045898438,581.2128295898438,-0.9734122327871901
2025-08-11,630.4742118551501,631.947873553624,627.70484826023,628.9510498046875,58742300,0.010098045625964409,0.1823642663179694,59.03270202424642,0.09408794663670683,622.8371702905879,609.6332887530375,624.2367645263672,57.384907555517685,0.006558402191409504,5.906704688927642,630.1972045898438,581.2128295898438,-0.7985708929271205
2025-08-12,631.2951060550639,635.8051316570012,629.8115442075018,635.6469116210938,64730800,0.01824467529972367,0.1958799081146509,57.58244292284535,0.13119375129136324,624.057145655398,610.6534308262947,625.2530090332032,58.614390459186744,0.0067833864833578145,6.0183261186688,635.6469116210938,584.4866333007812,-0.27198118624589007
2025-08-13,637.8425547169825,639.1085564704525,635.6370120856271,637.8228149414062,60092800,0.019339524710760947,0.2065766032046991,58.48034734457469,0.13035791266048014,625.368161777875,611.7188968700245,626.2751892089843,60.22267157689749,0.006784460278438925,6.113696240087181,637.8228149414062,584.8218994140625,0.15963958805429357
2025-08-14,635.7457174616427,638.5447207235369,635.300697252298,637.882080078125,59327500,0.017544668943943444,0.21226364670520548,56.3884659549205,0.06435851974112694,626.5599635207559,612.744904054656,627.11142578125,58.07779012541673,0.006709006608149581,6.1221682327032125,637.882080078125,584.8218994140625,0.37366664624637735
2025-08-15,638.9106535836406,639.0095939138803,635.4787099260534,636.3886108398438,68592500,0.013544426747498414,0.21723309151167622,54.00724325260921,0.05877355690657882,627.4960251701929,613.6721082423104,627.8957336425781,56.507807837123465,0.006744849961865171,6.197759750190301,637.882080078125,584.8218994140625,0.34014698440574875
2025-08-18,635.814941575414,636.942462907598,635.1424008771667,636.2501220703125,43804900,0.011904888509829454,0.22054735432775163,55.06535577012217,0.019255699807160687,628.32974868449,614.5575205492909,628.6142700195312,58.30571836944422,0.0067510845053647805,6.020442421267181,637.882080078125,587.7673950195312,0.23892341453979427
2025-08-19,636.0721245937336,637.0512656505922,631.4829592777961,632.7984008789062,69750700,0.005870134708638237,0.22196020551103213,50.42432069622599,-0.00563507478832781,628.7553346077677,615.2728491896679,629.1557678222656,55.235865807611184,0.006908408545623304,5.984412400889555,637.882080078125,587.7673950195312,-0.11141665407716683
2025-08-20,632.3929060531275,632.6500060324975,626.013578858981,631.1170043945312,88890300,0.0031569895650240824,0.21719944594275328,52.02313263277147,-0.0467989250133487,628.9802555398404,615.8941886094665,629.3486267089844,55.98089287375683,0.006708336881644659,5.827581828192949,637.882080078125,587.7673950195312,-0.4863007845231486
2025-08-21,629.3071240874224,630.9785456585483,626.864161086776,628.5850830078125,54805800,-0.0005214383199935536,0.2102839723378777,60.74891785757698,-0.1460879492529984,628.9426200605997,616.391870742735,629.404507446289,66.22860883569501,0.006778154801539542,5.227793230605747,637.882080078125,587.7673950195312,-0.9100867462711308
2025-08-22,630.7709103705197,639.4151205943501,630.2664897119097,638.2381591796875,84083200,0.01099881962340867,0.20608350024204491,54.75219074655559,-0.139974185438541,629.8279095005128,617.248587936341,629.8105102539063,66.47256058985242,0.0075472131182830315,5.330233377613638,638.2381591796875,587.7673950195312,-0.5626155185057975
2025-08-25,636.9820009718095,638.2183023325629,635.3105191174199,635.42919921875,51274300,0.006550211011993405,0.19742298961571658,54.61626842531132,-0.14526997089362614,630.3613656641544,617.9615530846708,630.0839782714844,67.03467195619896,0.007630386746594467,5.145852925962946,638.2381591796875,587.7673950195312,-0.5439659598517927
2025-08-26,635.1622594491828,638.4359833484747,634.5391586749303,638.0897827148438,51581600,0.009006885587561105,0.18387757611811922,53.088801378327005,-0.15818563143803466,631.0974053832676,618.7508954231089,630.5735534667969,65.30654910416581,0.007637172349575487,5.037764346469236,638.2381591796875,587.7673950195312,-0.3820997997117077
2025-08-27,637.5062787617181,640.2755819843173,637.3578984386413,639.543701171875,48341100,0.009824515734158842,0.16415920104833265,54.73466356320612,-0.19517418818327525,631.9018145059922,619.5662995701193,631.1753875732422,67.3755448942126,0.007627901434897682,4.690188275803783,639.543701171875,587.7673950195312,-0.21508920098142248
2025-08-28,640.146950913372,642.3623933153343,638.267809046051,641.8085327148438,61519500,0.01156953657934127,0.13632687722526457,53.22047678616682,-0.1198640472960828,632.8453114782637,620.4385440071674,632.0081573486328,65.15223922441945,0.007563967990757793,4.601168775558278,641.8085327148438,587.7673950195312,-0.0013683288637356128
2025-08-29,640.374419619015,640.7404203673219,636.0919150690585,637.98095703125,74522200,0.006856609176182878,0.11833211309552698,57.04615901566731,-0.11703202491581399,633.3344205785481,621.1264817728177,633.1618743896485,61.039823537137195,0.006571645266963881,4.706425372157655,641.8085327148438,587.7673950195312,-0.1583740411154757
2025-09-02,630.5136938017484,633.4709169972102,627.9619508913343,633.2533569335938,81983500,-0.00011640503226725208,0.11060318314514374,47.168283260166895,-0.0414628121580759,633.3267002314096,621.6020455046129,633.6118896484375,46.92572059303113,0.006083423470977051,4.932491392700659,641.8085327148438,593.5730590820312,-0.5965899844154343
2025-09-03,635.6270824559713,637.1502445176759,633.4413400681225,636.6853637695312,70820900,0.004854087240560856,0.10480837635448806,49.176046632244145,-0.014865978542902059,633.646572949326,622.1935481816685,634.3917510986328,48.58472511649665,0.006008464444171493,4.962873049790427,641.8085327148438,600.13037109375,-0.6660042472991137
2025-09-04,637.3577818657208,642.0359868267901,636.4577811203425,642.0062866210938,65219200,0.011920698614835364,0.09982812494904868,54.53346859955226,0.09368751330696923,634.442736156161,622.9705183165479,635.1997924804688,54.537433101216095,0.006049465763051997,5.129600352305341,642.0062866210938,600.4666748046875,-0.37855778574827426
2025-09-05,644.3404359625918,645.062476969223,636.2797877246134,640.1469116210938,85178900,0.008046378180908864,0.09484961891473793,53.56109373749616,0.19637630518139026,634.9859909623451,623.6441023677065,635.9410766601562,54.10183988595639,0.006104881473739704,5.504729299218395,642.0062866210938,605.1646118164062,-0.33987337879388235
2025-09-08,641.5118230975241,642.718484610511,640.1370415028089,641.7195434570312,63133100,0.00978280387636649,0.09330472210440797,56.94157349347528,0.18147889185799237,635.6272816761248,624.3529431947388,636.5171936035156,55.78817368073614,0.0059144769887540275,5.560542233309166,642.0062866210938,608.1713256835938,-0.23933881021886272
2025-09-09,641.8580441132016,643.7273464852004,640.1272219983028,643.2031860351562,66133900,0.011040936467833449,0.09309586145055655,63.028253694700254,0.09882762713150628,636.3487963769849,625.092168404167,637.2298004150391,61.48977814682911,0.005881450004193775,5.419957812887844,643.2031860351562,610.8812866210938,-0.11044153176369065
2025-09-10,646.4570213518696,647.3768223058731,643.4997982019892,645.0625,78034500,0.013619674854971496,0.09987537932374502,71.92274275827974,0.05451912482593979,637.1786729125101,625.8753186628271,637.7005798339844,65.33943286199391,0.005462257487066297,5.233444545087244,645.0625,610.8812866210938,0.05370212429256149
2025-09-11,647.0109525903231,651.1154976382888,646.4274520986086,650.4231567382812,69934400,0.019787794703645677,0.10336081061512124,76.55377709564623,0.04531086809880169,638.4400523244883,626.8379789795116,638.3305969238281,72.61367988744828,0.005692612956088697,5.362026997268215,650.4231567382812,613.5418090820312,0.4546579633299679
2025-09-12,650.3934256012134,651.8868873722256,649.7011451004063,650.2055053710938,72780100,0.017503307794929215,0.10643568361571165,68.77818024804165,-0.1380907081834406,639.5605716622603,627.7543525634952,638.9467681884765,65.40212061654671,0.005696975793642561,4.744577331931192,650.4231567382812,613.5418090820312,0.6259934744027333
2025-09-15,652.4111340519337,653.795755474802,652.1144337731963,653.6671752929688,63772400,0.0208159908146251,0.10915998905761654,76.3940504755589,-0.13823033446258248,640.9040577223277,628.7705416901413,639.8106964111328,73.0846545232051,0.005720094783321709,4.791906620605524,653.6671752929688,613.5418090820312,0.8778046451321302
2025-09-16,654.2209512044083,654.5276118800496,651.9857691498868,652.76708984375,61169000,0.01736142304721261,0.11136861790941059,72.11904983533124,-0.1337345495726976,642.0338703053203,629.7115827942043,640.6365447998047,69.44432315646311,0.005742709411545797,4.695122196078265,653.6671752929688,613.5418090820312,0.8864983103186654
2025-09-17,652.7770978636573,654.4683196962441,647.1296508296768,651.9561767578125,101952200,0.014945765060274577,0.11421859559628252,71.43021039670406,-0.042522220559294666,642.9788518722244,630.583919812385,641.59443359375,66.72891015221411,0.0055581836446773275,5.010906861856207,653.6671752929688,614.9066162109375,0.7460251596372647
2025-09-18,654.6364399867887,657.603563340362,653.0341982051615,655.0023803710938,90459200,0.018184804485788367,0.1170730660828726,72.58881611644725,-0.044797552229185245,644.1239498244977,631.5415065009619,642.7887023925781,67.41520712824067,0.005510605658038734,5.121821312803791,655.0023803710938,614.9066162109375,0.7638728078630219
2025-09-19,656.8877828567474,659.0895125014193,654.9438659954435,658.2465209960938,97945600,0.021808528885459925,0.12013155154574084,85.0140388446236,0.05585992978064058,645.4689566027449,632.5887619713592,644.2717742919922,77.1679559331076,0.005369486779439849,5.009609088531688,658.2465209960938,614.9066162109375,0.8909081194745667
2025-09-22,656.7588293222589,661.8069717744121,656.7290467709187,661.3607177734375,69452200,0.029288366820057022,0.12679890543271588,117.79933144974386,-0.028220896120896732,646.9824576666205,633.7170739635976,645.4279022216797,89.3843530258947,0.0044605974285312835,4.656674721644379,661.3607177734375,614.9066162109375,1.069397469627864
2025-09-23,661.2417286303936,661.8566899635472,656.540685502851,657.7606201171875,81708900,0.019361292731397264,0.1260168374637897,102.14460403713201,0.013400719752380663,648.0089493285792,634.6599581264835,646.5444732666016,79.39243195758873,0.0045420920952130035,4.758040212831093,661.3607177734375,614.9066162109375,0.8398525495480085
2025-09-24,659.0498612769777,659.1490153831234,654.2496039734066,655.6678466796875,68082200,0.013429848590874595,0.11916135556613254,89.19099528987113,-0.060139205186270805,648.7383681239229,635.4837968932758,647.4233764648437,70.93831442784952,0.004630995445062685,4.7095549059217445,661.3607177734375,614.9066162109375,0.4608724942503457
2025-09-25,652.5338627083877,653.9917550046746,649.0328388399253,652.6429443359375,89622100,0.0065703109639280895,0.10507014298947437,82.68597060875618,-0.11044356820881385,649.1102325250671,636.1567046361253,648.0783386230469,68.49133936780727,0.004812680364363622,4.556149091289789,661.3607177734375,614.9066162109375,-0.05244055884185794
2025-09-26,654.0909412604747,656.9274266555326,652.4743298182361,656.3819580078125,69179200,0.012012048655366607,0.0842852076892588,83.50964168984184,-0.0638314166788102,649.8027778091381,636.9498518271719,648.8070098876954,70.38980395219075,0.0048969996339862844,4.689838643403667,661.3607177734375,614.9066162109375,-0.19126537301895574
2025-09-29,658.9010899003678,659.8135740530697,656.4216318338509,658.2266845703125,73499000,0.014739527378402553,0.08196397787995857,88.93558064943082,0.004537058257700455,650.6050546435357,637.7842374249421,649.8192962646484,70.6842104378604,0.004612359059673286,4.677802326143641,661.3607177734375,614.9066162109375,-0.20854383337664828
2025-09-30,657.4828203674869,661.1722852976668,656.173659297658,660.7061157226562,86288000,0.019724440340137234,0.09096517812623092,100.09178621919523,-0.004478745014264152,651.5670604605948,638.6831346130879,651.1919342041016,71.17638602237068,0.004117119315131877,4.736730163950207,661.3607177734375,614.9066162109375,-0.10775295074280145
2025-10-01,657.7208749627936,663.8699431635192,657.611793334362,662.95751953125,72545400,0.02249896431237266,0.09827866747444884,97.64062805484414,0.00888172805779086,652.6518660863715,639.6350712765452,652.5055419921875,68.52704226622762,0.0040567015516943155,4.751383891869376,662.95751953125,614.9066162109375,0.047451302484379454
2025-10-02,664.9410037342527,665.0600128657511,661.3011766397112,663.7210693359375,56896000,0.023411480246210974,0.10676536197584788,106.44976887229312,0.06751285971754872,653.7060759196635,640.5796202200509,653.5912811279297,69.66008427310453,0.0037755771424882335,4.863747745742273,663.7210693359375,614.9066162109375,0.1335652210724696
2025-10-03,664.4848631838105,667.1527626006609,662.6698828508305,663.7113037109375,70494400,0.021837860418023082,0.11314244221824979,104.61501087854947,0.050677300616767784,654.6589547569276,641.4867450628308,654.7695007324219,66.24149005256479,0.0036448226246073106,4.927507006179569,663.7210693359375,614.9066162109375,0.12220481622900614
2025-10-06,666.1014192164715,666.9841207809839,663.9591941673339,666.0914916992188,54623300,0.024740855540336497,0.1178758759789753,110.6732185555591,0.06454251630031016,655.7477677990506,642.4516370877872,655.9880981445312,70.56151963877686,0.003663981915121959,4.979719459028396,666.0914916992188,614.9066162109375,0.2025876517807017
2025-10-07,667.0138297258598,667.4601442579947,662.1838505424819,663.6219482421875,72020100,0.016111789722747617,0.11765235298880791,99.66069860024301,0.020198909580442903,656.497689746016,643.2818453683519,657.0090362548829,67.1253570545375,0.0038675090779529764,4.832406948238794,666.0914916992188,614.9066162109375,0.0262993027635936
2025-10-08,664.7426772273783,667.6783772359653,663.919480237528,667.5791625976562,60702200,0.021973919534914284,0.11849525004322019,97.97131484443514,-0.0068646887185449534,657.5530681128389,644.2346813381286,658.1348693847656,67.98175801621045,0.003982011859815906,4.718767120469384,667.5791625976562,614.9066162109375,0.10845648244892558
2025-10-09,667.9957845708525,668.4023890582872,663.7112737749407,665.6452026367188,66501900,0.016814778075874826,0.11753269584564795,92.21304688455943,-0.021797711412812837,658.3237475913037,645.0743096243478,658.8959716796875,60.99006705373365,0.0037904173798024685,4.757729175995864,667.5791625976562,614.9066162109375,-0.027912678791998324
2025-10-10,666.6071968358344,668.4122493878771,647.4757221413303,647.6542358398438,159422600,-0.011555582437903599,0.1560298910255618,28.231928292435946,0.19542934625640673,657.3076036149741,645.1754832014261,658.768408203125,35.880534028134946,0.007362408124089596,5.8904864790711065,667.5791625976562,614.9066162109375,-1.3187582657279044
2025-10-13,655.2216030747315,659.664772492732,654.3488290056752,657.5919189453125,79560500,0.000283665847225054,0.1999548539488405,36.131984975391994,0.27892091157773313,657.3346812654826,645.662402250206,658.9646453857422,49.846286290116275,0.00806353019927351,6.368667349941973,667.5791625976562,621.088134765625,-1.4801921444819843
2025-10-14,651.7701536094826,660.3590300864076,647.8030207789583,656.78857421875,88779600,-0.0005484954648998944,0.23260045187696,37.24539539807035,0.4310812963093771,657.2826710705557,646.0987227195607,659.1657196044922,51.0457339159039,0.008061873656415301,6.915567199780014,667.5791625976562,621.088134765625,-1.6073636601387156
2025-10-15,661.3408732132422,664.7228272522149,653.5156893256119,659.7044067382812,81702600,0.0024336405872954236,0.2598579399662122,41.336590930056836,0.5347542557998175,657.51331256272,646.632278955589,659.5531311035156,56.602382438844,0.008103248974631827,7.242147920268637,667.5791625976562,625.3212280273438,-1.4653809392992905
2025-10-16,661.340821247798,663.2153058553965,651.7105854492366,655.2116088867188,110563300,-0.0022982908251213477,0.28362731131303565,35.48753726468587,0.628053012585206,657.2941026888151,646.9687232666137,659.5635925292969,48.92094751781351,0.008207313183445036,7.7458353180445965,667.5791625976562,625.3212280273438,-1.6316021090450787
2025-10-17,654.0810128478913,660.2895852935891,652.7322022395391,658.9308471679688,96500900,0.0016391066250113816,0.30346932416654987,36.84186155347795,0.36500321155099846,657.4499831154011,647.437826164706,659.5978088378906,50.62754086875546,0.008231628192327926,8.040532961529793,667.5791625976562,628.5850830078125,-1.4544942056945072
2025-10-20,661.8367798071084,666.6866142382812,661.7872027532737,665.7840576171875,60493400,0.008132072609884482,0.3201540106694452,38.47516879699592,0.2934372541036676,658.2437044965236,648.1572862216661,659.8189758300781,54.198124299236135,0.008493519556441237,8.237471609408626,667.5791625976562,628.5850830078125,-0.8681607109290255
2025-10-21,665.9229005771253,667.4601523988813,664.4748753427003,665.7741088867188,56249000,0.007480734922976041,0.3315562695496792,37.92568422381974,0.15734469083346703,658.9608858670184,648.8481420124525,660.2196502685547,52.41820283621493,0.008384066458073844,8.003694982767465,667.5791625976562,628.5850830078125,-0.49208118553296476
2025-10-22,666.4783066993808,666.4783066993808,657.8497808005621,662.3128051757812,80564000,0.0033225266283697843,0.3405148307441861,35.279777994468965,0.15318411765949325,659.2801162773768,649.3761680188576,660.5518981933594,48.84445374860146,0.008444370375761233,8.351529959394522,667.5791625976562,628.5850830078125,-0.48663534430410005
2025-10-23,662.6301900162397,667.1825015615415,662.3128121266341,666.2402954101562,65604500,0.006937283718086315,0.34727038467407223,37.76808813409474,0.08176321533506048,659.9429904804987,650.0375063479281,661.2317657470703,51.94979610313708,0.008434915987546145,8.379159719103793,667.5791625976562,628.5850830078125,-0.2411362875336711
2025-10-24,670.9016937183009,672.8951271271609,670.0983517375236,671.6851806640625,74356500,0.011631089645770106,0.3524515409413086,39.167018703647706,0.0721593002768246,661.0612943075048,650.8864347524824,661.9969268798828,54.11800758295372,0.008523252652356155,8.620732193886527,671.6851806640625,628.5850830078125,0.2393402115219878
2025-10-27,677.1201724129126,679.9070809796764,676.515199146416,679.6095581054688,63339800,0.017779086812933532,0.3554295400080857,42.76152994513921,0.0720683583583619,662.8277956215966,652.0128317467172,663.0660705566406,60.894860876227305,0.008844178795285583,8.831132665322318,679.6095581054688,628.5850830078125,0.9995985412069186
2025-10-28,681.4046232640447,683.2493254549719,679.2028936555786,681.41455078125,61738100,0.017909149024104603,0.3503136715549217,42.26354344184442,0.10329274154270895,664.5979627796588,653.1658403363067,664.1014923095703,59.713129751497384,0.008833581699900929,8.830418580009141,681.41455078125,628.5850830078125,1.5025615771291516
2025-10-29,683.0609104229828,684.0328991417463,677.2590027977353,681.7418823242188,85657100,0.016593785545794038,0.34032032647767047,43.876780447836566,0.07515493561396092,666.2307170219979,654.2864694338718,665.0407104492188,61.5614802033412,0.008825982478959164,8.979188655770884,681.7418823242188,628.5850830078125,1.7201652309274849
2025-10-30,678.2805836148408,680.3037996369978,674.2440185546875,674.2440185546875,76335800,0.007448551129299677,0.32415953875565456,49.67217252757302,-0.04294888860812163,666.9938885965397,655.0691184190019,665.5668579101563,72.48786168463195,0.009254269083102857,8.019284121698345,681.7418823242188,628.5850830078125,1.2441977209598063
2025-10-31,679.4111219213156,679.4508319897004,673.6587916341136,676.4556274414062,87164100,0.008839082334433557,0.29897458231458157,47.13691600976229,-0.12129206146547578,667.8950065817651,655.9078050473315,666.2040740966797,68.3519725239685,0.009267799205088445,7.575105814748237,681.7418823242188,633.2533569335938,0.9752643291633509
2025-11-03,680.0359087204932,680.1648453676048,674.3530108656404,677.72509765625,57315000,0.009236472344391636,0.26514998163600606,48.75039046994301,-0.19677584838218587,668.8312057317161,656.7633851496421,666.7857543945313,70.18548159307034,0.00925048617907408,7.093379042927885,681.7418823242188,633.2533569335938,0.7878459307954575
2025-11-04,670.5544968959969,674.3728983771498,669.0371001406891,669.691650390625,78427000,0.0007809137130943194,0.22609295842317603,39.4300956499397,-0.21708802595267096,668.9131528420884,657.2703759434062,667.0892395019531,58.76412787203798,0.009635676330534453,6.913440442139168,681.7418823242188,633.2533569335938,0.06585821270408676
2025-11-05,669.4337786331213,675.2654684624238,668.6304366940664,672.012451171875,74402400,0.0028457463378229195,0.1722277174146474,44.36661647094873,-0.26879746142550354,669.2083241115919,657.8484965406011,667.310903930664,65.327566065031,0.009577151410119207,6.565605539438991,681.7418823242188,633.2533569335938,-0.2927055926989395
2025-11-06,670.9115428502156,671.8140994484131,663.2252231578799,664.8021850585938,85035300,-0.003953809745228093,0.05332132451253604,36.505371623620796,-0.1703185088549507,668.7886918208302,658.1211902079734,667.2687530517578,55.035712116992514,0.009873532437644451,6.6534516080065,681.7418823242188,633.2533569335938,-1.012269110787238
2025-11-07,662.4218719882706,665.5658682287408,655.7769731606511,665.4567260742188,100592400,-0.003909341846123926,0.07217524795387159,43.07094127245414,-0.10249768086637379,668.4713617497243,658.4088582811595,668.1588775634766,49.6858521589683,0.007554764205677051,6.7986750364191595,681.7418823242188,633.2533569335938,-1.4161587630116923
2025-11-10,671.6751969912248,676.5746080726943,669.4833950163819,675.8406982421875,75842900,0.008634733773571147,0.0908923340987813,50.31276224560315,0.04034696930479931,669.1732033204352,659.0924598482586,669.0713165283203,58.056835690007404,0.00758024752779941,7.379575389440204,681.7418823242188,633.2533569335938,-0.9768803100682693
2025-11-11,674.3630127379913,677.9532631527235,673.1530057317516,677.387939453125,58953400,0.00968685568722121,0.10607202537558003,54.5269325859694,0.02787139058997745,669.9555591425961,659.8099296366847,670.101284790039,62.44679682358265,0.00755703401241997,7.106127641022575,681.7418823242188,636.6853637695312,-0.5938611436967127
2025-11-12,679.1632192686196,679.3318660026857,675.3548055474994,677.7648315429688,62312500,0.009274926890885622,0.11916039018345959,52.920613357933085,0.0726151440857985,670.6992993712031,660.5140434369312,671.0043060302735,60.107878468631085,0.007529326884589891,7.04236793169587,681.7418823242188,640.1469116210938,-0.33951812292217465
2025-11-13,674.9085136071693,675.265541055433,665.0105359672095,666.5180053710938,103457800,-0.004505821594368456,0.12179962899404473,36.63406717276586,0.12393451732753724,670.3010808950022,660.7494929245454,671.5696258544922,45.88663777982709,0.008361212214114042,7.478043921606911,681.7418823242188,640.1469116210938,-0.9201846126257713
2025-11-14,659.9126462553079,670.1081450818862,657.8199984349773,666.4088134765625,96846700,-0.004262013917100936,0.12498701334584396,30.808430367520213,0.1426476550965765,669.9303887599127,660.9714270638402,671.9435241699218,37.99811104859,0.008286870639539097,7.768490088127984,681.7418823242188,641.7195434570312,-1.2809043028762717
2025-11-17,664.1972328051172,668.1742931923078,656.7290761218832,660.2003173828125,90456100,-0.010814542107374382,0.12784734411292126,26.415757919815995,0.12431600905074491,669.003715295427,660.9411874685059,671.6643371582031,32.1422846432711,0.008231847139347388,8.296974750344507,681.7418823242188,643.2031860351562,-1.8711799829841929
2025-11-18,656.6596108350068,659.6548153709225,650.4708935566339,654.65625,114467500,-0.01573391752275286,0.12970952849891074,23.500350563025094,0.19728835253363242,667.6372900291959,660.694719332486,671.1084442138672,29.04065283328626,0.00842299519621425,8.508083856213627,681.7418823242188,645.0625,-2.5277265979730643
2025-11-19,655.3505280387882,661.856623370592,653.3371790986623,657.185302734375,94703000,-0.01158541890146899,0.1315128165003665,29.156769453908964,0.21848985672534038,666.6418626677844,660.5570951521679,670.8520690917969,35.7000034791934,0.00841809510308724,8.581053892099233,681.7418823242188,647.6542358398438,-2.6704244267929824
2025-11-20,667.3808213360044,670.0090710879778,646.5335791707308,647.1683349609375,165293500,-0.020656754444893743,0.13139569261471765,22.049520257775423,0.3164080979293855,664.787240981418,660.032045732904,669.898471069336,28.290024350274763,0.008903417621361567,9.844157575074957,681.7418823242188,647.1683349609375,-3.278142616940709
2025-11-21,649.6675301260088,659.0894699034471,645.5020288545189,653.6148681640625,123956200,-0.011837858919901962,0.13090964209447736,25.962593330157635,0.3386845995476151,663.7232054750032,659.7803917105965,668.9949554443359,33.40162797850651,0.009013077513839717,10.399558042715228,681.7418823242188,647.1683349609375,-3.087335248184976
2025-11-24,657.2448196444445,664.5542570793402,656.1538823239337,663.2351684570312,80437900,-0.0005085877369705366,0.12855953926263253,34.89616451595846,0.2727978608932229,663.6767257590059,659.9158731516331,668.176235961914,45.65015901264946,0.009257241508175886,10.560371714123571,681.7418823242188,647.1683349609375,-2.1964509039741347
2025-11-25,663.1360620641211,670.6537963067218,659.0201372218106,669.4735717773438,81077100,0.005929809123572598,0.12651200673382776,36.32919936843961,0.2831815843558745,664.228806332181,660.2906848624453,667.5791870117188,48.375278390347205,0.009523592426431526,10.91741652244884,681.7418823242188,647.1683349609375,-1.1242921118934954
2025-11-26,672.0620713400136,676.0986363282427,671.1595147067713,674.09521484375,71879600,0.010032392917737745,0.12479154850290268,41.97572312171178,0.2542720754841712,665.1684642856637,660.8320389793593,667.1968536376953,56.15072936823097,0.009677530059253614,10.76297627508483,681.7418823242188,647.1683349609375,-0.0953337165105832
2025-11-28,675.2654787466182,678.0523870500939,674.9084513312986,677.7747192382812,49212000,0.01326477701991129,0.11946357416739808,44.8244357643766,0.05102184348407346,666.3690599954368,661.4964578130425,667.373388671875,57.83895605915126,0.009436279443765412,10.346424642102988,681.7418823242188,647.1683349609375,0.7927000035864789
2025-12-01,673.2323336611282,677.3779800628074,673.1629015749381,674.6803588867188,61201200,0.008802456604955199,0.1139516854859095,38.41255108546036,-0.04979560473301825,667.1606122707971,662.0134735414221,667.2846252441407,49.18606353765018,0.009469045107691313,9.881705761022099,681.7418823242188,647.1683349609375,1.1117537255979444
2025-12-02,676.316742094939,678.2011542749951,673.748057660358,675.9299926757812,62953800,0.009401901820292241,0.10836088911784603,38.765292168953216,-0.06661348412699641,667.995791356986,662.5592193898283,667.1948699951172,48.97301471150944,0.009468779442855796,9.856908560569618,681.7418823242188,647.1683349609375,1.332146130531585
2025-12-03,674.9779023816353,679.2822075879724,674.105128319461,678.2706298828125,57238500,0.011611423090152761,0.09775424653985033,42.0684560889271,-0.0892878210107304,668.9743474070648,663.1753531346512,667.6238189697266,50.3466954945065,0.009078629730635899,9.942624190092838,681.7418823242188,647.1683349609375,1.5457352581152244
2025-12-04,679.6689755171525,679.7384076011712,675.7415530139849,678.7664794921875,61970300,0.011208624286315163,0.08637903102280818,50.72204920994702,-0.13433863898063647,669.9069314151717,663.7867698545547,667.9615203857422,59.8468886561982,0.009054966760303875,9.317092690909053,681.7418823242188,647.1683349609375,1.6226104502044296
2025-12-05,679.8375623637357,682.7336127271673,678.9549213715281,680.0557861328125,79241000,0.012251575766735027,0.06731123274895258,54.39365023982009,-0.15693247747039973,670.873489007328,664.4247704929178,668.7242004394532,60.76688380980264,0.008659503999440904,8.722734590056973,681.7418823242188,647.1683349609375,1.6567043881530448
2025-12-08,680.9483951231146,680.997972172105,675.9696245182643,678.0126953125,55231500,0.008644129384347015,0.07034751153909574,58.453503807765145,-0.1636679967556649,671.5534134173444,664.9576302897642,669.3519989013672,65.0418622678814,0.008709802719742815,8.264386774586699,681.7418823242188,647.1683349609375,1.4457548189658493
2025-12-09,677.5367544682442,679.7583392727543,676.9813582671167,677.4276123046875,58310100,0.007800809097630136,0.08393185331260468,70.0292529905465,-0.21194523939788523,672.1128609304246,665.4466491923102,669.4313446044922,70.98728902229652,0.008003384106692666,7.767783715976626,681.7418823242188,647.1683349609375,1.1820265365248903
2025-12-10,676.9515664343469,683.3088703732143,675.711837383319,681.92041015625,85671300,0.012945322065054356,0.09421548143603645,70.69695526228273,-0.22536575369048584,673.0469132376461,666.0926790340334,669.6579681396485,72.00079912096693,0.008122569915055092,7.701897195831309,681.92041015625,647.1683349609375,1.2204070674795982
2025-12-11,679.51034738166,683.5865617528303,676.5647198382891,683.5072021484375,86173700,0.013907198066226588,0.10362102773259269,87.18688537884226,-0.29949859920138455,674.04313122915,666.775601509108,669.9450866699219,88.02414637012512,0.008134406693974168,6.526636481352333,683.5072021484375,647.1683349609375,1.2578955194414103
2025-12-12,682.5154459360199,683.2196338188487,673.5893968987631,676.1581420898438,113160300,0.003046895492259742,0.12016883071454235,78.53282557268615,-0.28181700659682996,674.2445608349304,667.14354427698,670.4270935058594,73.151480733478,0.007575733340093764,6.2645196385484905,683.5072021484375,647.1683349609375,0.7197274265383653
2025-12-15,680.1054404790556,680.1252955149479,673.6687768311533,675.1365966796875,90811000,0.0012949002719276272,0.13387274458601114,70.1557482294106,-0.28073131326658496,674.3295166296692,667.4569973123804,670.8634826660157,64.84423649925319,0.007590216766814002,5.944314622013978,683.5072021484375,647.1683349609375,0.25112742258950993
2025-12-16,673.6488975485244,675.4837328267965,669.4338188610296,673.2918701171875,122030600,-0.0015866733353923446,0.1493111721600707,63.06949399353013,-0.28609293362192645,674.23069315229,667.6858158537455,671.5180603027344,55.34865110266394,0.007269945936358923,5.545475684932244,683.5072021484375,647.1683349609375,-0.20240973266412166
2025-12-17,674.3034691132465,674.8489377460819,665.6848710067972,665.8832397460938,110625200,-0.012548383400678207,0.15955219883521335,44.00659277096604,-0.25643866199586063,673.435697589795,667.6151265946219,672.0794097900391,39.32983648784326,0.007468041949783303,5.726832984102657,683.5072021484375,647.1683349609375,-0.9773446291052887
2025-12-18,672.0322799303326,675.1464937426624,669.3545136860721,670.9115600585938,108650100,-0.003766952273536884,0.16721551680305954,45.9537044700796,-0.06447389191860953,673.1953035392045,667.7443984951698,672.76572265625,41.38439896287307,0.007590195705525442,6.105838826261569,683.5072021484375,647.1683349609375,-1.1171773316742928
2025-12-19,673.0134542661981,677.4896664833268,672.8940327515619,676.9923095703125,103599500,0.006421937013652311,0.17867243538785002,66.35507763681939,-0.0029102973726182757,673.5569231612147,668.1070616745872,674.2569213867188,52.69985359963849,0.006740652300568473,6.246288023503707,683.5072021484375,647.1683349609375,-0.781900175819028
2025-12-22,680.3245900087294,681.7370666700199,676.9923229108747,681.2098999023438,69556700,0.013248316119193436,0.1874664626236224,71.94657428487801,0.05430504840456929,674.2857780889414,668.6208984678325,675.6366729736328,55.76608258857156,0.006566153629671996,6.267120915294437,683.5072021484375,647.1683349609375,-0.2835295051452671
2025-12-23,680.3046207584179,684.562024812114,680.2548972126992,684.3233032226562,64840000,0.01922208671193895,0.19723999647463017,80.75130241525288,0.11892682664152332,675.2417328635809,669.2366790464531,676.6910797119141,56.50029038174384,0.0058969164301747225,6.204981510358964,684.3233032226562,647.1683349609375,0.2211191924836955
2025-12-24,684.313382495532,687.1781631452748,684.164151137988,686.7305297851562,39445600,0.022888106483129535,0.20234900540119927,86.69694128650815,0.07123404610669559,676.335903998969,669.9227124087552,677.5539276123047,58.215727139358144,0.005626564052892366,6.13477846893757,686.7305297851562,647.1683349609375,0.6576777908670102
2025-12-26,686.989161229118,688.0037280321676,685.6264081645946,686.660888671875,41613300,0.0209773350173806,0.20231727502507188,86.67953330940338,-0.013858612617149935,677.319235872579,670.5791114778972,678.1822113037109,56.98972513376444,0.005474611529445104,6.021220371265656,686.7305297851562,647.1683349609375,0.869106821687772
2025-12-29,683.9055083361335,685.5567672531378,682.4433081832867,684.2138671875,62559500,0.013953761967511127,0.2006297332125208,85.6958387544448,-0.04530364138644061,677.975867426381,671.1138077802345,678.5041687011719,56.5066475395138,0.005454208264921489,5.963308430890477,686.7305297851562,647.1683349609375,0.7746458103412062
2025-12-30,683.8160334465714,684.9201512250444,682.9506372729019,683.3783569335938,47160700,0.011078673303854054,0.19522140130274956,86.44231747094413,-0.0576801863880696,678.4903902365918,671.594770492131,678.9390686035156,56.211242248449686,0.005341250011905999,5.905632212783685,686.7305297851562,647.1683349609375,0.5944879563910894
2025-12-31,683.5076844111845,683.726492314561,678.1063955310838,678.3152465820312,74144800,-0.00033862165614718,0.1834999152352377,67.1003072264384,-0.07100086049727039,678.4737098885385,671.8583185740879,679.0583312988281,46.28129143388144,0.005625795159451211,5.764422483753825,686.7305297851562,647.1683349609375,0.0989106340288668
2026-01-02,682.0852055985325,683.2390468658663,676.2263268834449,679.55859375,89377200,0.0020970510573177824,0.1734388297299477,66.54019120815015,-0.06047611232292649,678.5770321610586,672.1602901496138,679.1227294921875,45.89796591254946,0.005587584464363468,5.763770917173831,686.7305297851562,647.1683349609375,-0.1661485697833558
2026-01-05,682.910778712987,685.7855161168121,682.7516512212146,684.0845336914062,71927200,0.010222164034297121,0.159242900239848,81.84229743192093,-0.08654125137348434,679.1015561163298,672.6279075434096,679.3886322021484,58.74747071962236,0.005776380977898812,5.50013642554081,686.7305297851562,647.1683349609375,-0.06296255304871146
2026-01-06,684.2934596862484,688.6602678554459,684.1442890432024,688.1529541015625,69273800,0.016320663982579857,0.14660511405996093,85.99445687299274,-0.10019836533451065,679.9635940196853,673.2367328986313,679.793490600586,63.45954311017311,0.0059010228669855195,5.365794674129745,688.1529541015625,647.1683349609375,0.23656892908446236
2026-01-07,688.5309418430683,690.2916046822218,685.6761181181482,685.9347534179688,75588300,0.010674169195322788,0.13030743481035434,84.67306131020925,-0.1087600134299831,680.5322758671408,673.734694487625,680.1895935058594,62.97315070552204,0.005908282346664171,5.26333557400879,688.1529541015625,647.1683349609375,0.24172734988742883
2026-01-08,685.1787573638412,686.9692300361542,683.8557710289468,685.8651123046875,64019200,0.009467342947459071,0.12087315393290822,99.07375686731507,-0.16190228578010846,681.0401650516691,674.2103971471176,680.6114685058594,74.13962185685655,0.005900824338971133,4.831149307431831,688.1529541015625,647.1683349609375,0.19867313268383802
2026-01-09,686.9791831428475,691.6344363504869,685.5368360184962,690.4010009765625,80125500,0.016475796272233775,0.10832946601078523,97.94016006839865,-0.20103847729059143,681.9316732349922,674.845322787488,681.035498046875,73.82823285350764,0.005899822288085192,4.605031188533409,690.4010009765625,647.1683349609375,0.42111847649589507
2026-01-12,687.0289310253164,692.410366767912,686.979207477028,691.4852294921875,63976000,0.01669211155396519,0.09338814627895653,92.55072060966639,-0.17763741781846154,682.8415357356774,675.4978681484566,681.4343994140625,70.18559196969593,0.005890820184887074,4.523106393258478,691.4852294921875,647.1683349609375,0.5770761474191572
2026-01-13,691.813478661017,692.4103433578374,687.6953490317495,690.1026000976562,78309700,0.013946591078625765,0.08590002472393818,92.06792554429802,-0.1574443758248497,683.5330656749135,676.0706027346997,682.1316223144531,63.447622774697074,0.005298695117124127,4.520980480857085,691.4852294921875,647.1683349609375,0.5244406921717495
2026-01-14,687.3472637531122,688.0634285762314,682.4134612479594,686.7106323242188,94676700,0.00588547117863515,0.07593949426588933,75.00782490345826,-0.09514553156398542,683.8356910700854,676.4878587970338,682.7103240966796,53.57997979087955,0.005437626465967762,4.7625527130200895,691.4852294921875,647.1683349609375,0.214395756519012
2026-01-15,690.8983886882239,691.7737417111902,687.5959315038539,688.5806884765625,77862000,0.008779773073150764,0.06894853596380116,73.91781160340402,0.016097102198338487,684.287595584988,676.9620874119173,683.4747650146485,52.819882155289335,0.005384280413776226,4.908916811568994,691.4852294921875,647.1683349609375,0.09458603584970504
2026-01-16,689.9931507530615,690.5800586110835,686.4519720383781,688.0037231445312,79289200,0.007935551425244108,0.0622931292919799,84.05200476873956,0.09314603313783532,684.6415124954207,677.395092734765,684.5807891845703,52.01548555420585,0.00460066576829864,5.033971576221306,691.4852294921875,647.1683349609375,-0.05608608915600577
2026-01-20,677.8874730475171,681.1501633341576,672.9934983300664,673.9981689453125,111623300,-0.01588359743662281,0.060230982357228874,43.544317843505475,0.2833823124318502,683.6278607287437,677.2618800371393,684.7351196289062,38.61670842548838,0.006539065520840498,5.80487474235535,691.4852294921875,647.1683349609375,-1.0750570278583909
2026-01-21,676.0572511802958,685.0991655259935,674.5452667925615,681.77685546875,127844500,-0.0026597038856015407,0.0738081896151676,52.59372881569778,0.4282573280016757,683.4515745135062,677.4389378972025,684.9743469238281,48.45458582617433,0.006735351645610684,6.457123501536671,691.4852294921875,647.1683349609375,-1.1921750774764281
2026-01-22,686.2033478813381,687.476610793547,683.2888434897402,685.3379516601562,77112200,0.0027205693694414583,0.08495382454605328,62.09179474433885,0.3570061659741599,683.6312294798538,677.7487031428086,685.1807495117188,56.979068859013836,0.006692915002238509,6.462813397345225,691.4852294921875,647.1683349609375,-1.0043292400971673
2026-01-23,684.5123006998919,687.3074439470811,683.5274830754288,685.5865478515625,63059600,0.0028435749000950564,0.09332392002433808,61.67421276428596,0.2695065472699354,683.8174502771594,678.0560696019754,685.2439117431641,56.11132837638486,0.006618106783379533,6.231902032290293,691.4852294921875,647.1683349609375,-0.844292077579317
2026-01-26,686.8399050563427,690.4606777697717,686.272910918868,689.0680541992188,60473800,0.007553140458916886,0.09961476840417623,60.017759984568244,0.21877406484138318,684.317507793546,678.4879121352006,685.3607879638672,55.16176262340184,0.006669356745450714,6.135274000247226,691.4852294921875,647.1683349609375,-0.5018331802971194
2026-01-27,690.5104039402848,692.8480177488461,689.9036431059924,691.8134765625,55506100,0.010663336604416665,0.10399659154690351,58.051903303457905,0.047125650743770064,685.0314095810654,679.0104832892124,685.6184173583985,53.89828349167226,0.006722285837081978,6.0784332420749205,691.8134765625,647.1683349609375,-0.10881951597120354
2026-01-28,693.3652237572153,694.1510864943795,690.271678492269,691.7438354492188,61172200,0.009584845426394612,0.10620508701192631,61.12308244331189,-0.06678938377116916,685.6706882351752,679.5098304327421,685.9949157714843,56.48307844050821,0.006659245564520022,6.025856201934703,691.8134765625,647.1683349609375,0.115875718337215
2026-01-29,692.7087686795362,693.375209936545,681.2098793986574,690.3711547851562,97486200,0.006664498819707589,0.10640967397633336,59.01448028469435,0.03243247853435283,686.1183517161259,679.9357647210721,686.3445556640625,54.88672633617649,0.00667221622170881,6.672418454126151,691.8134765625,647.1683349609375,0.13987228191247736
2026-01-30,688.1330315570439,690.5402826440542,683.487735152998,688.3120727539062,101835100,0.0031931492617362405,0.10604763397998612,52.564957472192205,0.08163269104066995,686.3272775292478,680.2642473890264,686.8443969726562,47.60598374657073,0.006465205871756645,6.74062896548797,691.8134765625,647.1683349609375,-0.00730646158229753
2026-02-02,685.9348095869553,693.2459322689688,685.7756213682558,691.7339477539062,79286500,0.007743966089111069,0.10518946707883504,54.66002659696335,0.12240833117263183,686.8421985030247,680.7140395601982,687.4531646728516,50.27054732221224,0.006530586945958603,6.886282651904326,691.8134765625,647.1683349609375,0.09573930772675521
2026-02-03,692.529690413304,693.2757257351432,680.4140840721383,685.885009765625,107904600,-0.001329567857303013,0.10626863253967869,48.30801823596641,0.22863667917217412,686.7510376708914,680.916822705509,687.5431884765625,45.81854313131522,0.0067023431526670105,7.468186033112683,691.8134765625,647.1683349609375,-0.24164071134634169
2026-02-04,686.7006659106327,687.7948875474046,678.1561081391175,682.5626831054688,105204600,-0.005833469029374254,0.10703894311640834,48.477202526265515,0.26246724416847056,686.3521467598988,680.9813662506056,687.2636749267579,45.88190096686857,0.006645446029671438,7.6074460730119915,691.8134765625,653.6148681640625,-0.6755918836218311
2026-02-05,677.3404209861714,680.0758839506523,672.2176206040476,674.0379638671875,113610800,-0.01586817708389972,0.11206990004841845,36.34822969489308,0.1966768111481616,685.1793674367834,680.7090759610597,686.6688354492187,37.24704764025314,0.007156927115058097,7.984728438329829,691.8134765625,663.2351684570312,-1.4777882763466867
2026-02-06,677.8576866055596,688.6503070282812,677.2508650473027,686.96923828125,89127600,0.0019493420488565052,0.13475042294947362,40.63397192752386,0.29566602072967685,685.3498313267327,680.9545725226359,686.7240417480468,49.25438662092715,0.00844624905405145,8.733603908928997,691.8134765625,665.8832397460938,-1.0961016104937589
2026-02-09,685.7755944360715,692.1915108078678,684.7013472083629,690.2816772460938,73885200,0.0053903968372517675,0.15014081086199793,52.91994003907942,0.19025853186876596,685.8195309381003,681.3203413353206,686.7180755615234,63.8752424887012,0.00838295788301718,8.196456679288994,691.8134765625,665.8832397460938,-0.6037419946084905
2026-02-10,691.276360737094,692.8579216647231,688.0037135108784,688.4613037109375,65185700,0.002871582827798754,0.16159545312281234,46.43808705134396,0.03776974376109643,686.0711283450372,681.6003790755409,686.5668792724609,56.339578866449635,0.00839491472126794,7.750257505943547,691.8134765625,665.8832397460938,-0.3940130748186388
2026-02-11,692.7087599208829,693.4547952732178,685.5368515439336,688.3021850585938,76353900,0.002420129259038584,0.16440119784779697,43.61299944288784,0.03959981561909642,686.2836099368045,681.8631949964449,686.4768585205078,53.00522507939102,0.00838411007214592,7.908699534835486,691.8134765625,665.8832397460938,-0.2655104952860663
2026-02-12,690.5701102294341,691.6742279947084,676.7734344520502,677.668701171875,118829000,-0.00869447174718345,0.17316648421138067,33.16051779000148,0.08996126704116758,685.4631424353827,681.6987050425403,686.0247619628906,43.368957606637686,0.0090101867349622,8.703044725621623,691.8134765625,665.8832397460938,-0.8624996968753074
2026-02-13,678.0864377658819,682.6522007204912,673.9384983110481,678.1461181640625,96267500,-0.007404849368579373,0.1761491509232144,30.919463755644138,0.02790325702643348,684.7662829809713,681.559387910051,685.5030334472656,40.3684578229469,0.008981981134222642,8.977299903566907,691.8134765625,665.8832397460938,-1.1718803830586153
2026-02-17,676.5446598627462,681.31927396984,672.2077222570326,679.2402954101562,81354700,-0.005585905805346691,0.16290961824299643,29.492853357598236,0.1417284316471381,684.2399984504175,681.4684431061336,685.0648620605468,38.57970792738433,0.008997069816609728,9.358127629508333,691.8134765625,665.8832397460938,-1.242744225911549
2026-02-18,680.4041503420104,685.507036973797,679.2204384959671,682.662109375,73570300,-0.0018402058417547767,0.1598200445821009,37.23345495542912,0.2296455697164872,684.0897233003777,681.5152535480499,685.4980590820312,42.22451221283813,0.007770795614205241,9.530069806345434,691.8134765625,665.8832397460938,-1.009018729385649
2026-02-19,680.225062656192,682.5526587813481,677.9471293624403,680.8616333007812,58649400,-0.003960197239911691,0.15673784218158376,38.86419010243857,0.1377220581014691,683.782286157559,681.4896213814905,685.4522979736328,41.91745432285776,0.007362620563665419,8.99790191167916,691.8134765625,665.8832397460938,-0.9276094048377025
2026-02-20,678.7131823752115,686.4122580979458,678.126274472082,685.7855834960938,100034000,0.00241872702165166,0.1530727590230393,43.767932329651124,0.044002964386451904,683.9730763802767,681.6580904840239,685.4746795654297,47.952349104839094,0.007451381713640154,9.08600449273685,691.8134765625,665.8832397460938,-0.5146851328408439
2026-02-23,684.1940214696967,686.3525334522094,676.7734345413753,678.7827758789062,90558100,-0.005990389174034629,0.14900273185904375,34.944039930440795,0.02888756162368522,683.4787620468128,681.5453330485291,685.1344909667969,40.0792752829056,0.0077958702220150035,9.2366322077455,691.8134765625,665.8832397460938,-0.6755846359430092
2026-02-24,678.295350173768,684.7112054782021,676.4053697086953,683.7164916992188,73798700,0.00027081772170394115,0.14472954138200453,41.579882216905254,-0.04775636175681697,683.5014029660896,681.6304765250268,684.8669128417969,48.315271664755706,0.007892692171951607,8.91121750106707,691.8134765625,665.8832397460938,-0.42441031270875423
2026-02-25,686.53156929616,690.0130676270821,686.4519751919497,689.4859008789062,56369500,0.00665094828734423,0.14058105518720085,46.36792002565842,-0.08998686712007398,684.0713551482626,681.9385323820417,684.7505340576172,55.18164774845231,0.00808228932136262,8.672488681036798,691.8134765625,665.8832397460938,0.12617624342196104
2026-02-26,689.615191050754,689.6350440416309,680.7323436648176,685.6561889648438,71671000,0.001744563489410115,0.1349647045815906,49.409223792710264,-0.04761544423257924,684.2222917022227,682.0843228362692,684.4461517333984,59.3529170716176,0.008172481137857991,8.569462814993383,691.8134765625,665.8832397460938,0.22268486539226884
2026-02-27,679.4790749097389,683.2291046432514,678.0367277603054,682.3637084960938,83308900,-0.0020371211290176865,0.12819580213667928,37.79711765454527,-0.1118239867568902,684.0452837778295,682.0952791366544,684.0457794189454,45.61138827788124,0.00822516058678674,8.069971246667999,691.8134765625,665.8832397460938,0.06330440566200776
2026-03-02,675.1123137702438,684.9798583327654,674.4359156260907,682.751708984375,87477200,-0.0014249315529166245,0.11670244901449618,35.30633929756197,-0.10269261140424502,683.9220861784529,682.1210214836238,683.7677612304688,42.40117667783148,0.008208220825638301,8.288098325751557,691.8134765625,665.8832397460938,-0.013371973162464995
2026-03-03,671.4915420947397,679.0016196644848,666.1200629162043,676.7337036132812,105003100,-0.007844874437618865,0.10379827203062308,32.214569064826996,0.024477731574541917,683.2374783151032,681.9097541161594,683.0177490234375,39.089501914142396,0.008313908798921686,9.129343891060548,691.8134765625,670.9115600585938,-0.4429773847557509
2026-03-04,678.026741603972,683.4579005621853,676.0273572426378,681.5082397460938,79182200,-0.0018921541895395915,0.090603897833535,36.496641417186495,0.0486643350674405,683.0727889275785,681.8940084545883,682.7989105224609,44.179277743497494,0.008311444779094755,9.094529576079358,691.8134765625,673.9981689453125,-0.3815068306525071
2026-03-05,678.474445192334,681.9062201445739,672.0386149612469,677.70849609375,106606500,-0.0058852671100711644,0.07229732099707689,41.41586444096534,0.019318983047382332,682.5619038957852,681.7298707149475,682.556201171875,50.03861616714404,0.0083341348781532,8.735016121841413,691.8134765625,673.9981689453125,-0.5617827365642558
2026-03-06,669.8502072585248,672.5359467168151,666.2195382406165,668.82568359375,100687000,-0.015090959266864035,0.06064460625849656,34.92888213439251,0.10697403751246548,681.2536924384485,681.2238241611751,682.2955871582031,42.224111943946546,0.008382606209223667,8.933248653533578,691.8134765625,668.82568359375,-1.2072394417144792
2026-03-09,662.8673651303956,676.3258117079225,658.888509802078,674.6845703125,102667700,-0.00825525637935582,0.06850641773335181,43.939684611083536,0.1495936367320292,680.6280617597868,680.9673828337761,681.6813537597657,46.47914828983429,0.007366156284319805,9.527945095893374,691.8134765625,668.82568359375,-1.1668942049968802
2026-03-10,674.1374043547928,679.7476047325034,671.1930903760745,673.6002807617188,81505300,-0.00903155497866348,0.07696417913986106,41.27312825806753,0.06140585817018729,679.9587492837803,680.678476870166,680.8472839355469,42.73412503046432,0.007243684292346861,9.689939087221878,691.8134765625,668.82568359375,-1.1392542623480957
2026-03-11,673.9982140650914,676.4849986405864,669.7806371390539,672.7548217773438,68441700,-0.009324064723136332,0.08409605788821531,42.171904108022446,0.08109360498052598,679.272660949834,680.3677452978985,680.0619598388672,43.39877142061946,0.007235814672420272,9.832037765005648,691.8134765625,668.82568359375,-1.1031884836380237
2026-03-12,667.6120785283837,668.0995392824933,662.3500644519811,662.5390625,108882200,-0.02006717256153811,0.08466496830150572,29.257688464111418,0.14291474729833653,677.6789849069926,679.6685812666084,678.7738037109375,32.572677331590924,0.007881981962818111,9.983378743541275,691.8134765625,662.5390625,-1.65920846609712
2026-03-13,665.7321452917186,668.7859240392634,657.863924887251,658.7890014648438,97200200,-0.02474165655660795,0.08442039031604158,33.5042865346038,0.12829056709988929,675.8799388648831,678.8497742155588,677.8298187255859,34.24269419922882,0.0072753850487809815,10.079300189339724,691.8134765625,658.7890014648438,-2.1407814183058975
2026-03-16,664.8468199428278,668.5173163233716,663.5934708305671,665.493408203125,82023100,-0.012925057569629608,0.07840841268627204,33.44283567297275,0.06853111936419154,674.8907454685252,678.3259951562477,677.1971832275391,36.028148950965836,0.007713785832587626,10.180905838555507,691.8134765625,658.7890014648438,-1.8783885806701663
2026-03-17,668.8355969918504,670.8747480492216,666.1598145596139,667.2440185546875,87128000,-0.009557197264155668,0.069788595340548,29.640162067735613,0.043921096062860876,674.1624857624454,677.8914078385395,676.5973693847657,31.826972466998797,0.007734642184923182,10.115531832715021,691.8134765625,658.7890014648438,-1.4753059499994414
2026-03-18,664.8268919718373,666.1796881508768,657.6948111200146,657.9335327148438,82062600,-0.019472710192205672,0.06984157204765575,26.056279903763922,0.03353050010081837,672.6168711864833,677.1087460689829,675.3609405517578,29.210773957078473,0.008127978642521795,10.16171090827642,691.8134765625,657.9335327148438,-1.7077027377450604
2026-03-19,653.4971375917409,659.4753776238247,651.7066647804095,656.3121948242188,111272500,-0.019731276667351843,0.06883795871378762,26.89301764787853,0.018930764918215992,671.0640448662676,676.2931950397765,674.1334686279297,29.961728849461792,0.008127144967910891,10.172371739624769,691.8134765625,656.3121948242188,-1.8316274312011798
2026-03-20,654.8230422006715,655.0025723674255,643.063298812559,646.9034423828125,163617500,-0.02893529251461457,0.06824597699429892,22.827020638898336,0.028403013628258478,668.7630351059386,675.1406557198956,672.1893615722656,25.786426434745906,0.008294390874128352,10.36558268998085,691.8134765625,646.9034423828125,-2.37386753459809
2026-03-23,656.3790129905765,660.9173090129275,652.2596206790361,653.6959228515625,134802700,-0.017533914730617387,0.06851661555398207,29.69848333174802,-0.00022663937636335785,667.3280720340932,674.2996858034903,670.9350189208984,34.600336021450545,0.008617687334681235,10.178598444405443,691.8134765625,646.9034423828125,-2.1105391510130502
2026-03-24,649.6463809650626,655.3417305137531,648.2100787416998,651.5015869140625,96457500,-0.01917823859112051,0.0683395255031261,26.061962998339514,0.00412407534578807,665.8207877369474,673.4056427097873,669.3242736816406,29.225357766747834,0.008349579455570794,10.157249048155856,691.8134765625,646.9034423828125,-1.9248074378014906
2026-03-25,656.9774239230809,659.1917509309695,652.5588148295345,655.1322021484375,90653800,-0.013327149976554745,0.0677096235004666,31.454795555896762,-0.01574472777781888,664.8028272047084,672.6890371975776,667.6065887451172,34.332961730562005,0.008177020716896796,10.001717536268716,691.8134765625,646.9034423828125,-1.4213263764560677
2026-03-26,650.3844333840033,653.1672421520028,643.1630473705688,643.432373046875,96494400,-0.024923114783195022,0.06634464702438074,28.22736164762047,-0.013404388524917765,662.7675458563433,671.541717034805,665.4953979492187,33.0411225589544,0.008852295920084801,10.036017316606944,691.8134765625,643.432373046875,-1.7201931412165683
2026-03-27,640.8489947137006,641.0085567819559,631.4831091918358,632.4606323242188,103649400,-0.03384619590413051,0.06779634961058666,19.22542167820656,-0.06961191790848553,659.8811731389981,670.009125477527,663.000244140625,23.603493603073886,0.009381627385794025,9.644014598692284,691.8134765625,632.4606323242188,-2.455903322134337
2026-03-30,638.4651675144013,638.7245091624994,627.6630399662237,630.3460693359375,99275900,-0.03366148454388339,0.06821442101797758,19.2880613427943,-0.034927759927729896,657.0683061101352,668.4537115111902,660.3799621582032,23.303309412141417,0.009327515868237959,9.823082801538485,691.8134765625,630.3460693359375,-2.856009458374073
2026-03-31,637.2981538716512,649.865752001465,636.3405988140365,648.6688842773438,152534100,-0.007715092083339809,0.10636173178790491,25.165771417590413,0.05722157975742981,656.2683611736788,667.6778359333923,658.9767211914062,37.772120394837955,0.01180395564879184,10.738462884680985,691.8134765625,630.3460693359375,-1.7140161190364083
2026-04-01,652.219751792706,656.8278752918841,651.3220400966815,653.5562744140625,97841500,-0.0025213420869102244,0.13016150453191958,30.45363706212123,0.05762344987027368,656.0100671965725,667.1240492071441,657.5791229248047,45.17880869330496,0.01182388021364763,10.578051005336533,691.8134765625,630.3460693359375,-0.5188407157288726
2026-04-02,644.7589215344626,656.5086804928782,643.4522901873171,654.144775390625,68358700,-0.001758695106165486,0.14676819881977313,32.40874298387125,0.06919978092785417,655.8324203579109,666.6150580770845,656.4009368896484,47.41981316017023,0.011810214103016243,10.730507516304296,691.8134765625,630.3460693359375,0.3738525851217549
2026-04-06,654.1746977251443,658.0247645183308,653.8356054757206,657.23681640625,39105800,0.001367148864181601,0.15664978202244184,31.916425926381255,0.07163395738268896,655.9661723625146,666.2472838939145,655.8214935302734,45.22107762092501,0.011574667630270567,10.334853529453037,691.8134765625,630.3460693359375,1.1890774971709916
2026-04-07,654.9626585699763,657.9150134208243,649.386996170508,657.5260009765625,69980400,0.0015647416018363036,0.1595165567103539,32.210927157981686,0.07497986268925372,656.1147274686144,665.9052727991165,654.9635650634766,44.278408159862465,0.011360136063945404,10.55961620118301,691.8134765625,630.3460693359375,1.7314293884489702
2026-04-08,674.6519776493207,675.3402070755335,669.734652974974,674.27294921875,93606100,0.016325270465920572,0.17104927699386677,38.46702949609832,0.03832116089342108,657.8440819210083,666.2334169724354,654.9971984863281,58.8454536142767,0.012830599117839951,11.149973248632875,691.8134765625,630.3460693359375,3.1206685257953595
2026-04-09,673.1059235004034,679.4096297331154,672.0386657215836,678.162841796875,57134400,0.018401323997493002,0.1766071274149463,40.645447711338,0.05138107314602003,659.7792019091861,666.701237553786,655.2675994873047,61.545417546276674,0.012886766113263191,11.121562617784061,691.7438354492188,630.3460693359375,4.140274079985801
2026-04-10,679.5692561407437,680.2774536083281,676.7066358948267,677.7140502929688,42253500,0.01712265983027189,0.17841145236338526,47.45224311983,-0.0279796836333569,661.4872827076416,667.1331125631657,656.0263488769531,67.98232833643131,0.012355913268979144,10.430271310772744,691.7339477539062,630.3460693359375,4.588429852999866
2026-04-13,675.669302461078,684.536473353906,674.8414790590384,684.3369750976562,54185800,0.021977194497470046,0.17223200041741168,47.91767113839593,-0.02061694431973926,663.663443887643,667.8077738390281,657.3037475585937,67.9188335445184,0.012386459271934543,10.121780429683643,691.7339477539062,630.3460693359375,5.095761362047687
2026-04-14,685.9229138241225,692.7952238870419,685.8929616905456,692.675537109375,63480500,0.02799416039869574,0.1673508829455203,51.50262575606376,-0.03248970750011515,666.4265003849508,668.7829802417868,658.6628540039062,72.46412235296626,0.01246431866678624,10.216537359493097,692.675537109375,630.3460693359375,5.711461607587699
2026-04-15,693.4734516118131,698.480571570673,692.4161778504387,698.1414184570312,58240400,0.030710247478453665,0.1599525180795363,52.306131975895006,-0.09413137731346632,669.4469687727681,669.9342915443455,660.2077239990234,73.00473177366099,0.012531930677277144,10.100410909730758,698.1414184570312,630.3460693359375,6.166463908253995
2026-04-16,699.2585607342904,700.9741726960574,696.7350934539525,699.8569946289062,49972400,0.031153206599995553,0.1533720784322331,63.78685696199645,-0.14146393044553385,672.3431617114479,671.107730880995,662.3038970947266,83.78929793512913,0.011931816080299681,9.548262657176208,699.8569946289062,630.3460693359375,6.243501544337363
2026-04-17,704.3255249385737,710.5594650064761,703.9464965121796,708.3152465820312,70661900,0.03684373934868321,0.14533947907233807,74.07860893667194,-0.09310067798099231,675.7690745562654,672.5668491437807,664.9040496826171,96.83463496327248,0.012014084550126739,9.459205980214108,708.3152465820312,630.3460693359375,6.495671424159696
2026-04-20,706.9587079747221,708.0857482546458,704.3254772575062,706.8988037109375,43546800,0.03397827611708738,0.13991773353775602,79.980124123311,-0.11536467096795133,678.7338106662341,673.9132003032771,667.9038177490235,97.67668166889673,0.011326195866155032,8.95408456080334,708.3152465820312,630.3460693359375,6.199406735982029
2026-04-21,708.4548936431559,709.4523240430285,700.8345107773317,702.2708129882812,58941400,0.025403556088255348,0.13635630431391454,73.31308757590953,-0.19978958467018204,680.9754299350005,675.0252635458263,670.3325622558593,90.24871125516049,0.011491521172253162,8.175379603672573,708.3152465820312,630.3460693359375,5.355841386945921
2026-04-22,707.3278031045794,709.6218808832724,706.4001392457644,709.3825073242188,42518500,0.030839851579717643,0.1296489338199017,74.29507403948917,-0.19630291460731764,683.6808658768308,676.3726064390967,673.2266082763672,90.56391234199643,0.011454111183916465,8.117670809419062,709.3825073242188,630.3460693359375,4.95045190468007
2026-04-23,707.6768673789517,710.5295037064266,700.4754491270062,706.6295776367188,56174000,0.024701659161202327,0.11879512411764868,70.9672143636023,-0.17228730070469622,685.8664574730107,677.5591543291995,675.8014770507813,86.97304729858138,0.011594191632617925,7.903218257551869,709.3825073242188,630.3460693359375,4.200133412483652
2026-04-24,708.9236633096505,712.6340752101273,707.1881441382454,712.10546875,45182000,0.03143123827590052,0.12565282078330245,79.65115563705761,-0.15078651291995482,688.365410927962,678.9139117574662,679.2351318359375,87.39635557670644,0.01042520814582911,8.03288529546604,712.10546875,630.3460693359375,3.788524200284984
2026-04-27,711.3374146094498,713.7911152864904,710.4696550399041,713.332275390625,33135900,0.034221657935323294,0.15157210252284628,91.62254287075739,-0.14441411463051212,690.7432075434537,680.2636515077861,683.2787139892578,87.55540914871175,0.009080897450863271,7.660988366628187,713.332275390625,630.3460693359375,3.330987180554338
2026-04-28,709.9908768700561,711.0481506026886,707.4274735730012,709.8612060546875,43117400,0.02589226721465992,0.17091168619792788,82.06504260147072,-0.16697242667644552,692.5639693064282,681.4243399213901,687.2544708251953,79.15984860911627,0.009169943451942008,6.810316632246246,713.332275390625,630.3460693359375,2.5612488841470906
2026-04-29,709.1729992133655,710.3699278433978,706.5497524472755,709.7515258789062,41859200,0.028411645616199275,0.20319752864583784,98.41243646067514,-0.19229431348769643,694.2008794561881,682.5352099589398,690.3086029052735,77.59198857826479,0.007471200657275172,6.5566888740027105,713.332275390625,630.3460693359375,1.8448582283816215
2026-04-30,712.7936806635566,717.9403946619685,708.6244289610544,716.8132934570312,67240900,0.03689877041290203,0.22529175747416907,101.24629633078933,-0.11845322242846923,696.3544426943637,683.8794485274925,693.4714538574219,80.61542255459717,0.0075414034371194556,6.967056587389338,716.8132934570312,630.3460693359375,1.6529194589753011
2026-05-01,719.3966516418469,723.0073446973263,718.6186267345964,718.7982177734375,43049800,0.03670494724020521,0.24180316968610696,99.86581872643204,-0.1638136262023211,698.4919450828469,685.2488120273335,696.7041259765625,79.09719352022584,0.007503898214851223,6.716989226348444,718.7982177734375,630.3460693359375,1.471999104743869
2026-05-04,718.2196821209096,720.2644021704073,713.152718877996,716.1649780273438,51950600,0.02798428681359715,0.2531138298489973,88.16431116409123,-0.13577652651121797,700.1750910775609,686.4612106940007,699.6505340576172,71.94776576488206,0.007736210370031727,6.620805976564562,718.7982177734375,630.3460693359375,1.0093935982975353
2026-05-05,719.9153564929043,723.1769124909786,719.6360467603954,721.9102172851562,36933200,0.03437588590012946,0.262413550691413,88.49973280668698,-0.017888914802194122,702.2451030973318,687.8513678152225,702.8697448730469,72.09345073299143,0.007721279667302498,6.688487458236027,721.9102172851562,630.3460693359375,0.9268781848431331
2026-05-06,726.288861980811,732.7023927493656,725.9497697512824,731.9443359375,53288900,0.05621803400218711,0.26863160159853694,111.8607123809167,0.09149082674804276,705.0736014630621,689.5805038200177,705.7533142089844,75.83103956226888,0.006405303179947917,7.156565759814912,731.9443359375,630.3460693359375,1.3585151929141368
2026-05-07,733.161188473549,734.238430329629,727.8748196364371,729.7001342773438,51724600,0.04502688459208414,0.26737463829607855,98.82627294816356,-0.01728267525148508,707.4189855406128,691.1538226614815,708.3301788330078,69.12917667613016,0.0065884585323232,6.846647210930769,731.9443359375,630.3460693359375,1.3031158039274118
2026-05-08,733.0415191543954,736.1834492768152,732.6824588199246,735.724609375,47227100,0.051447120288813965,0.26643884718517785,105.30883618651339,0.045819396096151266,710.1147592391259,692.901696650247,711.2307067871094,73.82139376857413,0.006580235534075567,7.0247576162840835,735.724609375,630.3460693359375,1.4700731332783903
2026-05-11,734.5576163199453,738.8864300819614,734.5576163199453,737.4002685546875,44024000,0.05018447700288414,0.26210227661228375,116.65980333280092,0.014740581835385624,712.7133791739412,694.6467386857153,713.8838714599609,80.51991299432511,0.006454529294233061,6.7184005088783225,737.4002685546875,630.3460693359375,1.4867653005356711
2026-05-12,734.9964788307154,736.9414802248905,729.9494836014034,736.2831420898438,54185300,0.04453477237905979,0.25442212052570684,113.60763615330461,0.005537230636145862,714.9581184992653,696.2795388192105,716.0642517089843,76.0881815340613,0.006236733276324897,6.725523155899249,737.4002685546875,630.3460693359375,1.2267814500833794
2026-05-13,736.5723674930287,741.9983910774667,733.5800764180441,740.4025268554688,44200200,0.04825493368797423,0.2420570692547884,123.16509844322363,-0.07655643614793739,717.3813954855704,698.0098520755344,718.1773071289062,81.90727713066543,0.006164139697444965,6.608684590185127,740.4025268554688,630.3460693359375,1.1383970450858776
2026-05-14,741.7391534739264,747.6040491923611,741.649357949993,746.2474975585938,45307600,0.05346310586462987,0.23080660402839812,120.92868594986115,-0.02226795791113123,720.1305480639535,699.9015244474191,720.4968322753906,82.03257870667827,0.006259908000318193,6.694186359005398,746.2474975585938,630.3460693359375,1.2697293307321242
2026-05-15,739.8838927249178,741.5496453663399,736.0637780312098,737.2706298828125,60410800,0.029200959351657414,0.2124545781693249,94.60254842048555,0.022718238640888844,721.7629368086067,701.3669795625326,721.9446014404297,69.60786862429059,0.006766884134468466,7.184347736205227,746.2474975585938,630.3460693359375,0.5831020572148802
2026-05-18,737.9289136337939,739.5147938000424,731.5054597381557,736.751953125,47843900,0.02552444434150429,0.1976966127557722,99.56115694951892,0.09172882120462655,723.1904621720728,702.7546255845901,723.4372589111329,73.14563037429919,0.0067324068132784,7.3346714679382945,746.2474975585938,630.3460693359375,-0.04175930822976426
2026-05-19,732.8919551385734,735.7545755811656,729.650306265128,731.8446044921875,54255900,0.014683176711809652,0.177071997591094,91.73467131155188,0.1254235709735685,724.0146662025599,703.8954090711626,724.9159484863281,67.56541664685153,0.006740142394251856,7.569062286777556,746.2474975585938,630.3460693359375,-0.8751303422021071
2026-05-20,733.8195334397973,739.9636778498481,732.0042028263388,739.3452758789062,45768000,0.025900725755428247,0.15122017229640222,91.83484258036168,0.13238419452781325,725.4747242669738,705.2855999263683,726.4140869140625,67.7902130792985,0.00674787108602836,7.483569976545157,746.2474975585938,630.3460693359375,-1.0016590609031901
2026-05-21,736.7419902854853,742.9559620700644,735.1361419849363,740.8114624023438,43332200,0.026399753184467443,0.11368357142473375,93.38728255241307,0.13526811400777894,726.9353659941519,706.6787710038575,728.1231811523437,67.52418981020341,0.006600468965440291,7.599696322604659,746.2474975585938,630.3460693359375,-1.061343608393324
2026-05-22,744.3224328967863,747.015507083493,742.566945697205,743.7239990234375,41762000,0.02923032515827568,0.08497279094934451,100.71911509109717,0.04878901605182051,728.5342834255124,708.1315250438411,729.7041076660156,71.841915588342,0.006491485144768695,7.534864993228804,746.2474975585938,630.3460693359375,-0.9812810606856672
2026-05-26,748.0827892360243,750.1973368284331,746.4469887578754,748.6613159179688,41123600,0.03450374597457001,0.07073584056629956,98.92531957316422,0.02204902238561557,730.4511436628892,709.7209286075324,731.4705596923828,71.47663437829532,0.00656532881469365,7.4963938033260025,748.6613159179688,630.3460693359375,-0.6863714672821573
2026-05-27,748.9505199197505,749.4492351039673,746.2973210478585,748.5316162109375,42106300,0.03176919321465373,0.048159357730673105,93.61236255025115,-0.08170119596628345,732.1730934293699,711.2429163566856,733.4040802001953,65.83507552609561,0.006371459791654476,6.950660845604538,748.6613159179688,630.3460693359375,-0.5940603387411336
2026-05-28,748.3221518516883,753.2095851254732,747.3047533704411,752.6609497070312,41562600,0.035830748495787976,0.046403271444568385,100.9761155325155,-0.07558946557162238,734.1243178367663,712.86715295866,735.5495513916015,71.15804274465691,0.006365098484089598,6.91789092145027,752.6609497070312,630.3460693359375,-0.36041757206307246
2026-05-29,753.9576670103595,756.1320579864754,752.7507543048832,754.5361328125,55075700,0.036694664381974745,0.04415908359201993,100.5780705507928,-0.11802616656477971,736.0683002154076,714.501230599987,737.435693359375,68.76986862651,0.006148755102119552,6.702733298591178,754.5361328125,630.3460693359375,-0.19347195982674315
2026-06-01,753.4189990020213,758.3264003155792,752.7507376917755,756.5908203125,43634900,0.03663444701132519,0.04130415436777094,100.47792929604226,-0.0986177008241762,738.0228259389402,716.1518027455758,739.3253234863281,69.00431320023016,0.006148691485703546,6.791793931576008,756.5908203125,630.3460693359375,-0.0651858838782502
2026-06-02,755.0847737682097,758.4461093852723,754.805464031348,757.6182250976562,31581900,0.03568758525945329,0.03477721137538078,105.99020444690156,-0.1302963432687243,739.8890544302465,717.7779369554613,741.3979858398437,71.16564417177915,0.005980411610852379,6.5196411030503,757.6182250976562,630.3460693359375,-0.03326603552549834
2026-06-03,756.2018667594974,756.8501599793441,751.6336185743088,752.3018798828125,51402500,0.02153673202307498,0.023960792866387182,87.44375035866666,-0.08702137126582443,741.0712282828717,719.1318170702594,742.9175689697265,61.53100007215784,0.006233913185296851,6.345804807616356,757.6182250976562,630.3460693359375,-0.46818744772084386
2026-06-04,750.1673635570705,756.3614281257201,749.5389775481502,755.1445922851562,49923000,0.02694997056947946,0.027665826612090102,92.95170881353216,-0.08661059777820657,742.4115486640417,720.5440827649613,744.0775817871094,59.15433695897912,0.0056030381129243915,6.318728253379033,757.6182250976562,630.3460693359375,-0.6511575287281346
2026-06-05,750.3768677170906,750.8855669656407,733.6400171295905,735.65478515625,93989400,-0.008777147338700934,0.06018941820572872,51.79416030064538,0.06335139423602532,741.7680473775853,721.1366593293257,744.3753143310547,48.63314002957382,0.008268682146931395,7.127360798249161,757.6182250976562,630.3460693359375,-2.0903429063880825
2026-06-08,741.4498108327123,743.4247643242134,736.2931129658897,737.3204345703125,49319100,-0.005907681418089943,0.07579978857049395,54.9318258656195,0.04689042272839816,741.3444652054641,721.7713171819134,744.4551055908203,50.47173060404208,0.008076876426700694,7.110264020111775,757.6182250976562,630.3460693359375,-2.88659909153259
2026-06-09,741.7191759970133,744.9807928982774,720.7332622187009,735.1560668945312,87683500,-0.008190625495044937,0.08748839683295798,57.30095542971593,0.27844000543740055,740.7550939377562,722.2962093275063,744.3428955078125,52.878936616168325,0.008088358285494972,8.334970007233526,757.6182250976562,630.3460693359375,-3.475982249267396
2026-06-10,731.5054857614351,736.4826536495077,723.4661992814284,723.56591796875,60341300,-0.02090200127433256,0.10505980797957208,36.945888415250636,0.36858652288288263,739.1180295597557,722.3460018232414,743.7070343017579,37.192366416751796,0.008812860677020138,8.68478293654915,757.6182250976562,648.6688842773438,-4.498413834546756
2026-06-11,726.8873842592473,738.0984921563339,722.5485255148498,735.8642578125,86330500,-0.003620732860985033,0.12871642663897037,42.3304519759961,0.46183470654297665,738.8081465362075,722.8761295090947,743.4801208496094,46.58500393090041,0.0095855223282539,9.236936262003155,757.6182250976562,653.5562744140625,-4.203913891009931
2026-06-12,738.8066884479139,742.5270843334097,733.1412911200548,739.843994140625,57079500,0.0011579020128243806,0.14528823664304508,43.2362673989666,0.32786935896782965,738.9067986890092,723.5415359652332,743.159945678711,47.360567197791795,0.009489807553111235,9.464204014303553,757.6182250976562,654.144775390625,-3.620717224563463
2026-06-15,749.9179969688896,754.7356026867302,749.8282623277308,752.890380859375,60176400,0.014913634176066285,0.164365488032192,45.889582508417895,0.41563084560138774,740.2385684195202,724.6924710591211,743.9409332275391,52.59102756348651,0.009884419231631388,10.065509067239955,757.6182250976562,657.23681640625,-2.3002783845923656
2026-06-16,752.6111046530555,753.4988323298886,747.9531216783239,748.4019775390625,67093100,0.008561977056722557,0.1806519067678661,42.88549240227328,0.22813813720507436,741.0160359547148,725.622255626962,744.5234344482421,49.924601067228586,0.010003987330826728,10.236494538343948,757.6182250976562,657.5260009765625,-1.700756555012486
2026-06-17,749.3594421826946,750.217278570044,737.3204502885575,739.0560302734375,85945200,-0.0019896023528611826,0.19657671345305033,35.35816908396318,0.23617630286197766,740.8293687469741,726.1490703189806,744.8840057373047,42.53994539407233,0.010313763671082114,10.735922861662118,757.6182250976562,674.27294921875,-1.8906402042969468
2026-06-18,747.760009765625,748.22998046875,743.8599853515625,746.739990234375,80875700,0.005955954734429004,0.20928593593439238,37.96745727218313,0.20638146639966126,741.3922850791075,726.9565573744864,745.2537414550782,45.98111692554753,0.010321145869074422,11.143268712795573,757.6182250976562,677.7140502929688,-1.4742358540511562
2026-06-22,747.7000122070312,750.1799926757812,743.1300048828125,744.3900146484375,46628100,0.00299396783061756,0.21871851645971732,35.80233337529223,0.188539219616344,741.6777831333294,727.6402223656218,745.4326690673828,43.72961870430481,0.010347331578032706,11.248577653450216,757.6182250976562,677.7140502929688,-1.3366327793455852
2026-06-23,733.8099975585938,739.6300048828125,732.2999877929688,733.5800170898438,66846800,-0.0077158236898877235,0.22881103125370564,30.254843297418127,0.17749681853006205,740.9065673196641,727.8731554920619,744.9254699707031,38.774722618716446,0.010817773319653898,11.852104903560539,757.6182250976562,684.3369750976562,-1.9178427050885318
2026-06-24,735.1699829101562,739.9500122070312,730.8400268554688,733.239990234375,57439500,-0.00737500366933277,0.23463182742359817,32.00213531716861,0.17963685744188185,740.1764171210651,728.0836195996036,744.1544036865234,40.66467312157596,0.010682311432632517,12.075346248433041,757.6182250976562,692.675537109375,-2.2465824871020006
2026-06-25,738.9099731445312,739.3699951171875,729.5999755859375,734.2999877929688,53934400,-0.0056267615674956,0.23623667969818318,31.004474187956617,0.14437175511519484,739.6167571850559,728.3273987444414,743.442822265625,39.610191271925444,0.010694918021373186,12.285886887981624,757.6182250976562,698.1414184570312,-2.3053790882772414
2026-06-26,728.9500122070312,736.530029296875,716.5800170898438,728.989990234375,71034000,-0.010165793420465976,0.2344253043770358,36.02563807923782,0.0925740903467498,738.6046841421339,728.3533827244388,742.2592742919921,46.13109958744389,0.010671926402026067,12.17484667737202,757.6182250976562,699.8569946289062,-2.593162100017588
2026-06-29,736.530029296875,741.5599975585938,732.0900268554688,741.0,58035200,0.0021445261642379847,0.23251340287503647,37.94949619573643,0.11282565823340107,738.8328094619307,728.8493284999511,741.5824676513672,51.906959265735594,0.011384379199809306,12.517705831390263,757.6182250976562,702.2708129882812,-1.898150550976693
2026-06-30,741.2899780273438,748.02001953125,740.8900146484375,746.77001953125,55626000,0.00700505447679069,0.22669211749340323,40.257857793564675,-0.04700257808699371,739.5887342304372,729.552100697257,741.0914276123046,55.80216361062814,0.011523322208717249,11.295025417335694,757.6182250976562,702.2708129882812,-1.0174713949263023
2026-07-01,745.0,749.4400024414062,742.3800048828125,745.760009765625,47100900,0.005448528912384851,0.21302029066523662,45.06919044858491,-0.09985486187871029,740.1764747575979,730.1877049744479,740.4985168457031,62.39854502207426,0.011515144857226895,10.869564216658157,757.6182250976562,702.2708129882812,-0.49695264361475777
2026-07-02,747.4000244140625,751.3099975585938,740.030029296875,744.780029296875,57447800,0.004094665255420229,0.19503871967936315,40.555721669520736,-0.14010568152603364,740.6149085232433,730.7599529870921,740.1224243164063,55.70175507075085,0.011421369370196013,10.564564332389198,757.6182250976562,706.6295776367188,-0.2264128544165569
2026-07-06,748.739990234375,752.4099731445312,747.4099731445312,751.280029296875,50673300,0.009353920937310328,0.15801732241255034,41.03969395068773,-0.14256443656447715,741.6306343112083,731.5646618619855,739.9291961669921,57.085109955183,0.011570214605700579,10.439146520553582,757.6182250976562,706.6295776367188,0.3511337410418789
2026-07-07,750.219970703125,750.9600219726562,745.2100219726562,747.7100219726562,43721500,0.006163072807347088,0.14588062167171356,38.55728630573989,-0.21638738921601053,742.2096236122985,732.1978132388746,740.5319580078125,46.36355456917494,0.009962909492880938,9.809032147561693,757.6182250976562,709.7515258789062,0.4473856611884237
2026-07-08,743.1599731445312,746.1500244140625,739.510009765625,745.4000244140625,43767400,0.0032192465153113694,0.12880447831349542,39.604569752055475,-0.1147762181691655,742.5134713077047,732.7155470104506,740.9359375,47.826244526276525,0.009995067629772807,9.998625115809302,757.6182250976562,709.7515258789062,0.31631691558481245
2026-07-09,747.3499755859375,751.969970703125,745.5900268554688,751.7100219726562,41441700,0.009188186288122327,0.107547437476201,48.91239021269672,-0.12170306157605693,743.3893332757953,733.4604283815174,741.7636352539063,59.58432764131501,0.010107742541418096,9.546704973493304,757.6182250976562,709.7515258789062,0.5990258211111654
2026-07-10,752.0499877929688,755.4199829101562,748.0999755859375,754.9500122070312,42191300,0.012534789822168713,0.09705820532832661,50.55806334797543,-0.10888133324738503,744.4903503168654,734.3031571589886,743.3328399658203,56.667225106392685,0.009302973147082068,9.414280482700892,757.6182250976562,709.7515258789062,0.928976477826958
2026-07-13,752.469970703125,753.9099731445312,748.0,749.1699829101562,44013600,0.005343984463266289,0.10025614501851446,50.4690919279063,-0.09885934152777964,744.9360296114645,734.8861699335442,743.9981262207032,53.67689521024713,0.008857068936028105,9.407139369419642,757.6182250976562,716.1649780273438,0.693486890941319
2026-07-14,750.9099731445312,753.3400268554688,748.6599731445312,751.8300170898438,35143100,0.007925436302236672,0.10368748083658308,62.57477018858212,-0.09493052527220702,745.5925998475007,735.550634527909,744.5974273681641,66.0509838614091,0.008817326332339167,8.877855573381696,757.6182250976562,716.1649780273438,0.6529796036813109
2026-07-15,754.239990234375,755.5800170898438,750.2000122070312,754.8099975585938,43844800,0.011776718892882353,0.12115987969409574,71.81693540629294,-0.13873874684765686,746.4704472485571,736.3059036663673,744.693408203125,68.1290878591545,0.007932461851326957,8.611428397042411,757.6182250976562,716.1649780273438,0.7557368554392561
2026-07-16,752.760009765625,754.5700073242188,747.8800048828125,750.719970703125,46409800,0.005443292740172032,0.13643088402721398,66.75489527886847,-0.11921764008795388,746.8751637680398,736.8711611972205,744.8093078613281,63.131767234941115,0.007911320377168187,8.4085693359375,757.6182250976562,721.9102172851562,0.4899890120539254
2026-07-17,742.0800170898438,747.2899780273438,740.7999877929688,743.2899780273438,62651000,-0.004713311267846921,0.15193743312647504,66.23616843750109,-0.18292867033124782,746.5337175070212,737.1228795042842,745.0210052490235,61.061239982890534,0.007711600299186475,7.692138671875,757.6182250976562,723.56591796875,-0.2070653447156361
2026-07-20,747.0599975585938,748.72998046875,741.510009765625,742.0900268554688,50422300,-0.00615165662596701,0.16893501097924984,58.23626071675749,-0.22293133843612767,746.11050887354,737.3176695964876,744.7885070800781,51.01247121438719,0.007343963901194531,7.309993198939732,757.6182250976562,723.56591796875,-0.7398548889970975
2026-07-21,746.2899780273438,749.0399780273438,744.1799926757812,748.280029296875,34324300,0.0029255222818081856,0.18072430108106946,57.163903053012206,-0.1780523844670434,746.3171298662386,737.7475660553263,744.9830078125,51.39171406970046,0.0075547274292579285,7.297132219587054,757.6182250976562,723.56591796875,-0.668460868575298
2026-07-22,746.6199951171875,750.02001953125,746.3699951171875,747.4099731445312,32836200,0.0016567963780099552,0.19698149087251013,64.44301572833155,-0.1809067689994457,746.4212101784569,738.1264839803931,745.6745056152344,51.52463681800801,0.006720972217312804,7.053562709263393,757.6182250976562,723.56591796875,-0.6711517756354879
2026-07-23,739.3699951171875,742.5599975585938,735.2100219726562,738.1799926757812,55437300,-0.011462394230512811,0.20409150125935055,51.24637335053227,-0.1533309068586277,745.6363323210593,738.1285823606045,745.9215057373046,44.708120821331356,0.007349194829637753,7.119275774274554,757.6182250976562,723.56591796875,-1.2521177670920065
2026-07-24,738.510009765625,743.719970703125,737.2899780273438,738.9299926757812,44782000,-0.009363635954929677,0.20884562178455623,44.94356948833611,-0.08561646164797854,744.9976333072233,738.1600102161016,746.1530059814453,39.09200980270599,0.00734648628456485,7.033564976283482,757.6182250976562,723.56591796875,-1.5253273129950378
2026-07-27,744.9099731445312,745.530029296875,735.8699951171875,739.0900268554688,41461200,-0.008527069267473566,0.21289541433043405,49.759878795002294,-0.002735670531514467,744.4350041213419,738.1964814568611,746.6580078125,41.89851198329566,0.00712801532438787,7.289995465959821,757.6182250976562,723.56591796875,-1.6254926961009852
2026-07-28,739.1900024414062,742.7899780273438,735.97998046875,740.8599853515625,47322200,-0.006018437763885323,0.21702565612602198,63.25774312727458,-0.014584292983515823,744.0945261432677,738.3009325899867,746.6510070800781,45.68929347158379,0.0061122135741762534,7.190708705357143,757.6182250976562,723.56591796875,-1.5055000800362857
2026-07-29,739.969970703125,742.6799926757812,729.0999755859375,729.4600219726562,70697200,-0.022428935838772292,0.20969747695985316,38.66843441802895,0.09043165352014126,742.7007638413047,737.9542302128365,745.7855072021484,30.735930735930737,0.006725822539285924,7.691428048270089,757.6182250976562,723.56591796875,-2.090849213983052
2026-07-30,736.0499877929688,742.4500122070312,734.5900268554688,741.6900024414062,66811300,-0.00133474268339351,0.19282986575786723,43.42574492699217,0.13725427758021924,742.6045008508382,738.1007310845451,745.5820068359375,40.06591871001255,0.007827188521966698,8.096426827566964,757.6182250976562,723.56591796875,-1.5748346424575546
2026-07-31,744.6799926757812,748.9000244140625,737.6799926757812,747.030029296875,62445900,0.005734591648407113,0.17218299534403367,51.49062894109093,0.1944765209371171,743.0259797504608,738.4508996418914,745.6945068359375,48.38615836554634,0.007995662933744735,8.40142822265625,757.6182250976562,723.56591796875,-0.8316683505209154
2026-08-03,749.4400024414062,758.5800170898438,748.7999877929688,757.6699829101562,59927500,0.018116885367469464,0.14264604111863693,54.896762163280734,0.21977274766019805,744.4206467180509,739.2045891818234,746.0140045166015,53.93105352333028,0.008391278016993808,8.892137799944196,757.6699829101562,723.56591796875,0.3550387185503258
2026-08-04,760.6300048828125,773.4099731445312,760.52001953125,771.3300170898438,69154800,0.03058085385398175,0.13340746045592378,56.03492775142022,0.33952537201947885,746.9834438963169,740.4644098840987,747.1950042724609,59.722238186645825,0.009158119666386043,9.632136753627233,771.3300170898438,723.56591796875,1.9494646896481926
2026-08-05,775.8499755859375,776.8499755859375,769.510009765625,769.7899780273438,44689100,0.026076524312333083,0.12203981139680944,58.29062112934751,0.25612831440816364,749.1554947659384,741.614432164226,748.414501953125,61.570206005754684,0.009131915419697706,9.661420549665179,771.3300170898438,723.56591796875,2.7413821371020592
2026-08-06,770.2100219726562,771.8200073242188,767.4600219726562,768.5599975585938,38416900,0.02255075302219636,0.10647791258743858,64.22510887064821,0.14424277081899683,751.0035426509532,742.6711210032208,749.2570007324218,66.5792103948026,0.009013138768087913,9.264277866908483,771.3300170898438,723.56591796875,3.0023282186171016
2026-08-07,771.02001953125,773.9199829101562,769.6099853515625,773.260009765625,43557000,0.02583041636478589,0.10022116707130888,67.19194527847809,0.08688922030464652,753.1232061856839,743.8706852684131,750.1725006103516,69.55211034871425,0.009055416573386979,9.131421770368304,773.260009765625,723.56591796875,3.288387875505856
