Date,Open,High,Low,Close,Volume
2019-08-08,47.888281812721345,48.684825611688794,47.694528606203654,48.66090393066406,108038000
2019-08-09,48.33434822690377,48.68490825834056,47.8517227401758,48.25991439819336,98478800
2019-08-12,47.93097076329877,48.51444257030938,47.81811826695935,48.13746643066406,89927600
2019-08-13,48.26712420599327,50.9371579045492,48.13746218750722,50.17600631713867,188874000
2019-08-14,48.780960598066514,49.56852452960049,48.644095544305394,48.68251419067383,146189600
2019-08-15,48.852997569788144,49.256382389403456,47.942974606430376,48.440006256103516,108909600
2019-08-16,49.04989601880567,49.74141717055693,48.944246546865365,49.582942962646484,110481600
2019-08-19,50.57219353284465,51.07882804853604,50.43052887765902,50.50736618041992,97654400
2019-08-20,50.634624409226056,51.22769905454453,50.50016279412302,50.509765625,107537200
2019-08-21,51.141249340489736,51.29971983499902,50.80749515702679,51.05720901489258,86141600
2019-08-22,51.189283823360064,51.48942268562583,50.60341217800857,51.01400375366211,89014800
2019-08-23,50.286449641445806,50.91554301125543,48.26231548209122,48.656097412109375,187272000
2019-08-26,49.42926093993379,49.748609076351144,49.23717136701609,49.58053207397461,104174400
2019-08-27,49.90949029926712,50.07516753420753,48.86980886104783,49.021080017089844,103493200
2019-08-28,49.0066681246404,49.39564686397116,48.81938179356974,49.35002517700195,63755200
2019-08-29,50.063148791485034,50.26004159092135,49.621345384100835,50.185604095458984,83962000
2019-08-30,50.461749711640046,50.531380318643734,49.75101924277267,50.120792388916016,84573600
2019-09-03,49.56612247903739,49.69818428979416,49.03547910827453,49.39084243774414,80092000
2019-09-04,50.03674646797927,50.2984666588224,49.77982952447207,50.22883605957031,76752400
2019-09-05,50.90353845367969,51.376557476754485,50.785882729793876,51.210880279541016,95654800
2019-09-06,51.395778829958495,51.484618759601176,51.02600570478871,51.20608901977539,77449200
2019-09-09,51.58545739982879,51.96963654756328,50.68024137405337,51.424583435058594,109237600
2019-09-10,51.3501518092004,52.05127566981013,50.833914491991756,52.032066345214844,127111600
2019-09-11,52.36101772978543,53.71524388706847,52.27937718938957,53.68642807006836,177158400
2019-09-12,53.97696341496987,54.365942133767874,53.511147403478866,53.56637191772461,128906800
2019-09-13,52.82442313058036,53.014109219748526,52.108893334040154,52.52428436279297,159053200
2019-09-16,52.279370756622576,52.85563939626761,52.2385523233491,52.800411224365234,84632400
2019-09-17,52.81483190453855,53.02132756869173,52.61313582378596,52.99251174926758,73274800
2019-09-18,53.07895237436418,53.508753239988586,52.6899736146539,53.48954391479492,101360000
2019-09-19,53.307056774538246,53.72725114264616,52.91327477040642,53.0549430847168,88242400
2019-09-20,53.15578449922015,53.43911377467882,52.216949430695024,52.27937698364258,221652400
2019-09-23,52.572318178824,52.78601688512093,52.2601730542611,52.517093658447266,76662000
2019-09-24,53.07174174905982,53.42230547207564,52.14971625438767,52.26736831665039,124763200
2019-09-25,52.47626488474743,53.184591670853635,52.137707462518556,53.071739196777344,87613600
2019-09-26,52.82442795501207,53.050132915210256,52.54349848236231,52.79801559448242,75334000
2019-09-27,52.95407947720969,53.0549293235452,52.17131891919025,52.54109191894531,101408000
2019-09-30,53.040529136604164,53.92413970007018,53.01411677472275,53.777671813964844,103909600
2019-10-01,54.04180778638815,54.798156296373676,53.832908635098924,53.926551818847656,139223200
2019-10-02,53.55917160743665,53.68403038252034,52.3274007167669,52.5747184753418,138449200
2019-10-03,52.447447680485034,53.054931924145485,51.65508425549117,53.02131652832031,114426000
2019-10-04,54.178663133484626,54.62287009035569,53.75846874977578,54.50761413574219,138478800
2019-10-07,54.32992905331613,55.20873272385884,54.2266793952243,54.519615173339844,122306000
2019-10-08,54.221881339577685,54.75972776925968,53.8641145411307,53.88092041015625,111820000
2019-10-09,54.51240539550781,54.694888454476924,54.17865121925164,54.51240539550781,74770400
2019-10-10,54.728517233423744,55.33119839486909,54.577249742952276,55.24715805053711,113013600
2019-10-11,55.93387223570824,57.059993724351415,55.78020129962542,56.716636657714844,166795600
2019-10-14,56.402082686698684,57.17764399561088,56.34685817252537,56.63499069213867,96427600
2019-10-15,56.75986191418055,57.06240057658288,56.39729547769647,56.50294494628906,87360000
2019-10-16,56.03471879637498,56.48372898515924,55.99390035444989,56.27482986450195,73903200
2019-10-17,56.44769878510148,56.70221587996945,56.07072638906214,56.49332046508789,67585200
2019-10-18,56.32764461231242,57.04557789777624,56.25561057187668,56.7646484375,97433600
2019-10-21,57.03117389835004,57.8643594805564,56.98315242424609,57.74910354614258,87247200
2019-10-22,57.905186536916496,58.1549004377134,57.535413437281406,57.6170539855957,82293600
2019-10-23,58.130884866797174,58.40461130875165,57.91958597693626,58.390201568603516,75828800
2019-10-24,58.70955335592496,58.7791876143368,58.06125423337426,58.48625183105469,69275200
2019-10-25,58.38540555436381,59.24260012348222,58.31817475144487,59.20658493041992,73477200
2019-10-28,59.40828132176833,59.847685025604804,59.240204303203505,59.79966354370117,96572800
2019-10-29,59.78045498091568,59.96774132739238,58.24374555756727,58.416622161865234,142839600
2019-10-30,58.769586633499244,58.89924866845541,57.91719523037346,58.409420013427734,124522000
2019-10-31,59.36506765293137,59.82848030145837,56.968756318935924,59.73003387451172,139162000
2019-11-01,59.917323202335595,61.45163300835245,59.82608347432118,61.42522430419922,151125200
2019-11-04,61.78777591806556,61.912638359081036,61.31956374708165,61.82859802246094,103272000
2019-11-05,61.72054836324468,61.99427850362642,61.5452719696819,61.73976135253906,79897600
2019-11-06,61.65331038805769,61.826190633565766,61.31715639057186,61.76616287231445,75864400
2019-11-07,62.3128483676645,62.7005915790344,62.16112308276353,62.47902297973633,94940400
2019-11-08,62.300826541440614,62.72228251352526,61.857696572744686,62.6500358581543,69986400
2019-11-11,62.20689431328376,63.21116685235938,62.202080319789076,63.14614486694336,81821200
2019-11-12,62.989591152239775,63.28822775645039,62.837873203264316,63.08833312988281,87388800
2019-11-13,62.88841359765937,63.76744826046671,62.873964276596524,63.69279098510742,102734400
2019-11-14,63.51944479875991,63.791586155257114,63.12207343866122,63.25212478637695,89182800
2019-11-15,63.502574886013555,64.00832351523762,63.34122157477898,64.00350952148438,100206400
2019-11-18,64.01314687975272,64.4057042415667,63.635046200532344,64.32623291015625,86703200
2019-11-19,64.51886989658281,64.54295455850364,63.914386775129536,64.13113403320312,76167200
2019-11-20,63.950531562042315,64.08057555077937,62.71265154989095,63.38457489013672,106234400
2019-11-21,63.504975845506166,63.58204383142426,62.90048531472307,63.100379943847656,121395200
2019-11-22,63.2400638402488,63.38215381547278,62.81860790794425,63.04499053955078,65325200
2019-11-25,63.26896005744073,64.1672658843364,63.22320139858819,64.15040588378906,84020400
2019-11-26,64.28768211784275,64.34066544148382,63.21838765861975,63.649478912353516,105207600
2019-11-27,63.96013495495072,64.53813741439751,63.89511298558591,64.5044174194336,65235600
2019-11-29,64.20581874836382,64.54298211036162,64.0372333925599,64.36235809326172,46617600
2019-12-02,64.36715556270056,64.6031735303105,63.44718305749584,63.61817169189453,94487200
2019-12-03,62.20930803145001,62.503123340399675,61.722830078760026,62.48386001586914,114430400
2019-12-04,62.873993707598274,63.41345487874028,62.78006572711878,63.03534698486328,67181600
2019-12-05,63.52902984580128,64.03477815356514,63.27374869657265,63.960113525390625,74424400
2019-12-06,64.41773515061479,65.26546100190234,64.37437981221761,65.19561767578125,106075600
2019-12-09,65.02461117015103,65.21727374488681,63.79877771559981,64.28285217285156,128042400
2019-12-10,64.68746036332061,65.04148360806178,64.02757585193183,64.65856170654297,90420400
2019-12-11,64.73803916107421,65.28954641231785,64.66338184077233,65.21006774902344,78756800
2019-12-12,64.48997619221315,65.64115256416365,64.3791955584024,65.37623596191406,137310400
2019-12-13,65.37624490379989,66.3010387920999,65.24860425293159,66.2649154663086,133587600
2019-12-16,66.71044750574998,67.62320261796066,66.70563351279964,67.39922332763672,128186000
2019-12-17,67.32940214182528,67.85922811740664,67.143956803204,67.53170013427734,114158400
2019-12-18,67.38478014032236,67.89052873128885,67.22101616979477,67.37033081054688,116028400
2019-12-19,67.31250658669452,67.71710235790785,67.18005200015853,67.43773651123047,98369200
2019-12-20,67.97001134578234,68.07115666009031,67.08615475855936,67.29808807373047,275978000
2019-12-23,67.560591164887,68.45648637288053,67.52205716835296,68.39627838134766,98572000
2019-12-24,68.562448734815,68.61061806486987,68.13617882730028,68.46129608154297,48478800
2019-12-26,68.59377651700305,69.83647060071867,68.56487785103917,69.81961059570312,93121200
2019-12-27,70.11100606214161,70.7973786870116,69.38851010956454,69.79310607910156,146266000
2019-12-30,69.71123070858043,70.48912073727585,68.69010535047886,70.20734405517578,144114400
2019-12-31,69.82438857743935,70.72750817106555,69.72564661991683,70.72028350830078,100805600
2020-01-02,71.34406195339083,72.39409318664748,71.09119131937346,72.3338851928711,135480400
2020-01-03,71.56321309934685,72.38926493117573,71.40667380039741,71.63064575195312,146322800
2020-01-06,70.75402846338375,72.23995764322866,70.5035611498287,72.20142364501953,118387200
2020-01-07,72.21104883104543,72.46633010238772,71.64268897397623,71.86184692382812,108872000
2020-01-08,71.56560624404386,73.31886213203573,71.56560624404386,73.017822265625,132079200
2020-01-09,73.99320996049889,74.76146451044018,73.74275001069596,74.56880187988281,170108400
2020-01-10,74.80241795222723,75.30094193802128,74.23646130286748,74.73738861083984,140644800
2020-01-13,75.0528483215238,76.36056362612658,74.93483570619189,76.33406829833984,121532000
2020-01-14,76.27147857331117,76.48100118582082,75.18051017572739,75.30332946777344,161954400
2020-01-15,75.10344798902688,75.98248317068368,74.54953007278792,74.98062133789062,121923600
2020-01-16,75.52248959606675,76.03064882750155,75.1612416745226,75.91986083984375,108829200
2020-01-17,76.16790890123319,76.7627640392473,75.86205500785368,76.76036071777344,137816400
2020-01-21,76.38948797518701,76.8302072165908,76.10289736234121,76.24017333984375,110843200
2020-01-22,76.72423213565071,77.06380603496487,76.4183782339569,76.5123062133789,101832400
2020-01-23,76.56530142477,76.96026202494508,76.01860816134078,76.88079071044922,104472000
2020-01-24,77.12644008388187,77.86819933392093,76.46896614550444,76.65922546386719,146537600
2020-01-27,74.67234156024762,75.08416206919466,73.42483402812097,74.40502166748047,161940000
2020-01-28,75.28404668634916,76.68086864175731,75.18530473421498,76.50988006591797,162234000
2020-01-29,78.1379073772642,78.95673430952284,77.39855173256706,78.11141204833984,216229200
2020-01-30,77.19627805111793,78.05122856412287,76.76518678742532,77.99824523925781,126743200
2020-01-31,77.29019858022654,77.71165450707113,74.24608645041388,74.53990173339844,199588400
2020-02-03,73.28516622775322,75.49841264105945,72.7842389592195,74.33519744873047,173788400
2020-02-04,75.93669870128832,76.97950484657014,75.53210291102174,76.78924560546875,136616400
2020-02-05,77.91396003658885,78.21259669148851,76.81336346644713,77.41544342041016,118826800
2020-02-06,77.68517600247516,78.32337929968051,77.12885469909907,78.32096862792969,105425600
2020-02-07,77.82124622907054,78.06989154294402,76.76631409771366,77.25636291503906,117684000
2020-02-10,75.84415588740227,77.62329864501953,75.7644959675757,77.62329864501953,109348800
2020-02-11,78.11818095050265,78.19059906005786,76.9377141953968,77.15497589111328,94323200
2020-02-12,77.60401366524216,78.99208433087418,77.60401366524216,78.98725891113281,113730400
2020-02-13,78.26059867524006,78.75064746940821,78.05782062596876,78.42475128173828,94747600
2020-02-14,78.39337649475979,78.6927218682662,77.93712767417983,78.44407653808594,80113600
2020-02-18,76.12900862033511,77.18877358272158,75.94795598487916,77.00772094726562,152531200
2020-02-19,77.24912158938099,78.35233737517142,77.24912158938099,78.12300109863281,93984000
2020-02-20,77.88399976313329,78.37163210197758,76.81699322453267,77.32152557373047,100566000
2020-02-21,76.91598466630131,77.35775721221363,74.95578935685651,75.57136535644531,129554000
2020-02-24,71.75960237227564,73.43011036441114,69.82113268068633,71.981689453125,222195200
2020-02-25,72.65038734565039,73.03180163978591,69.07278565467855,69.54351806640625,230673600
2020-02-26,69.1693328941365,71.90926363042658,69.16209108503992,70.64672088623047,198054800
2020-02-27,67.85852144500781,69.04139705399142,65.8934935311334,66.02867889404297,320605600
2020-02-28,62.103468343907636,67.20915102510166,61.88861568726967,65.99005889892578,426510000
2020-03-02,68.14338175177791,72.76867383608672,67.04258234775999,72.13378143310547,341397200
2020-03-03,73.30702283331924,73.3866827671886,68.99313499680584,69.84288024902344,319475600
2020-03-04,71.56165746891385,73.24182384454771,70.76261243598904,73.0824966430664,219178400
2020-03-05,71.33955724756618,72.31241302487865,70.34739243241086,70.7119140625,187572800
2020-03-06,68.07577636210152,70.20495666747604,67.88989834828591,69.77284240722656,226176800
2020-03-09,63.670179502443226,67.1319051551366,63.48912685930832,64.25437927246094,286744800
2020-03-10,66.90259043839642,69.14764074332749,65.02687994218032,68.88209533691406,285290000
2020-03-11,66.96292517997638,67.88749740945617,65.62795665733853,66.4897689819336,255598800
2020-03-12,61.78482214303871,65.17895530003963,59.868077460777144,59.92359924316406,418474000
2020-03-13,63.945402847171366,67.57369864386347,61.06303960348822,67.10295867919922,370732000
2020-03-16,58.40757727472599,62.5428168089279,57.93684117686896,58.47034454345703,322423600
2020-03-17,59.74977632698614,62.1879493594709,57.550590391518064,61.04128646850586,324056000
2020-03-18,57.88131450093201,60.350871115595204,57.24159305699179,59.5469970703125,300233600
2020-03-19,59.72081110917334,61.036459434063396,58.566902685612334,59.09074783325195,271857200
2020-03-20,59.67011183513416,60.7926402539027,55.03999474688709,55.33933639526367,401693200
2020-03-23,55.05931643178171,55.16070547027294,51.32480360482342,54.1637077331543,336752800
2020-03-24,57.05813231967632,59.79323446043245,56.56084169108887,59.59769821166992,287531200
2020-03-25,60.53192552123785,62.34245170831376,58.97487373705756,59.269386291503906,303602000
2020-03-26,59.51079165439952,62.446255405203736,59.472166210481355,62.38832092285156,252087200
2020-03-27,61.014724035899725,61.76790164645779,59.638725061409254,59.805294036865234,204216800
2020-03-30,60.529513617295876,61.683422027854625,60.206030134757754,61.51202392578125,167976400
2020-03-31,61.70273919270683,63.366005560924876,60.833685075362965,61.386497497558594,197002000
2020-04-01,59.505957782413006,60.04187380235648,57.726815314664734,58.15651321411133,176218400
2020-04-02,58.01891951220774,59.18006982201146,57.188490836952404,59.12696075439453,165934000
2020-04-03,58.61276473473643,59.3128333420279,57.688188979235456,58.27721405029297,129880000
2020-04-06,60.568138982385115,63.51567376682207,60.201208300554335,63.36117935180664,201820400
2020-04-07,65.37207245676143,65.58934152567265,62.52351377225885,62.627315521240234,202887200
2020-04-08,63.42633937506472,64.54403851459621,63.06182517929843,64.23021697998047,168895200
2020-04-09,64.86511973614601,65.19584133375365,63.899505790640596,64.69371795654297,161834800
2020-04-13,64.77097468626023,66.07214313145124,64.17229133387406,65.96350860595703,131022800
2020-04-14,67.59299914714502,69.58457858630197,67.12225924197793,69.29489135742188,194994800
2020-04-15,68.17236560618718,69.12107985304799,67.74508394624776,68.66241455078125,131154400
2020-04-16,69.37453866907585,69.57249130619873,68.16027936470277,69.20796966552734,157125200
2020-04-17,68.72516178272222,69.27073604048029,66.83496828577375,68.26890563964844,215250000
2020-04-20,67.09811161151838,67.99854202997274,66.83256626499734,66.85187530517578,130015200
2020-04-21,66.69496415132106,66.92912586019385,64.07573448825138,64.78546142578125,180991600
2020-04-22,66.05040482183006,67.08602784822331,65.71003238672124,66.65150451660156,116862400
2020-04-23,66.59599709494192,68.01545116760279,66.35459354155203,66.39321899414062,124814400
2020-04-24,66.91707859777999,68.31963287685757,66.86879493259592,68.30997467041016,126161200
2020-04-27,68.02750920842628,68.68895986495261,67.58091858862758,68.35823822021484,117087600
2020-04-28,68.81931364694016,69.00036629064134,67.1584635837108,67.25019073486328,112004800
2020-04-29,68.73481966758834,69.92735352024151,68.53204161617626,69.45903015136719,137280800
2020-04-30,69.99736587702316,71.10058178322025,69.60870972779222,70.92435455322266,183064000
2020-05-01,69.10174168301795,72.17963585405194,69.00518177066984,69.78250122070312,240616800
2020-05-04,69.8066465413913,70.8977876030395,69.11864515995262,70.76984405517578,133568000
2020-05-05,71.2285224464027,72.66245995311394,71.0836788601292,71.83203125,147751200
2020-05-06,72.53209353947886,73.20319497472518,72.14826285856589,72.57313537597656,142333600
2020-05-07,73.19837114485792,73.66911092684012,72.89661676334377,73.32389831542969,115215200
2020-05-08,73.98229650289032,75.1223827731926,73.65551811313698,75.06912994384766,133838400
2020-05-11,74.57774424961227,76.7441494175839,74.36957144120983,76.25035858154297,145946400
2020-05-12,76.93297679324957,77.3832066763356,75.25794640867731,75.37897491455078,162301200
2020-05-13,75.55809815483286,76.47791927324582,73.39410778103768,74.46884155273438,200622400
2020-05-14,73.70877656980059,74.98683718466037,72.98744407851115,74.92632293701172,158929200
2020-05-15,72.70179445954508,74.52932117684874,72.6679029463599,74.48332977294922,166348400
2020-05-18,75.80498172029709,76.611028150083,75.11511790410643,76.2382583618164,135178400
2020-05-19,76.25521336264156,77.0999898949941,75.76626090152799,75.7977294921875,101729600
2020-05-20,76.65460086911052,77.34204178986873,76.61587086677298,77.2718505859375,111504800
2020-05-21,77.13386219842414,77.6736518116283,76.45852129538247,76.69573974609375,102688800
2020-05-22,76.43432834001963,77.27185079219365,76.33266854723075,77.1895523071289,81803200
2020-05-26,78.3054252019707,78.48454498542678,76.6110265113562,76.66670227050781,125522000
2020-05-27,76.52389490649263,77.1459757123096,75.7856167074525,77.00074005126953,112945200
2020-05-28,76.67638285095582,78.29090607267398,76.4004417495467,77.03462982177734,133560800
2020-05-29,77.27668110998019,77.73658783652532,76.60376308600569,76.95958709716797,153532400
2020-06-01,76.91361639836452,78.0270801430567,76.78290354210658,77.90605163574219,80791200
2020-06-02,77.63977407114822,78.29090791932163,77.19922860751555,78.2667007446289,87642800
2020-06-03,78.58622664893751,78.9589964979716,78.0149682866651,78.69757080078125,104491200
2020-06-04,78.52085026224736,78.81857555541607,77.6470209126839,78.01979064941406,87560400
2020-06-05,78.26912701737099,80.30240419943048,78.2400813612976,80.24188995361328,137250400
2020-06-08,79.93933807530591,80.75023064294642,79.2301127155256,80.71633911132812,95654400
2020-06-09,80.3968056767083,83.65730597576551,80.36533708864444,83.26517486572266,147712400
2020-06-10,84.21161714524366,85.87454732273147,83.77349462695621,85.40737915039062,166651600
2020-06-11,84.55290729433239,84.9765069301838,81.20526313670851,81.30692291259766,201662400
2020-06-12,83.44187634114364,84.18740853476542,80.90027823694467,82.00889587402344,200146000
2020-06-15,80.66547714891838,83.67424321088224,80.5032957450343,83.02310943603516,138808800
2020-06-16,85.07335265810912,85.4945368687229,83.4418908130573,85.22342681884766,165428800
2020-06-17,85.96653487900272,86.02704912393895,84.98378413219785,85.10481262207031,114406400
2020-06-18,85.06124238777585,85.55504068464955,84.53113702208627,85.13870239257812,96820400
2020-06-19,85.8430918789263,86.30783714893171,83.54596609025744,84.65216827392578,264476000
2020-06-22,85.0442779239172,87.00977894482239,84.99828651786723,86.8669662475586,135445200
2020-06-23,88.1087417587427,90.13718045697547,87.68998051908838,88.72114562988281,212155600
2020-06-24,88.35078354810454,89.26818142371512,86.78225190963218,87.15502166748047,192623200
2020-06-25,87.30996064055707,88.35080275936323,86.55232106785238,88.31207275390625,137522400
2020-06-26,88.20798383985682,88.42825657527817,85.45095132716905,85.5986099243164,205256800
2020-06-29,85.50661981464565,87.66577111516035,85.02976731524565,87.57136535644531,130646000
2020-06-30,87.15987418081895,88.58801627360432,87.14051287267962,88.30238342285156,140223200
2020-07-01,88.37984827441205,88.9220535759505,88.08696138066959,88.13536834716797,110737200
2020-07-02,89.04066652590694,89.67485466688348,88.02160865174983,88.13536834716797,114041600
2020-07-06,89.56106788910034,90.96015670821257,89.52959930495038,90.49298858642578,118655600
2020-07-07,90.87061453958542,91.6476154008952,90.10087509241899,90.21221923828125,112424400
2020-07-08,91.18768446442877,92.3447162626197,91.10054013078307,92.31324768066406,117092000
2020-07-09,93.20401878936576,93.25727160992973,91.66454024632048,92.7102279663086,125642800
2020-07-10,92.30600881208682,92.93051996359854,91.69602787555728,92.87242126464844,90257200
2020-07-13,94.17465987971192,96.7791945693198,92.23094320716737,92.44395446777344,191649200
2020-07-14,91.82673375082925,94.16500509879575,90.89482027358295,93.97378540039062,170989200
2020-07-15,95.84487913129125,96.09419752364778,93.42430934647335,94.62007141113281,153198000
2020-07-16,93.49451766571708,94.31024858615012,92.85790656415841,93.4557876586914,110577600
2020-07-17,93.90600170117715,94.06091431617955,92.79495374103925,93.2669677734375,92186800
2020-07-20,93.35411067179673,95.37044189094031,93.01038653957822,95.23246765136719,90318000
2020-07-21,96.02158177786353,96.09661884897764,93.66878769091768,93.91810607910156,103433200
2020-07-22,93.62035668832587,94.8621099281947,93.53321973878694,94.18193054199219,89001600
2020-07-23,93.91567346927818,93.99313346599342,89.08664175912257,89.89511108398438,197004400
2020-07-24,88.09664593771886,90.01615612762265,86.31267968652797,89.67243194580078,185438800
2020-07-27,90.73264205708286,91.88967418415685,90.50995376100627,91.79769134521484,121214000
2020-07-28,91.36923715007886,91.54594138277622,90.28481935549645,90.28966522216797,103625600
2020-07-29,90.7713632677891,92.20434377285328,90.73505619988047,92.02037811279297,90329200
2020-07-30,91.19496376791191,93.23792519284922,90.78830982976133,93.13384246826172,158130000
2020-07-31,99.61613418906329,103.03397765297315,97.62157959922047,102.88390350341797,374336800
2020-08-03,104.76224738585148,108.09053052398437,104.46452205826068,105.476318359375,308151200
2020-08-04,105.66515768756337,107.26999701904283,104.94382506056965,106.18074035644531,173071600
2020-08-05,105.90235611566642,106.88510690463526,105.43760344433963,106.56558990478516,121776800
2020-08-06,106.89718739322298,110.77735994512233,106.30899078686637,110.28356170654297,202428800
2020-08-07,109.80586800423681,110.26175680038186,106.98082124977309,107.77619934082031,198045600
2020-08-10,109.21902314455248,110.35874505613272,106.69709332777636,109.34269714355469,212403600
2020-08-11,108.60794885006547,109.10505737675727,105.83139636601508,106.09086608886719,187902400
2020-08-12,107.17965891895842,109.87376452711321,106.98566715289093,109.6167221069336,165598000
2020-08-13,110.99409224252035,112.55817781440562,110.50667808377885,111.55667877197266,210082000
2020-08-14,111.38208013380518,111.54697388434195,109.65067355223327,111.4572525024414,165565200
2020-08-17,112.57755783182,112.60180865121056,110.54061480830164,111.16624450683594,119561600
2020-08-18,110.91891544512356,112.51694618501556,110.58427334354063,112.09258270263672,105633600
2020-08-19,112.49996719549999,113.64453639963617,112.13865437861999,112.23322296142578,145538000
2020-08-20,112.27444791147464,114.83760501028006,112.25747159683876,114.7236328125,126907200
2020-08-21,115.6814742972318,121.11817961837231,115.6693525872738,120.6356201171875,338054800
2020-08-24,124.83317459173283,124.91805616382935,120.21610549023623,122.07845306396484,345937600
2020-08-25,120.95329871627834,121.42130925505194,119.35768781992573,121.07696533203125,211495600
2020-08-26,122.39126546065715,123.17936898693925,121.32671591454528,122.72348022460938,163022400
2020-08-27,123.32487721481381,123.65709200762272,120.11425938434616,121.25640869140625,155552400
2020-08-28,122.2287948592591,122.64588380173389,120.83688511649021,121.05998229980469,187630000
2020-08-31,123.74922926791106,127.06653708598974,122.2166692582802,125.1653823852539,225702700
2020-09-01,128.7737011544299,130.75245576113278,126.61066398001222,130.15106201171875,151948100
2020-09-02,133.45865994566697,133.8369490459464,123.18664339139957,127.45452117919922,200119000
2020-09-03,123.09935930505591,124.97140134269283,116.8818246649217,117.25041198730469,257599600
2020-09-04,116.46473461185484,119.98573625952378,107.56037630423063,117.32801055908203,332607200
2020-09-08,110.52850171438395,115.41717011939836,109.2966383541402,109.43243408203125,231366600
2020-09-09,113.7391214492864,115.56266939432574,111.799173992742,113.79731750488281,176940500
2020-09-10,116.74602745349068,116.88182317054356,109.12203408038299,110.08230590820312,182274400
2020-09-11,111.12989436180371,111.77008060116817,106.69711453574045,108.6370620727539,180860300
2020-09-14,111.27535861813932,112.44902563888213,109.413011315819,111.8961410522461,140150100
2020-09-15,114.77699015613865,115.26197700807842,110.19871308977739,112.07076263427734,184642000
2020-09-16,111.7700619173575,112.51693833812011,108.67584374495958,108.76313781738281,154679000
2020-09-17,106.42549948987329,108.83102975873638,105.44582412860575,107.0268783569336,178011000
2020-09-18,107.08507634439113,107.55065948223604,102.90448550905262,103.63196563720703,287104900
2020-09-21,101.40104892896447,106.88140167582651,100.0042844680874,106.77470397949219,195713800
2020-09-22,109.29663858587081,109.47123415071694,105.88233436259476,108.4527587890625,183055400
2020-09-23,108.2684372729303,108.7437221830897,103.56406020187804,103.90355682373047,150718700
2020-09-24,102.01213533208141,106.93960365288808,101.84724157417912,104.9705581665039,167743300
2020-09-25,105.17423363698332,109.06382969318265,104.43705165768294,108.90863037109375,149981400
2020-09-28,111.55664982653556,111.85733923135933,109.39360575227525,111.50814819335938,137672400
2020-09-29,111.11048577797068,111.84766043177646,110.15990833447874,110.66429138183594,99382200
2020-09-30,110.37327567312818,113.73908460394166,110.20838196881353,112.3326187133789,142675200
2020-10-01,114.10770215411938,114.18530182393523,112.35205217632898,113.2832260131836,116120400
2020-10-02,109.50031753591523,111.90585528542881,108.85043700934379,109.62641143798828,144712000
2020-10-05,110.4896945754234,113.14742012517607,110.1405034929378,113.00192260742188,106243800
2020-10-06,112.22594105943094,112.63333559022071,108.87953514429641,109.76221466064453,161498200
2020-10-07,111.1783781507114,112.08045390652613,110.70308575226879,111.62456512451172,96849000
2020-10-08,112.75945623194846,112.90495378456839,111.14929614349687,111.51789093017578,83477200
2020-10-09,111.81855175000258,113.48690747123634,111.46936067345082,113.45780944824219,100506900
2020-10-12,116.45503667336371,121.42130453731181,115.6984583933761,120.66472625732422,240226800
2020-10-13,121.50861812548327,121.6250176489062,116.05736995065374,117.46382904052734,262330500
2020-10-14,117.3667890995917,119.33583404671704,116.02822838388987,117.55108642578125,150712000
2020-10-15,115.15526489684527,117.56079523723751,114.60238025084043,117.08551025390625,112559200
2020-10-16,117.63840102761567,117.90029805270329,115.24256497002679,115.44625854492188,115393800
2020-10-19,116.35803418573154,116.80422116143153,112.18715207359088,112.49754333496094,120639300
2020-10-20,112.71095010647143,115.40748342708119,112.15806534871491,113.98162078857422,124423700
2020-10-21,113.16682541230045,115.14557257156684,112.9534300225298,113.36082458496094,89946000
2020-10-22,113.92339674553574,114.49568501963495,111.14927164811971,112.27444458007812,101988000
2020-10-23,112.89520172586803,113.05040101966856,110.84855729080904,111.58573913574219,82572600
2020-10-26,110.58669317293085,113.05042702646372,109.49061825916863,111.59546661376953,111850700
2020-10-27,112.02224386138344,113.75849741390176,111.10077194371063,113.09891510009766,92276800
2020-10-28,111.59546536731106,111.96405267029793,107.76406521649079,107.8610610961914,143937800
2020-10-29,108.99594153712782,113.41901900582575,108.83104039265947,111.85736083984375,146129200
2020-10-30,107.72527832227131,108.6273541724171,104.4855696692542,105.59133911132812,190272600
2020-11-02,105.83380789569206,107.35666597624237,104.09755446367568,105.50401306152344,122866900
2020-11-03,106.36730788899447,108.14235394209176,105.46523215040254,107.12388610839844,107624400
2020-11-04,110.71280536595152,112.1192643704232,108.97655143196363,111.49848175048828,138235500
2020-11-05,114.40839736997158,116.0282591074031,113.3608313760952,115.45597076416016,126387100
2020-11-06,114.96527887670223,115.8203256136095,112.83736946099638,115.32479095458984,114457900
2020-11-09,117.08348090470506,118.53123307425452,112.75965407719045,113.0219955444336,154515300
2020-11-10,112.27383288243148,114.25598657554706,110.8940882741732,112.68192291259766,138023400
2020-11-11,113.86732789743012,116.23814181960135,113.13859256042241,116.10211181640625,112295000
2020-11-12,116.22843412444456,117.11262917137141,115.2082016572188,115.8300552368164,103162300
2020-11-13,116.0535360017511,116.27701069114,114.52805029862242,115.8786392211914,81581900
2020-11-16,115.54825966136949,117.55956865833653,114.80009473182567,116.8891372680664,91183000
2020-11-17,116.16039565890526,117.24863549686008,115.58712010448728,116.00492858886719,74271000
2020-11-18,115.24705927558566,116.42275133775613,114.65435397133162,114.68350219726562,76322100
2020-11-19,114.25596702688232,115.68428930116418,113.4980835539356,115.27619934082031,74113000
2020-11-20,115.27620565626937,115.40251710432108,113.96448361868471,114.0130615234375,73604300
2020-11-23,113.85761126601786,114.28513837643995,110.52486130551306,110.62202453613281,127959300
2020-11-24,110.68032441615657,112.56531474410036,109.39774313111327,111.90459442138672,113874200
2020-11-25,112.27382503154757,113.43979858279869,111.90459439029078,112.7402114868164,76499200
2020-11-27,113.26490259506915,114.158816151439,112.92482759135008,113.28433227539062,46691300
2020-11-30,113.6535782947568,117.54016723580712,113.49811117883634,115.67460632324219,169410200
2020-12-01,117.57900876605405,119.96925956195165,116.60736173944143,119.24052429199219,127728200
2020-12-02,118.56039614708436,119.87212588677608,117.4624374051066,119.59034729003906,89004200
2020-12-03,120.0178649561264,120.27049531657391,118.7450094318951,119.45431518554688,78967600
2020-12-04,119.12394191020984,119.37657225081612,118.07456118438024,118.78386688232422,78260400
2020-12-07,118.8421361387792,121.03806032248434,118.78383969393643,120.2413101196289,86712000
2020-12-08,120.84375871454999,121.43646406909802,119.60004413555974,120.85346984863281,82225500
2020-12-09,120.99920059491815,122.37893756571138,117.56928784632052,118.3271713256836,115089200
2020-12-10,117.08346263085474,120.35791566525569,116.74338766599487,119.74577331542969,81312200
2020-12-11,118.95874547462877,119.2793907717679,117.13205173775964,118.93931579589844,86939800
2020-12-14,119.12392157489586,119.85265683014165,118.09397811966689,118.3271713256836,79184500
2020-12-15,120.81460252887871,124.27367140820184,120.61055751786674,124.25423431396484,157243700
2020-12-16,123.79754252066066,124.73031529802184,122.97163667560737,124.18619537353516,98208600
2020-12-17,125.24529842903367,125.90602613060179,124.40968137555939,125.05097198486328,94359800
2020-12-18,125.3036238225863,125.43965383144652,122.54414204339464,123.06883239746094,192541500
2020-12-21,121.47531311924551,124.67203286094654,119.94982751976666,124.59429931640625,121251600
2020-12-22,127.87848972538272,130.5991048748753,125.97405467288996,128.14083862304688,168904800
2020-12-23,128.41290674198933,128.6752408300138,127.07202876522139,127.24693298339844,88223700
2020-12-24,127.59669160383469,129.67601559807733,127.38292807699283,128.22825622558594,54930100
2020-12-28,130.19096387713518,133.44597185664287,129.72456272466368,132.8144073486328,124486200
2020-12-29,134.13583430735233,134.85484340023854,130.53101840840682,131.04598999023438,121047300
2020-12-30,131.73592955161843,132.13430846309575,129.61773093964035,129.9286651611328,96452100
2020-12-31,130.27842990655225,130.9197204767935,127.98534242224186,128.92784118652344,99116600
2021-01-04,129.7343618118599,129.8218065174324,123.16602347357576,125.74089050292969,143301900
2021-01-05,125.23559925815104,128.00479953709709,124.78863505032471,127.29548645019531,97664900
2021-01-06,124.09877604874403,127.33436285992687,122.79676500387103,123.01052856445312,155088000
2021-01-07,124.72060913109178,127.89789896268525,124.2347856325796,127.20802307128906,109578200
2021-01-08,128.67521556411702,128.86955684085643,126.53759495540402,128.30599975585938,105158200
2021-01-11,125.527088604103,126.47929859092635,124.85664974689551,125.32303619384766,100384500
2021-01-12,124.85664288048969,126.0129052139805,123.26314235039197,125.14813995361328,91951100
2021-01-13,125.10925836684517,127.72299108513502,124.84692436009828,127.17887115478516,88636800
2021-01-14,127.09144014639318,127.28576659581172,125.10927181431389,125.2550277709961,90221800
2021-01-15,125.12871028033413,126.52788445335536,123.39917965706009,123.53520965576172,111598500
2021-01-19,124.15707263586324,125.06071220220736,123.34089258160077,124.20565795898438,90757300
2021-01-20,125.0121142129877,128.73352422939956,124.90523244341398,128.28656005859375,104319500
2021-01-21,130.00638521290585,135.7099489572785,129.80233279797613,132.9893341064453,120150900
2021-01-22,132.41603478545585,135.88482124174027,131.1917650617903,135.12693786621094,114459400
2021-01-25,139.01353853335786,140.97625472972098,132.66867020571667,138.86778259277344,157611700
2021-01-26,139.52857092431395,140.20872113105705,137.3617865730404,139.10104370117188,98390600
2021-01-27,139.36334793740457,140.20869106595407,136.42898412808006,138.03219604492188,140843800
2021-01-28,135.564189064389,137.96415826033868,132.8241374993332,133.2030792236328,142621100
2021-01-29,131.97880528014946,132.86300755142042,126.51815423658083,128.21853637695312,177523800
2021-02-01,129.957834854719,131.54162480143253,127.21778217337383,130.33677673339844,106239800
2021-02-02,131.88162209144176,132.44517904055598,130.7933823696511,131.16261291503906,83305400
2021-02-03,131.91081569341782,131.92054165395052,129.82178018887643,130.14242553710938,89880900
2021-02-04,132.43547630144383,133.50427900274144,130.77395356806818,133.49456787109375,84183100
2021-02-05,133.65514858435046,133.72325779067754,132.20522578325316,133.0810089111328,75693800
2021-02-08,132.37065786118401,133.27564766652046,131.29051736028654,133.22698974609375,71297200
2021-02-09,132.94481795724369,134.17093254443628,132.1955422076444,132.35122680664062,76774200
2021-02-10,132.80856880476307,133.30485887781032,130.78452077617774,131.74789428710938,73046600
2021-02-11,132.24413324277845,132.72095704438246,130.17144270344224,131.49485778808594,64280000
2021-02-12,130.7358282220485,131.8840776657095,130.09357945780974,131.72837829589844,60145100
2021-02-16,131.84520181246612,132.35120265140839,129.21782237561078,129.60707092285156,80576300
2021-02-17,127.71922556162117,128.66313264506522,125.98711077615506,127.32025146484375,97918500
2021-02-18,125.72435223742485,126.50283418669693,123.98251205380208,126.22064208984375,96856700
2021-02-19,126.73641474669597,127.1937724488316,125.33514985915805,126.37635803222656,87668800
2021-02-22,124.56638952046134,126.23039523519333,122.22122494397281,122.61046600341797,103916400
2021-02-23,120.43073670834654,123.30137584564321,115.20519230196524,122.4742431640625,158273000
2021-02-24,121.57899194807914,122.18230857916163,118.94189453786483,121.97795867919922,111039900
2021-02-25,121.32598240071049,123.05809741548158,117.29735317502876,117.73524475097656,148199500
2021-02-26,119.29220185674814,121.49140765726709,117.93959485190196,117.99798583984375,164560400
2021-03-01,120.42099709481208,124.4885510714253,119.48682297794498,124.3523178100586,116307900
2021-03-02,124.95563918354922,125.2572974809927,121.64710128326877,121.75414276123047,102260900
2021-03-03,121.45247312532506,122.3282636330786,118.56236816181614,118.77645111083984,112966300
2021-03-04,118.47480719948628,120.27503892466773,115.42900990064756,116.89838409423828,178155000
2021-03-05,117.72552798386944,118.65970219404976,114.40725661331615,118.1536865234375,153766600
2021-03-08,117.67687524164398,117.74499188213018,113.08384627126932,113.22981262207031,154376600
2021-03-09,115.82797605727136,118.77646492277744,115.5944343694315,117.83255767822266,129525800
2021-03-10,118.41643235397203,118.88351576641335,116.23668501538924,116.75243377685547,111943300
2021-03-11,119.24356031125248,119.89553490297892,117.99799469596714,118.67916107177734,103026500
2021-03-12,117.16113540841165,117.91041846338683,115.95449457965704,117.77418518066406,88105100
2021-03-15,118.14397368976827,120.66429697426416,117.18060016691906,120.6545639038086,92403800
2021-03-16,122.31854732264155,123.79766203262986,121.36491441345117,122.19204711914062,115227900
2021-03-17,120.71293967926185,122.47424657756945,119.04893377660937,121.40383911132812,111932600
2021-03-18,119.57440169521924,119.86633436304555,117.08327064661763,117.2876205444336,121229700
2021-03-19,116.67457827406234,118.16341864155612,116.46049529392347,116.76215362548828,185549500
2021-03-22,117.09300574322106,120.53777713211232,117.02488910943605,120.07068634033203,111912300
2021-03-23,120.01230226774646,120.89781850320577,118.85431207414345,119.2435531616211,95467100
2021-03-24,119.51603034411634,119.5938800533793,116.8400078374971,116.85946655273438,88530500
2021-03-25,116.32427390112565,118.38724678280408,115.79879946642953,117.34602355957031,98844700
2021-03-26,117.1124522760085,118.21205879522662,115.72092053842741,117.9493179321289,94071200
2021-03-29,118.3775042989523,119.28248673827066,117.48225492917581,118.12449645996094,80819200
2021-03-30,116.87891806940085,117.16111766205535,115.66254435493632,116.67456817626953,85671900
2021-03-31,118.37751748454296,120.19720821125276,117.89096789144921,118.86406707763672,118323800
2021-04-01,120.33343394406754,120.8394421912494,119.19490239563412,119.6911849975586,75089100
2021-04-05,120.53777850848313,122.7661761594041,119.75929632134557,122.51316833496094,88651200
2021-04-06,123.09701892635115,123.71006860087718,122.26988629191437,122.8148193359375,80171300
2021-04-07,122.44504366920103,124.4788169278638,121.77360301243874,124.45935821533203,83466700
2021-04-08,125.48112193995918,126.88238697462579,125.0626964676061,126.85319519042969,88844600
2021-04-09,126.30823624511144,129.46106707973098,125.98711183634272,129.42214965820312,106686700
2021-04-12,128.9550454489192,129.27616980561928,127.11588947749738,127.70948028564453,91420000
2021-04-13,128.87723269707828,131.0375136441806,128.38094270892825,130.81369018554688,91266500
2021-04-14,131.31000899099288,131.36839256751463,128.11824478906962,128.47828674316406,87222800
2021-04-15,130.22012045971883,131.36837019796266,130.04495491166549,130.88182067871094,89347100
2021-04-16,130.68718234573052,131.0472241792983,129.6946173321828,130.5509490966797,84922400
2021-04-19,129.91845343765638,131.82573417670255,129.75302837507442,131.21267700195312,94264200
2021-04-20,131.38784340823202,131.88411859918818,128.2641887932471,129.5292205810547,94812300
2021-04-21,128.79940473993418,130.15201197134868,127.76792201144299,129.9087371826172,68847100
2021-04-22,129.46110142550572,130.54124205126504,127.87495994409139,128.3907012939453,84566500
2021-04-23,128.6047976585629,131.48516306112936,128.6047976585629,130.70669555664062,78657500
2021-04-26,131.20294297565732,131.426751593288,129.9671030596472,131.0959014892578,66905100
2021-04-27,131.37806627247733,131.76731470925472,130.50228327427,130.77474975585938,66015800
2021-04-28,130.69693041123548,131.3878372667235,129.50002274292763,129.986572265625,107760100
2021-04-29,132.79882309453924,133.38268843991688,128.886960916459,129.88925170898438,151101000
2021-04-30,128.23496790165584,129.96708270240345,127.54407601900469,127.923583984375,109839500
2021-05-03,128.48798358801744,130.46338819019584,128.28364111599663,128.9745330810547,75135100
2021-05-04,127.66086008438737,127.95279275381809,123.29164023246338,124.41070556640625,137564700
2021-05-05,125.7243763335603,126.94074997232987,124.52746883053813,124.65397644042969,84000900
2021-05-06,124.44963120105919,126.25959594495404,123.71007387822482,126.24987030029297,78128300
2021-05-07,127.54629547170842,127.94593245749884,126.2108752190309,126.92245483398438,78973300
2021-05-10,126.14265555263232,126.26936319427197,123.60829449035425,123.64728546142578,88071200
2021-05-11,120.38185488141869,123.0819142652862,119.67028275042819,122.73101043701172,126142800
2021-05-12,120.28439421406758,121.49308457084182,119.16342796467423,119.67029571533203,112172300
2021-05-13,121.43459801116457,122.96495825371117,121.12267768901388,121.81475067138672,105861300
2021-05-14,123.06242504546209,124.66101753625983,122.67252280548946,124.23212432861328,81918000
2021-05-17,123.61802565600583,123.72524895126948,122.00968366381709,123.0819091796875,74244600
2021-05-18,123.36460169987382,123.78374532662899,121.62954445690447,121.6977767944336,63342900
2021-05-19,120.05043995950335,121.76599784022277,119.75801143334377,121.54180908203125,92612000
2021-05-20,122.06818662946591,124.49531683623646,121.94146411990351,124.09566497802734,76857100
2021-05-21,124.59276329208804,124.7682188973831,122.04866073369236,122.26310729980469,79295400
2021-05-24,122.82848472896345,124.70975612799803,122.76025239580743,123.89096069335938,63092900
2021-05-25,124.59279971373591,125.08018314804377,123.13067172111496,123.69602966308594,72009500
2021-05-26,123.75450877268065,124.17365241574042,123.228141818366,123.64728546142578,56575900
2021-05-27,123.24762857840483,124.41732784538095,121.92196544288971,122.11691284179688,94625600
2021-05-28,122.39957455098539,122.62377072126802,121.40533105764956,121.46381378173828,71311100
2021-06-01,121.9219706400981,122.18515038351808,120.8107540580726,121.14216613769531,67637100
2021-06-02,121.14217571934485,122.07793673418138,120.91798692698966,121.90248107910156,59278900
2021-06-03,121.53206155124437,121.69776758173275,120.02119320163122,120.42084503173828,76229200
2021-06-04,120.93748419375007,122.97471980574441,120.72303755703825,122.71153259277344,75169300
2021-06-07,122.98444744531308,123.1306617200527,121.67828344764422,122.72126770019531,71057600
2021-06-08,123.40361251247118,125.21665942285128,123.02345979414304,123.54007720947266,74403800
2021-06-09,123.99819373222839,124.52456067367201,123.32561251203367,123.92021179199219,56877900
2021-06-10,123.81296936037242,124.95343460907164,122.7602430768465,122.92594909667969,71186400
2021-06-11,123.33536251537065,124.22239035571975,122.91621888119515,124.13465881347656,53522400
2021-06-14,124.59280941543645,127.24412880162201,123.86174536220003,127.1856460571289,96906500
2021-06-15,126.65928038857137,127.30262029411195,126.1231638006209,126.36685180664062,62746300
2021-06-16,127.07840688486591,127.58528206314801,125.21664196538165,126.86396026611328,91815000
2021-06-17,126.52279301183641,129.20336059736883,126.37657131032402,128.46253967285156,96721700
2021-06-18,127.40983331102534,128.1896229684165,126.95169870686416,127.16614532470703,108953300
2021-06-21,127.01018237446559,129.06690958900398,125.9477063159808,128.95968627929688,79663300
2021-06-22,128.7939773736595,130.69474066397615,128.29684436989922,130.59725952148438,74783600
2021-06-23,130.39255006678223,130.9286665216875,129.8661757752273,130.32431030273438,60214200
2021-06-24,131.0553765632134,131.24058178501798,129.57374966230876,130.04164123535156,68711000
2021-06-25,130.09040620403312,130.50954241745376,129.4568084909208,129.74923706054688,70783700
2021-06-28,130.04163948891443,131.83517920756188,129.9831567614525,131.37704467773438,62111300
2021-06-29,131.39653993588485,133.043872786454,130.95790461954863,132.88790893554688,64556100
2021-06-30,132.73193673192986,133.94063419010044,132.43950824826416,133.5019989013672,63261400
2021-07-01,133.1510868534501,133.86265142282898,132.33228412965926,133.80416870117188,52485800
2021-07-02,134.41829838230024,136.4652835854969,134.27209152787285,136.42630004882812,78852600
2021-07-06,136.53350195950557,139.53572463895688,136.53350195950557,138.43426513671875,108181800
2021-07-07,139.9158377520458,141.2317583580001,139.0580664602992,140.9198455810547,104911600
2021-07-08,138.0054275667018,140.42280902111813,137.1183994352392,139.62351989746094,105575500
2021-07-09,139.1458282969305,141.97260274724476,139.04834716131978,141.4462432861328,99890800
2021-07-12,142.51847096001342,142.62569425576672,140.36426288116348,140.8516387939453,76299700
2021-07-13,140.39347883974256,143.73688473062327,140.0035841294874,141.96282958984375,100827100
2021-07-14,144.36073887875023,145.7936251287686,143.95133005857537,145.38421630859375,127050800
2021-07-15,145.47196100861444,146.21276700697837,143.37623575739534,144.73114013671875,106820300
2021-07-16,144.7117293345091,145.97889539355987,142.1968666794258,142.69398498535156,93251400
2021-07-19,140.1206200874223,140.43254791143656,138.09313385194156,138.8534393310547,121434600
2021-07-20,139.8379511608488,143.38604842178373,139.3505750817449,142.46002197265625,96350000
2021-07-21,141.8556653977963,142.4405225803077,140.97839449756518,141.72894287109375,74993500
2021-07-22,142.25529492286392,144.4582288663732,142.12857241610413,143.0935821533203,77338200
2021-07-23,143.82464898024415,144.9651069434816,143.2105505102186,144.80914306640625,71447400
2021-07-26,144.5265249457419,146.04713612514868,143.97090900597584,145.2283477783203,72434100
2021-07-27,145.35503545320321,145.44277445035308,141.87517802140547,143.0643768310547,104818600
2021-07-28,141.15382825419624,143.25929604709813,138.94113715127986,141.3195343017578,118931200
2021-07-29,141.0368184978404,142.8498571602335,140.92959522149076,141.96282958984375,56699500
2021-07-30,140.73467853831747,142.63544169374407,140.47149137109437,142.17730712890625,70440600
2021-08-02,142.66467417357075,143.23977416644965,141.5826990796388,141.84588623046875,62880000
2021-08-03,142.12856645538005,144.30225894055675,141.51446802349406,143.63943481445312,64786600
2021-08-04,143.5516737481982,144.0585338763827,142.58666429996944,143.23974609375,56368300
2021-08-05,143.2690181917266,144.10730535100612,142.47947159810346,143.3470001220703,46397700
2021-08-06,142.86869219057516,143.61060825982952,142.16581806356817,142.66368103027344,54126800
2021-08-09,142.72223685529076,143.21034301067533,142.05841963396023,142.61485290527344,48908700
2021-08-10,142.95653516321173,144.19632898598317,141.84365370926938,142.1365203857422,69023100
2021-08-11,142.57580253562702,143.22986295766566,142.0681679932176,142.39031982421875,48493500
2021-08-12,142.71249604702388,145.50446416374155,142.37081574173467,145.3482666015625,72282600
2021-08-13,145.42635605950554,145.88517705910473,144.7430103885552,145.5532684326172,59375000
2021-08-16,145.0065628373872,147.59353426907154,142.9858112009547,147.5251922607422,103296000
2021-08-17,146.6563820290242,148.07188700426227,145.5435005089824,146.61734008789062,92229700
2021-08-18,146.23663716721276,147.13475089008148,142.67345256358962,142.8784637451172,86326000
2021-08-19,141.5800696426097,144.4794213850425,141.0626783117476,143.21034240722656,86960300
2021-08-20,143.9327728785443,144.96755574158394,143.288469055807,144.66493225097656,60549600
2021-08-23,144.78203658666285,146.6173203855108,144.3720292286724,146.14874267578125,60131800
2021-08-24,145.89495874434272,147.2714219782902,145.602092007955,146.0609130859375,48606400
2021-08-25,146.24637657624294,146.74425443123712,144.28419502392072,144.83087158203125,58991300
2021-08-26,144.82109417148567,145.57276688380205,144.00106455542348,144.0303497314453,48597200
2021-08-27,143.97181740197544,145.2116114656549,143.33728522616812,145.065185546875,55802400
2021-08-30,145.45565533870288,149.83885461039787,145.07493307828,149.47764587402344,90956700
2021-08-31,149.02856544896787,149.16523456794167,147.69114453920625,148.2183074951172,86453100
2021-09-01,149.1945209265185,151.293371319359,148.71617155840954,148.8821258544922,80313700
2021-09-02,150.20979354918074,151.0395800272227,148.77476016459727,149.99502563476562,71115500
2021-09-03,150.10241459437898,150.95172951907767,149.44835406806936,150.62957763671875,57808700
2021-09-07,151.28363626481305,153.51915609845358,150.71743128739138,152.9627227783203,82278300
2021-09-08,153.24581573453693,153.3043860941943,150.31717858511598,151.42030334472656,74420200
2021-09-09,151.79123351222952,152.39648028234163,150.28785845020124,150.40501403808594,57305700
2021-09-10,151.3129047338198,151.78148246152148,145.16276433644302,145.4263458251953,140893200
2021-09-13,147.04688016056696,147.818081410703,145.21159606216116,145.99256896972656,102404300
2021-09-14,146.7735217186003,147.4763957492906,143.4153491043727,144.5965576171875,109296300
2021-09-15,145.02608811276684,145.88515965134906,142.88818092204215,145.4849090576172,83281300
2021-09-16,144.9089906791146,145.4263821295721,143.71801019803328,145.2506561279297,68034100
2021-09-17,145.27992686740734,145.27992686740734,142.29270460935308,142.5855712890625,129868800
2021-09-20,140.37933813407227,141.3945924183066,137.90952209387459,139.539794921875,123478900
2021-09-21,140.50624891873463,141.16032435989862,139.38361057442205,140.0181427001953,75834000
2021-09-22,141.01386330488788,142.94675948187773,140.28170408222925,142.3805694580078,76404300
2021-09-23,143.16153904107028,143.581318108749,142.1755699033987,143.33726501464844,64838200
2021-09-24,142.19510285111807,143.96204492535793,142.09747565204063,143.4251251220703,53477900
2021-09-27,142.0095839613355,142.48793328173883,140.39883985731234,141.91195678710938,74150700
2021-09-28,139.84240736288436,141.30672576458994,138.31951860844126,138.53428649902344,108972300
2021-09-29,139.0810122042103,141.0139090076542,138.65147627104002,139.4324493408203,74602000
2021-09-30,140.2426397437822,140.94551367693097,137.91925008166186,138.13401794433594,89056700
2021-10-01,138.52453927839463,139.52028013802934,135.80091312494108,139.25669860839844,94639600
2021-10-04,138.3878720570302,138.82717957779718,134.98090012736012,135.8302001953125,98322000
2021-10-05,136.17185207930245,138.8564357660988,136.04493972017434,137.75331115722656,80861100
2021-10-06,136.15233067899587,138.76857249312508,135.07849119061893,138.6221466064453,83221100
2021-10-07,139.65692980871162,140.7893396562003,139.32502120039112,139.88145446777344,61732700
2021-10-08,140.60387247260306,140.75029837603776,139.16883903566588,139.50074768066406,58773200
2021-10-11,138.88572424122802,141.36529686032225,138.43666004151856,139.41287231445312,64452200
2021-10-12,139.82286975119803,139.84239816609858,137.68496264197734,138.14378356933594,73035900
2021-10-13,137.88027267230362,138.0364553671229,135.88879063118128,137.55812072753906,78762700
2021-10-14,138.72954178771872,140.45744186952987,138.1438084019397,140.3402862548828,69907100
2021-10-15,140.35006796929892,141.45317790755652,140.09624319922384,141.3946075439453,67940300
2021-10-18,140.03768477656104,143.34704466516118,139.75458969636082,143.06394958496094,85589200
2021-10-19,143.51295730034732,145.62157933226285,143.06390800766076,145.22132873535156,76378900
2021-10-20,145.16276563549152,146.18779152686344,144.59656071553547,145.70944213867188,58418800
2021-10-21,145.27017952577518,146.0804376870695,144.35253739380764,145.9242401123047,61421000
2021-10-22,146.12922747617256,146.6075619891813,145.1042015405824,145.15301513671875,58883400
2021-10-25,145.14325947301697,145.8168484447923,144.1084766625064,145.10421752929688,50720600
2021-10-26,145.77777738990952,147.25185252804923,145.4653823192533,145.7680206298828,60893400
2021-10-27,145.80708231384622,146.16827612937263,144.9577823061733,145.30921936035156,56094900
2021-10-28,146.25616571377768,149.5264686918417,146.1585385042387,148.9407501220703,100077900
2021-10-29,143.7179883048137,146.373287179863,142.92725865743117,146.2366180419922,124953200
2021-11-01,145.44585011354084,146.13895238181297,144.28415529948526,145.41656494140625,74588300
2021-11-02,145.12372094423125,147.96450225059075,145.11394928812004,146.4513702392578,69122000
2021-11-03,146.81257403590004,148.35499132920407,146.25614074482093,147.88641357421875,54511500
2021-11-04,147.97426542713765,148.80403696262286,147.0566234619275,147.3690185546875,60394600
2021-11-05,148.49328605752575,148.79635114627666,146.7042085245969,147.8969268798828,65463900
2021-11-08,148.02402320404659,148.18044870579655,146.80197694204415,147.07571411132812,55020900
2021-11-09,146.84107977637362,148.0435691533501,146.70421118808,147.43743896484375,56787900
2021-11-10,146.66515060177312,146.77269130050686,144.54367946999045,144.6121063232422,65187100
2021-11-11,145.62882237351127,146.0882980655143,144.37743321812488,144.5631866455078,41000000
2021-11-12,145.11064651980587,147.03659252052734,144.18189439318962,146.63577270507812,63804000
2021-11-15,147.00730510695527,148.48354686753203,146.08832372641191,146.6455841064453,59222800
2021-11-16,146.58689139053743,148.1022316953491,146.00030323462437,147.62318420410156,59256200
2021-11-17,147.62317383397615,151.5337214852073,147.61340283516802,150.0574951171875,88807000
2021-11-18,150.27262482103686,155.12169711619316,149.62738067059388,154.33958435058594,137827700
2021-11-19,154.12446895909494,157.41911583313842,153.02952027938457,156.95962524414062,117305600
2021-11-22,158.0643575600625,161.99446283900974,157.39957149925132,157.41912841796875,117467900
2021-11-23,157.51689191338718,158.18169292863084,155.502961782972,157.8004150390625,96041900
2021-11-24,157.1551520319611,158.5140669022848,156.0699743356913,158.31854248046875,69463600
2021-11-26,156.0015407986573,156.8618512011978,152.86331951425362,153.30325317382812,76959800
2021-11-29,155.80598568259293,157.5852919747901,155.23895449884512,156.6565399169922,88748200
2021-11-30,156.41217318635103,161.8185054389282,156.34373142534065,161.60342407226562,174048100
2021-12-01,163.73466976035556,166.49161375206606,160.8506430799377,161.0852813720703,152052500
2021-12-02,155.19014164372396,160.52803264766237,154.27116024660182,160.09786987304688,136739200
2021-12-03,160.35203598315746,161.27101721338744,156.14819360952984,158.2207794189453,118023100
2021-12-06,160.61599065605895,164.12571914002814,160.6062196554979,161.6229705810547,107497000
2021-12-07,165.29885432698077,167.74294665807957,164.57539762665544,167.3518829345703,120405400
2021-12-08,168.28069194116756,172.02504411674911,166.882663021836,171.1647186279297,116998900
2021-12-09,170.9985358177286,172.79738478635073,170.03066956515224,170.65635681152344,108923700
2021-12-10,171.29179439045112,175.61294836881706,170.78341894665584,175.4369659423828,115402700
2021-12-13,177.06961358561998,178.0570365302883,171.6046261840087,171.8099365234375,153237000
2021-12-14,171.3308817563336,173.76520322122326,168.35887188331523,170.43145751953125,139380400
2021-12-15,171.19404218690133,175.4858686850592,168.45665517933287,175.29034423828125,131063300
2021-12-16,175.27077720416733,177.08918279763162,166.93153397693786,168.4077606201172,150185800
2021-12-17,166.12987292514003,169.59071677301714,165.89524955752734,167.3128204345703,195432700
2021-12-20,164.51679054709132,166.76535914150864,163.71513578207376,165.95391845703125,107499100
2021-12-21,167.72344617879446,169.32677069078633,165.3380088741713,169.12147521972656,91185900
2021-12-22,169.17029609354066,171.92723953166936,168.30019977990446,171.712158203125,92135300
2021-12-23,171.91746810959268,172.89510508509778,171.35043687369296,172.3378448486328,68356600
2021-12-27,173.12973764737882,176.38527073958,173.11019564746687,176.2972869873047,74919600
2021-12-28,176.13111784462515,177.27495155456995,174.5375644683696,175.2805633544922,79144300
2021-12-29,175.31963018526795,176.59056116138325,174.15623986676752,175.36851501464844,62348900
2021-12-30,175.45653864701075,176.53194546765312,174.10739462067014,174.21493530273438,59773000
2021-12-31,174.1073747963206,175.22188041192248,173.29593427269404,173.59901428222656,64062300
2022-01-03,173.85319685203027,178.79026689432098,173.73588518068755,177.93971252441406,104487900
2022-01-04,178.54585013474667,178.84891521802436,175.11433471652768,175.68136596679688,99310400
2022-01-05,175.59335905952486,176.140833320671,170.73450261552068,171.00823974609375,94537600
2022-01-06,168.83789205056922,171.37975399378487,167.80159930862231,168.15354919433594,96904000
2022-01-07,169.02367835082143,170.24572473108867,167.2052727402814,168.3197784423828,86709100
2022-01-10,165.2988731483881,168.64239004792708,164.40921985835627,168.33932495117188,106765600
2022-01-11,168.46644539148625,171.26247339503044,166.99998962694013,171.1647186279297,76138300
2022-01-12,172.18141648353657,173.21770927349675,170.91050037060046,171.6046142578125,74805200
2022-01-13,171.8490383580425,172.6702498945838,167.94826118313497,168.33932495117188,84505800
2022-01-14,167.50832321300913,169.89375992557677,167.26391395832079,169.19964599609375,80440800
2022-01-18,167.67449730684277,168.68146210817613,165.62146879237642,166.00274658203125,90956700
2022-01-19,166.19831524532339,167.25416515581253,162.22911080921511,162.5126190185547,94815000
2022-01-20,163.24578825290368,165.8854046223724,160.5084022366735,160.83102416992188,91420500
2022-01-21,160.74307541554964,162.61036568511253,158.67048972769118,158.7780303955078,122848900
2022-01-24,156.44149634340394,158.67050778679211,151.24045969712583,158.00570678710938,162294600
2022-01-25,155.4247355135648,159.1202024043847,153.5085752311325,156.20684814453125,115798400
2022-01-26,159.84367643647036,160.71377291639465,154.29070450112417,156.11888122558594,108275300
2022-01-27,158.81715723147198,160.17607231774176,154.74041197266266,155.65939331054688,121954600
2022-01-28,162.0042414218655,166.5404767176366,159.1593140383979,166.5209197998047,179935700
2022-01-31,166.3547503312831,171.08651082179728,165.71927719769477,170.87142944335938,115541600
2022-02-01,170.1186576369502,170.93009836904955,168.45667724529795,170.7052459716797,86213900
2022-02-02,170.84207875406224,171.94681342176997,169.45383589849953,171.90769958496094,84914300
2022-02-03,170.57810026310062,172.2987509371964,168.27087633720052,169.03343200683594,89418100
2022-02-04,168.05455952783922,170.42346859121156,167.0756769166009,168.74957275390625,82465400
2022-02-07,169.20964451994723,170.27662295458384,167.3399751947351,168.0349884033203,77251200
2022-02-08,168.10348925040896,171.64705409326743,167.80982151011347,171.13803100585938,74829200
2022-02-09,172.33228001362485,172.9196005956565,171.20655609241282,172.5574188232422,71285000
2022-02-10,170.4626223841964,171.7743215374217,167.92731993059743,168.4852752685547,90865900
2022-02-11,168.690860750742,169.4250227899619,164.4914455219278,165.0787811279297,98670700
2022-02-14,163.8355528500562,165.99888966269845,163.04266044585623,165.3136749267578,86185500
2022-02-15,167.35955476472148,169.29773807776493,166.654758116967,169.14111328125,62527400
2022-02-16,168.22095896225642,169.67948428764964,166.45896752351715,168.9061737060547,61177400
2022-02-17,167.41826624498145,168.27968759105596,164.91232953264935,165.3136749267578,69589300
2022-02-18,166.23389408651346,166.93867600251053,162.68054453288332,163.76710510253906,82772700
2022-02-22,161.49607262837773,163.16996871038384,158.7258326412145,160.8500213623047,91162800
2022-02-23,162.04423283731927,162.6413518716535,156.37650867254357,156.68975830078125,90009200
2022-02-24,149.3579234730035,159.4110529381091,148.7901697172211,159.30337524414062,141147500
2022-02-25,160.38012393186045,161.6330924831591,157.47284137265066,161.36880493164062,91974200
2022-02-28,159.61662156600548,161.92678549313706,158.99992064321486,161.63311767578125,95056600
2022-03-01,161.22197083806662,163.0818568508139,158.5496253630897,159.75364685058594,83474400
2022-03-02,160.91847532377236,163.82575721391015,159.50888229381948,163.0426483154297,79724800
2022-03-03,164.91235266773373,165.3430634011942,162.05401727070716,162.7196502685547,76678400
2022-03-04,161.01643666085187,162.05405003585454,158.67690737340956,159.72430419921875,83737200
2022-03-07,159.91028134097652,161.5352302369313,155.68150083148916,155.93601989746094,96418800
2022-03-08,155.4661583222758,159.44041971330986,152.50992837199067,154.11529541015625,131148300
2022-03-09,158.06998280822745,159.95923428896205,156.04370327606966,159.50894165039062,91454900
2022-03-10,156.81701649151432,157.00300660733848,152.6861300144377,155.17250061035156,105342000
2022-03-11,155.5737819765236,155.9163968116597,151.23733985445327,151.4624786376953,96970100
2022-03-14,148.2517595892854,150.86537421208124,146.9302771053436,147.4392852783203,108732100
2022-03-15,147.71337523300835,152.28477002224423,147.2043670461277,151.8148956298828,92964300
2022-03-16,153.73349374971625,156.62119402728206,151.19819175617425,156.2198486328125,102300200
2022-03-17,155.26058530967927,157.60011436017203,154.30128444798586,157.22813415527344,75615400
2022-03-18,157.1204422875064,161.0066074424884,156.3862803303168,160.5171661376953,123511700
2022-03-21,160.05709828830467,162.83713639325782,159.56765695852218,161.8876190185547,95811400
2022-03-22,162.01483036264074,165.842264360941,161.42750984935597,165.25494384765625,81532000
2022-03-23,164.4424952526729,168.9942934206818,164.1096638130363,166.61561584472656,98062700
2022-03-24,167.4476727675763,170.46263328488442,166.61563143205333,170.3941192626953,90131400
2022-03-25,170.20807683974928,171.5785062279276,169.10193494578817,171.03033447265625,80546200
2022-03-28,168.53422465828777,172.0190445148475,168.36781639958284,171.8917999267578,90371900
2022-03-29,172.95874922006587,175.2297488255487,172.6161343745908,175.18081665039062,100589400
2022-03-30,174.77950323773482,175.81711647524634,172.96856432856262,174.01597595214844,92633200
2022-03-31,174.0845168128981,174.27050693821633,170.71715752826566,170.9227294921875,103049300
2022-04-01,170.35494237968112,171.18699858724577,168.30908127405286,170.6290283203125,78751300
2022-04-04,170.8835430731966,174.72076108227714,170.75628355518236,174.67181396484375,76468400
2022-04-05,173.75165021722813,174.53475923368862,170.7366902126206,171.36317443847656,73401800
2022-04-06,168.72020734548278,169.963392443072,166.5373033062765,168.20140075683594,89058800
2022-04-07,167.54556668896316,169.69910564386342,166.26323274049562,168.50486755371094,77594700
2022-04-08,168.15248323813117,168.15248323813117,165.6269638660641,166.4981689453125,76575500
2022-04-11,165.14731642594322,165.46055114101816,162.0050962053992,162.24981689453125,72246700
2022-04-12,164.47185939466212,166.28278325109693,163.1209966207163,164.1194610595703,79265200
2022-04-13,163.85517369033073,167.42808955183875,163.24827119923606,166.80160522460938,70618900
2022-04-14,167.01697710019764,167.65325987659003,161.55480933143042,161.79953002929688,75329400
2022-04-18,160.45842830966066,163.0818413516457,160.11582837374732,161.5841522216797,69023900
2022-04-19,161.53522902332887,164.27610359926777,160.44866861751814,163.86495971679688,67723800
2022-04-20,165.1962674744082,165.31374357546795,162.59245039656437,163.69857788085938,67929800
2022-04-21,165.34306268686478,167.90773030576432,162.40641490220864,162.9056396484375,87227800
2022-04-22,162.9447609842284,164.32497373265443,158.08949800288954,158.3733673095703,84882400
2022-04-25,157.71758646013552,159.72429911751857,155.11376965466397,159.4404296875,96046400
2022-04-26,158.82370741856425,158.91180327087787,153.41048764569481,153.48880004882812,95623200
2022-04-27,152.61762090114706,156.41567600749497,152.0988142121799,153.26368713378906,88063200
2022-04-28,155.88703274270952,161.0457475218325,155.57378318397548,160.184326171875,130216800
2022-04-29,158.42235165998022,162.69028026576657,153.9292842451666,154.32083129882812,131747600
2022-05-02,153.40067973909794,154.88857035171824,150.0333216240582,154.62428283691406,123055300
2022-05-03,154.81028218380573,157.31623426694395,153.0189401124905,156.11219787597656,88966500
2022-05-04,156.29821776928353,162.96440737050813,155.89687222909777,162.51412963867188,108256500
2022-05-05,160.38988547136523,160.6150242386814,151.67782324411957,153.4593963623047,130525300
2022-05-06,152.93986371222095,156.3023722983105,151.14587460582203,154.18487548828125,116124600
2022-05-09,151.8811126841976,152.76341048572758,148.50882129057032,149.06759643554688,131577900
2022-05-10,152.45952464307157,153.6555174482576,149.92048190900607,151.46939086914062,115366700
2022-05-11,150.47928231405317,152.39090538432077,142.94061098912724,143.61703491210938,142689800
2022-05-12,139.96043637411066,143.32293029647687,136.0685607235715,139.7545623779297,182602000
2022-05-13,141.74459868206603,145.18553469561974,140.2937279042498,144.2150115966797,113990900
2022-05-16,142.68570084334092,144.61693408926746,141.34265112461745,142.67588806152344,86643800
2022-05-17,145.9305738468132,146.8226694807634,143.7934664467187,146.3031005859375,78336300
2022-05-18,143.9601314929513,144.46008977155722,137.14688920750964,138.04879760742188,109742900
2022-05-19,137.12729010884627,138.87226008655338,133.91183880440775,134.64707946777344,136095600
2022-05-20,136.3528361484188,137.93115346240322,130.00036063657,134.88235473632812,137426100
2022-05-23,135.07838767461445,140.4407432989188,134.94114336987113,140.293701171875,117726300
2022-05-24,138.0389654521871,139.1761411372566,134.62745335548652,137.5978240966797,104132700
2022-05-25,135.70583264997845,138.99971190055481,135.61760734755066,137.7547149658203,92482700
2022-05-26,134.68626677474316,141.49949297179577,134.4411865880973,140.9505157470703,90601500
2022-05-27,142.52887188890233,146.7344424649416,142.40142537012454,146.6952362060547,90978500
2022-05-31,146.13644955191023,147.69515625482543,143.95032308788612,145.9109649658203,103718400
2022-06-01,146.95010821381516,148.75391017683245,144.773794451972,145.78353881835938,74286600
2022-06-02,144.92085472708317,148.29316134885798,143.96994216366954,148.23434448242188,72348100
2022-06-03,144.0091506541789,145.05810131692076,141.61717995046743,142.51907348632812,88570300
2022-06-06,144.13656879270374,145.6462712304333,142.0484806619193,143.2640838623047,71598400
2022-06-07,141.50933876771822,146.06782531945106,141.26425852389363,145.78353881835938,67808200
2022-06-08,145.6560576230458,146.92066479832334,144.5581031788664,145.0482635498047,53950200
2022-06-09,144.18557316361037,145.03844740252498,139.72511089989996,139.83294677734375,69473000
2022-06-10,137.5194322486073,137.98998215242344,134.36279735008839,134.43142700195312,91437900
2022-06-13,130.25520640425938,132.53935542645704,128.853354985689,129.28469848632812,122207100
2022-06-14,130.5101288143863,131.25516732822615,128.89259032192393,130.14739990234375,84784300
2022-06-15,131.64731188113106,134.63729418113485,129.55923814253225,132.76487731933594,91533000
2022-06-16,129.48077097128098,129.78466802101963,126.50058741056863,127.50051879882812,108123900
2022-06-17,127.51032472551074,130.46108474224513,127.25543176187765,128.9709930419922,134520300
2022-06-21,130.79441426737327,134.36278178825876,130.69639115129178,133.19619750976562,81000500
2022-06-22,132.13743964836019,135.04899374439105,131.27476747959807,132.68643188476562,73409200
2022-06-23,134.12750324123766,135.8626603415122,132.9609190593017,135.54896545410156,72433800
2022-06-24,137.14689423988725,139.1173489130396,137.01946268880786,138.8722686767578,89116800
2022-06-27,139.89179587794544,140.6662578013618,138.19584483125837,138.8722686767578,70207900
2022-06-28,139.33304472180774,140.5976523771425,134.61770255675322,134.73533630371094,67083400
2022-06-29,134.7548943447595,137.90171551636791,133.98043259004706,136.49005126953125,66242400
2022-06-30,134.5490335635321,135.64698810352084,131.1375212724895,134.0294647216797,98964500
2022-07-01,133.36284196732555,136.3038045198631,132.9903302157903,136.1959686279297,71051600
2022-07-05,135.05880629688934,138.82323473193733,134.2353254229341,138.7742156982422,73353800
2022-07-06,138.5683715462856,141.28384979355582,138.30368070277723,140.1074676513672,74064300
2022-07-07,140.4701612232241,143.66601661315485,140.46036340026106,143.46995544433594,66253700
2022-07-08,142.40142264422443,144.64636610420064,142.1465445700594,144.14639282226562,64547800
2022-07-11,142.80334848304327,143.7542609845207,140.95054251842944,142.0190887451172,63141600
2022-07-12,142.89155544175705,145.5286208059207,142.19553604555907,142.98959350585938,77588800
2022-07-13,140.17610485424197,143.56800712971256,139.3232154144063,142.6269073486328,71185600
2022-07-14,141.24462523992875,146.0187828364424,140.43095716603992,145.54823303222656,78140700
2022-07-15,146.83245817528143,147.8912065060331,145.2835494113212,147.21478271484375,76259900
2022-07-18,147.77358792071823,148.58725611818477,143.8130828380742,144.17581176757812,81420900
2022-07-19,145.0090524915063,148.25391198084102,144.01893385798232,148.0284423828125,82982400
2022-07-20,148.1460756395822,150.6949157224323,147.41083503397257,150.02828979492188,64823400
2022-07-21,151.4595528168205,152.50850317822432,148.9499341408544,152.29283142089844,65086600
2022-07-22,152.3320525114364,153.2045374479934,150.3910214648786,151.05763244628906,66675400
2022-07-25,150.97921649648936,151.9889458272938,149.28326552705713,149.94007873535156,53623900
2022-07-26,149.26366918886245,150.07733740905365,147.8324089141252,148.61666870117188,55138700
2022-07-27,149.5773707705413,154.2338952339947,149.1656377708993,153.7045135498047,78620700
2022-07-28,153.8907653704556,154.53778073211737,151.37134852302864,154.2534942626953,81378700
2022-07-29,158.06690844043507,160.4098742170783,156.36114510873213,159.31190490722656,101786900
2022-08-01,157.84144361325252,160.37067302404677,157.72380990621818,158.33160400390625,67829400
2022-08-02,156.94933946867826,159.21387773959583,156.488587574071,156.86109924316406,59907000
2022-08-03,157.67479700322565,163.3116417148104,157.58657171952117,162.86070251464844,82507500
2022-08-04,162.7430582477967,163.89984462441896,161.19414951620604,162.5469970703125,55474100
2022-08-05,160.22042780912037,162.81206933981917,160.01426786699392,162.32122802734375,56697000
2022-08-08,163.32251461167718,164.7361398246356,161.19226535966965,161.84999084472656,60276900
2022-08-09,161.0156004495246,162.78263230320212,160.25970057725633,161.89910888671875,63135500
2022-08-10,164.60853143111325,166.23812814464867,163.8428202002786,166.1399688720703,70170500
2022-08-11,166.94492022851418,167.85789272456063,165.10917878344554,165.4036865234375,57149200
2022-08-12,166.70933581222894,169.01628078921996,166.29701596444957,168.94757080078125,68039400
2022-08-15,168.3782005294128,170.21394216296972,168.21131628811554,170.01760864257812,54091700
2022-08-16,169.61511402434292,170.52808660786044,168.51563433427114,169.86053466796875,56377100
2022-08-17,169.6052979143018,172.92337473871223,169.40896440067246,171.35269165039062,79542000
2022-08-18,170.5673396933382,171.69626861182405,169.94887490568271,170.9600067138672,62290100
2022-08-19,169.86053968443733,170.55754092380556,168.1720444080825,168.37820434570312,70346300
2022-08-22,166.58172694573366,166.74861119438174,164.07843325743647,164.5005645751953,69026800
2022-08-23,164.01951691966545,165.61966421752064,163.59738564765863,164.16676330566406,54147100
2022-08-24,164.25514348994625,165.03066617037743,163.2047358944321,164.46128845214844,53841500
2022-08-25,165.68839353539587,167.0234825149317,165.26627719342727,166.91549682617188,51218200
2022-08-26,167.44564772442519,167.9168512892463,160.56404149028532,160.62294006347656,78961000
2022-08-29,158.19816763869952,159.9161124345619,156.89254277561915,158.42396545410156,73314000
2022-08-30,159.16019500251252,159.58231130465205,154.8309714061125,155.99917602539062,77906200
2022-08-31,157.37351363125413,157.63857209111154,154.261582013457,154.34011840820312,87991100
2022-09-01,153.77076113952282,155.5181549609377,151.83684522830168,155.06658935546875,74229900
2022-09-02,156.82384189990486,157.42266906282578,152.13139887739348,152.9560089111328,76957800
2022-09-06,153.60388383195894,154.21252227519972,150.87480729194033,151.6994171142578,73714800
2022-09-07,151.9841081371773,153.80021196934476,150.79626559392008,153.1032257080078,87449600
2022-09-08,151.80741774838046,153.4959132532277,149.88331299426738,151.63072204589844,84923800
2022-09-09,152.62220516793604,154.92916542303703,151.91539245059826,154.48739624023438,68028800
2022-09-12,156.6667134786447,161.2511691580026,156.38203213199495,160.43637084960938,104956000
2022-09-13,156.9710748828432,157.59935128029267,150.56068735003652,151.02207946777344,122656600
2022-09-14,151.95463927472932,154.22233860679495,150.79626102566698,152.46511840820312,87965400
2022-09-15,151.81719923234522,152.39640331677907,148.6071081028978,149.57896423339844,90481100
2022-09-16,148.44019701186863,148.57763194380593,145.6522077108374,147.9395294189453,162278800
2022-09-19,146.5750321533895,151.72886599832884,146.36888718799335,151.65032958984375,81474200
2022-09-20,150.59008188296497,155.1843635395565,150.2759512881002,154.02597045898438,107689800
2022-09-21,154.45792171393398,155.83228620825895,150.78643873263653,150.90423583984375,101696800
2022-09-22,149.58879338602387,151.6405063427645,148.14571882351763,149.94219970703125,86652500
2022-09-23,148.42058784002563,148.6954577569954,145.83875792782328,147.67449951171875,96029900
2022-09-26,146.91863241520423,150.95334879982894,146.89899456754617,148.00830078125,93339400
2022-09-27,149.9422080635759,151.88593544780034,147.20330517830297,148.9801483154297,84442700
2022-09-28,144.93560783080054,147.8806554147203,142.18689375661808,147.09530639648438,146691400
2022-09-29,143.42383363893248,144.03247205665744,138.1031007730531,139.87013244628906,128138200
2022-09-30,138.69211755301987,140.4787870882612,135.47219979960417,135.6685333251953,124925300
2022-10-03,135.67835835777296,140.44933637961338,135.1678792129988,139.84068298339844,114311700
2022-10-04,142.3734205948832,143.54162523892447,141.61752082886468,143.423828125,87830100
2022-10-05,141.431060587486,144.68042854372132,140.39046414563674,143.71836853027344,79471000
2022-10-06,143.13912691743977,144.8374334955695,142.5599378213271,142.76608276367188,68402200
2022-10-07,139.9290453992253,140.47880029356153,136.8956494527264,137.52392578125,85925600
2022-10-10,137.84786987304688,139.29094450363405,136.03176603772727,137.84786987304688,74899000
2022-10-11,137.33739611427865,138.76084793369003,135.68817645989057,136.4342498779297,77033700
2022-10-12,136.58147619996143,137.78894134975735,135.6292430799311,135.80593872070312,70433700
2022-10-13,132.5173428390662,140.9598044199806,131.90868942611982,140.3708038330078,113224000
2022-10-14,141.66663200393148,141.8727919675868,135.65873850521228,135.8452606201172,88598000
2022-10-17,138.48597103526853,140.282437004532,137.7006219624551,139.80142211914062,85250900
2022-10-18,142.8249846575733,144.01281203046764,138.03436952113134,141.11685180664062,99136600
2022-10-19,139.09458913180654,142.2948685353432,138.9080670690917,141.22483825683594,61758300
2022-10-20,140.40022528755236,143.21764906737312,140.03699260265552,140.76344299316406,64522000
2022-10-21,140.25299045906925,145.1417806685085,140.03701908535325,144.57240295410156,86548600
2022-10-24,144.49386606815804,147.47817461798252,143.3256613631015,146.71246337890625,75981900
2022-10-25,147.34071401880695,149.69676086548404,146.62409003086213,149.54949951171875,74732300
2022-10-26,148.19481318791426,149.20594507644813,145.32828678897533,146.6143035888672,88194300
2022-10-27,145.35775035197634,146.31979510961392,141.48991849585923,142.14764404296875,109180200
2022-10-28,145.48537216958695,154.6150242142885,145.11234293200243,152.88726806640625,164762400
2022-10-31,150.35455427074947,151.41477358412882,149.13726210073048,150.53125,97943200
2022-11-01,152.2393339638939,152.60255171953904,146.3983256985316,147.89047241210938,80379300
2022-11-02,146.22160672381153,149.38262560122348,142.34396380900958,142.3734130859375,93604600
2022-11-03,139.45783369878677,140.1842842462697,136.2084665510831,136.33609008789062,97918500
2022-11-04,139.71867839937045,140.28900066971147,132.13735779737468,136.0706024169922,140814800
2022-11-07,134.82177198830993,136.827719829141,133.40580174577732,136.6015625,83374600
2022-11-08,138.06672226567503,139.069688836373,135.19545550623369,137.17190551757812,89908500
2022-11-09,136.18857977969958,136.23774833279379,132.3438299914245,132.61915588378906,74917800
2022-11-10,138.88288280173376,144.41891479492188,137.17191586897493,144.41891479492188,118854000
2022-11-11,143.38645323831483,147.5065147597333,141.96063992686575,147.20169067382812,93979700
2022-11-14,146.48384590068005,147.77198095425382,144.96953850636208,145.80535888671875,73374100
2022-11-15,149.67960607049233,151.02673737922098,146.08068410249945,147.53598022460938,89868300
2022-11-16,146.64119143040293,147.36883205309908,144.83188757505272,146.30685424804688,64218300
2022-11-17,143.98620818910433,148.95193124541828,143.71088233685353,148.20462036132812,80389400
2022-11-18,149.76811828911318,150.15160903599656,147.46717380781297,148.76513671875,74829600
2022-11-21,147.65398361312236,147.86047052115927,145.25470236836378,145.53985595703125,58724100
2022-11-22,145.65786938764137,147.9096450709946,144.47788413446048,147.67364501953125,51804100
2022-11-23,146.95585380028717,149.29613922514196,146.84768896962234,148.548828125,58301400
2022-11-25,145.83487333926465,146.3953678932279,144.66473067745702,145.63821411132812,35195900
2022-11-28,142.717800718595,144.192767660707,140.98717824134044,141.8131561279297,69246000
2022-11-29,141.8819517027843,142.39327767480953,138.007718580844,138.81402587890625,83763800
2022-11-30,139.0401533008067,146.23799618945276,138.20434805005414,145.55950927734375,111380900
2022-12-01,145.73651677852905,146.6411610165093,144.16321331865586,145.8348388671875,71250400
2022-12-02,143.52408428382984,145.53003217962117,143.21924526160134,145.34320068359375,65447400
2022-12-05,145.3038811249747,148.4013049961633,143.33725898348703,144.1829071044922,68826400
2022-12-06,144.61557170242608,144.8417290558683,139.55151049910586,140.52499389648438,64727200
2022-12-07,139.8169835109002,140.97728320609625,137.6635301739463,138.5878448486328,69721100
2022-12-08,139.98414879173407,141.1247931057231,138.7451823842777,140.26930236816406,62128300
2022-12-09,139.96449489513216,143.14060047218985,138.54852454565471,139.78750610351562,76097000
2022-12-12,140.3184631007223,142.08842573001988,138.70583381716978,142.07859802246094,70462700
2022-12-13,147.00500937638787,147.4671667934874,141.83279839446703,143.04226684570312,93886200
2022-12-14,142.9242617747897,144.21239680146076,138.80418622868987,140.81997680664062,82291200
2022-12-15,138.75505030022137,139.43353745953314,133.7598273780729,134.22198486328125,98931900
2022-12-16,134.40882419317708,135.35279464023196,131.49821613912175,132.26519775390625,160156900
2022-12-19,132.8551821275431,132.94367653807714,129.12843913282236,130.16090393066406,79592600
2022-12-20,129.19723960857664,131.0261987808424,127.72227301817315,130.09205627441406,77432800
2022-12-21,130.76070405901197,134.52678732015247,130.5345467103143,133.18948364257812,85928000
2022-12-22,132.10785363301125,132.31434056379908,128.12544063659777,130.02322387695312,77852100
2022-12-23,128.7350936895975,130.21006041152802,127.47645662054781,129.65940856933594,63814900
2022-12-27,129.1874232542848,129.2169213883547,126.57181200307966,127.85994720458984,69007800
2022-12-28,127.505939784758,128.8432433891337,123.76936236246999,123.9365234375,85438400
2022-12-29,125.8539710621533,128.30241331797103,125.59831560715067,127.44693756103516,75703700
2022-12-30,126.26698223669045,127.78127473228464,125.30333405560762,127.76160430908203,77034200
2023-01-03,128.10575347623433,128.71540148347327,122.09772277878758,122.98270416259766,112117500
2023-01-04,124.77235918676689,126.51282423450827,122.99256829233606,124.25120544433594,89113600
2023-01-05,125.00832719533365,125.63764564758301,122.67788488068354,122.93354034423828,80962700
2023-01-06,123.90702590791659,128.11558844506558,122.80571484542136,127.45677185058594,87754700
2023-01-09,128.29256430946583,131.18350053047544,127.72224223148623,127.97789764404297,70790800
2023-01-10,128.08609090104719,129.06940194282927,125.98180587179891,128.54824829101562,63896200
2023-01-11,129.05959971999454,131.2818777117784,128.2827904454057,131.26222229003906,69458900
2023-01-12,131.64572074057682,132.0193688291939,129.24643878440378,131.18356323242188,71379600
2023-01-13,129.82658137088367,132.66835024455597,129.46276101465787,132.51101684570312,57809700
2023-01-17,132.57984966159466,134.99878678874634,131.89153482883353,133.67132568359375,63646600
2023-01-18,134.53662257229425,136.29674271738915,132.7764874230637,132.9534912109375,69672800
2023-01-19,131.84235433638028,133.9761376268957,131.53753029546903,133.0124969482422,58280400
2023-01-20,133.02231973826562,135.71659745917918,131.98001240951498,135.569091796875,80223600
2023-01-23,135.81491475833332,140.92814412125819,135.59858513124948,138.75502014160156,81760300
2023-01-24,137.96839974299797,140.77084282048162,137.95857203194126,140.15135192871094,66435100
2023-01-25,138.53871015801215,140.05300275817604,136.49342112366645,139.49252319335938,65799300
2023-01-26,140.78062529691158,141.8426029112318,139.53181620357194,141.5574493408203,54105100
2023-01-27,140.77079221891566,144.77285978471076,140.69212554632242,143.4945526123047,70555800
2023-01-30,142.54077586673455,143.12092578303154,140.46598895897412,140.6134796142578,64015300
2023-01-31,140.31846671250062,141.931096037562,139.90547792238985,141.88192749023438,65874500
2023-02-01,141.56728874190614,144.16322923439725,138.96152054070433,143.00291442871094,77663600
2023-02-02,146.41502317640206,148.65697138188685,145.6972102432423,148.30299377441406,118339000
2023-02-03,145.55951636317744,154.7534795979514,145.36285717719954,151.92153930664062,154357300
2023-02-06,150.02379246889225,150.5449461888697,148.2636570715711,149.1977996826172,69858300
2023-02-07,148.12597415973434,152.63936822302708,148.12597415973434,152.0690460205078,83322600
2023-02-08,151.3119247541495,152.00023955919008,148.64714493246836,149.38462829589844,64120100
2023-02-09,151.213581264491,151.75440537570756,147.9096553354024,148.35214233398438,56007100
2023-02-10,147.19009004770194,149.04152741969745,146.95372962642622,148.71653747558594,57450700
2023-02-13,148.65744714640496,151.91717418893083,148.62790397291747,151.51341247558594,62199000
2023-02-14,149.8096612758476,151.43461079325414,148.56880303013764,150.87326049804688,61707600
2023-02-15,150.78463194852628,153.13833305811258,150.5581292969133,152.97091674804688,65573800
2023-02-16,151.17855953849067,153.95573796607766,151.02100096105386,151.3755340576172,68167900
2023-02-17,150.03619479649413,150.6763169294936,148.55897600306773,150.233154296875,59144100
2023-02-21,147.9188390818426,149.00213887625634,146.15603126407484,146.22496032714844,58867200
2023-02-22,146.60902132895072,147.67262055430007,144.9250004924314,146.64842224121094,51011300
2023-02-23,147.81048914517564,148.05669224456878,145.00378282832062,147.13096618652344,48394200
2023-02-24,144.87576101262292,144.9545478123535,143.50687229977612,144.48184204101562,55469600
2023-02-27,145.46664446890208,146.90446214048941,145.21058363066865,145.67344665527344,44998500
2023-02-28,144.8166705381309,146.8158385647427,144.6000106018143,145.17120361328125,50547000
2023-03-01,144.60000744430354,144.9939263960711,142.80764165155819,143.10308837890625,55479000
2023-03-02,142.1872231725768,144.481837933212,141.71450238763347,143.69398498535156,52238100
2023-03-03,145.7915968006226,148.81497757802083,145.0923885282298,148.73619079589844,70732300
2023-03-06,151.4542972077173,153.92618602775224,151.1293223291666,151.4936981201172,87558000
2023-03-07,151.3656586110283,151.69064849711955,148.83469862838186,149.2975616455078,56182000
2023-03-08,150.48919246419973,151.13917230662574,149.52408044265695,150.54827880859375,47204800
2023-03-09,151.22781194000862,152.19292402611515,147.94838436334126,148.30291748046875,53833600
2023-03-10,147.92866457828165,148.64757336129242,145.3681465462101,146.24462890625,68572400
2023-03-13,145.56510332314932,150.81415467329558,145.4567733693173,148.18470764160156,84457100
2023-03-14,148.98245037600438,151.07024829967136,147.8203787096759,150.27255249023438,73695900
2023-03-15,148.8937927615987,150.92250395033966,147.64307677577528,150.6664581298828,77167900
2023-03-16,149.84902704990262,154.0837224896345,149.33692050143605,153.4829864501953,76161100
2023-03-17,153.7095036146111,154.3594833307599,151.936838491952,152.64590454101562,98944600
2023-03-20,152.71487589238697,155.42311016638172,151.80883520237765,155.0094757080078,73641400
2023-03-21,154.93070734117964,156.9791040860205,154.16253977805687,156.86093139648438,73938300
2023-03-22,156.88062840402722,159.67749219321786,155.41325242402124,155.43295288085938,75701800
2023-03-23,156.41777837205046,159.09646969740976,155.28523492873595,156.51625061035156,67622100
2023-03-24,156.44730394409444,157.90482213956633,155.45264879499626,157.81619262695312,59196500
2023-03-27,157.51093700805714,158.32833330749588,155.47236761782167,155.8761444091797,52390300
2023-03-28,155.57082346557496,156.0829301456233,153.6110412861723,155.25567626953125,45992200
2023-03-29,156.94957673019417,158.60406968566105,156.929891297985,158.3283233642578,51305700
2023-03-30,159.07672328299577,160.00244921246374,158.8206775049261,159.8941192626953,49501700
2023-03-31,159.97295363930863,162.49407137264149,159.4510041879724,162.3955841064453,68749800
2023-04-03,161.7751634166065,163.76447396805997,161.7259197832038,163.64630126953125,56976200
2023-04-04,164.06977129650792,164.3061166832112,162.60239523685718,163.114501953125,46278300
2023-04-05,162.2380152446489,162.54330471265868,159.34266411557562,161.27288818359375,51511700
2023-04-06,159.96306777674639,162.45465692468338,159.5396056660462,162.15921020507812,45390100
2023-04-10,158.96841666370352,159.56915283203125,157.64877164706385,159.56915283203125,47716900
2023-04-11,159.88429605818737,159.8941387722609,158.0722298566841,158.3578338623047,47644200
2023-04-12,158.77145737665472,159.59869619161648,157.35332510698044,157.66847229003906,50133100
2023-04-13,159.17521196081944,163.28187732223762,158.96839477228292,163.04551696777344,68445600
2023-04-14,162.09028798128088,163.79402444901268,161.3319931654023,162.7008819580078,49386500
2023-04-17,162.5826774005875,162.8781241294329,161.53877864877254,162.72055053710938,41516200
2023-04-18,163.5773508935462,164.8674527745674,163.13417327770642,163.9417266845703,49923000
2023-04-19,163.2819281451353,165.60608642613127,163.02586725800396,165.08413696289062,47720200
2023-04-20,163.56749547193866,165.32046042282218,163.04554607797024,164.11898803710938,52456400
2023-04-21,162.5432913390932,163.9220227028112,161.991798793606,162.5137481689453,58337300
2023-04-24,162.49407133338445,163.08496487632468,161.400928797878,162.81906127929688,41949600
2023-04-25,162.68117729099055,163.78416246885476,161.24334444666383,161.28274536132812,48714100
2023-04-26,160.58352244501583,162.7698073781101,160.32747660698578,161.27288818359375,45498800
2023-04-27,162.6811372537476,165.9999497127407,162.6811372537476,165.85223388671875,64902300
2023-04-28,165.93105213681218,167.27039764589344,165.33031595199535,167.10296630859375,55275900
2023-05-01,166.70902333840385,167.86125191507637,166.07874407354768,167.01431274414062,52472900
2023-05-02,167.50674796522142,167.76280882251325,164.9954731830596,165.98028564453125,48425700
2023-05-03,166.925713661642,168.32414556576836,164.6212560883793,164.90684509277344,65136000
2023-05-04,162.3857237588548,164.50306450874902,161.81453073644045,163.2720489501953,81235400
2023-05-05,168.38320830672657,171.65279246173276,168.16654839153733,170.9338836669922,113453200
2023-05-08,169.86044681233003,171.20965008439242,169.49607101524845,170.86495971679688,55962800
2023-05-09,170.42179836441701,170.9043468501181,168.993823309898,169.16123962402344,45326900
2023-05-10,170.39224965147537,171.38690478906514,169.28924951921832,170.92404174804688,53724500
2023-05-11,171.20966280003566,171.9384144483228,169.5551699505623,171.11117553710938,49514700
2023-05-12,171.2196142676148,171.6535334613317,168.63584185680983,170.18414306640625,45533100
2023-05-15,170.76598190315437,170.81529363826058,169.09934457223466,169.69105529785156,37266700
2023-05-16,169.61215953124739,170.74625419954612,169.42478396654107,169.69105529785156,42110300
2023-05-17,169.3360433616003,170.53916250241704,168.06386972955488,170.302490234375,57951600
2023-05-18,170.60822168470452,172.8172584115987,170.1940301198803,172.6298828125,65496700
2023-05-19,173.95136353170963,173.95136353170963,172.52141315393132,172.73837280273438,55809500
2023-05-22,171.57466634347682,172.2945846931845,171.0519949677244,171.7916259765625,43570900
2023-05-23,170.73642708015296,170.9829707500323,168.9119979039132,169.18812561035156,50747300
2023-05-24,168.7246024757336,170.03621645106807,168.16249079935005,169.4642333984375,45143500
2023-05-25,170.02637505144457,171.49576564962197,169.31632809947834,170.59835815429688,56058300
2023-05-26,170.92379413047703,173.33991896491864,170.71669083708804,173.00460815429688,54835000
2023-05-30,174.5134895983742,176.51542312806916,174.1288820495124,174.84878540039062,55964400
2023-05-31,174.87834951174753,176.87042648421155,174.3162227478627,174.79945373535156,99625300
2023-06-01,175.24323239604442,177.62977324467488,174.4838737017158,177.60018920898438,68901800
2023-06-02,178.52716847079088,179.26679934554073,176.78163539298924,178.44827270507812,61996900
2023-06-05,180.10507993454968,182.3929972823034,175.57852688511534,177.0972442626953,121946500
2023-06-06,177.4818481362361,177.62976831057978,174.97695616659206,176.73236083984375,64848400
2023-06-07,175.97299569419778,178.70470351330488,174.8684849721747,175.361572265625,61944600
2023-06-08,175.44044804834044,178.3398036598064,175.00654388250445,178.07354736328125,50214900
2023-06-09,178.99070336218668,179.71060666093933,178.13273621096323,178.4581756591797,48900000
2023-06-12,178.7638742754878,181.34764691680866,178.468018885392,181.2490234375,54274900
2023-06-13,180.27273686584886,181.60406367252176,179.91771337450308,180.7756805419922,54929100
2023-06-14,180.8348467124019,181.84074910193183,179.50351991974284,181.40682983398438,57462900
2023-06-15,181.4167083517838,183.9413132306641,181.23918907707676,183.4383544921875,65433200
2023-06-16,184.14840773628853,184.40482280312972,181.72242626645283,182.36343383789062,101256200
2023-06-20,181.86046794433722,183.52710548415504,181.86046794433722,182.45216369628906,49799100
2023-06-21,182.34367850052172,182.84663717983523,180.0656175699355,181.41668701171875,49515700
2023-06-22,181.19971869233248,184.46395407144706,181.1306792503188,184.41464233398438,51245300
2023-06-23,182.9847233686237,184.96692915011988,182.45218058994394,184.09909057617188,53117000
2023-06-26,184.2470177435845,185.45015206010262,182.66913223239737,182.70858764648438,48088700
2023-06-27,183.32000947784528,185.78544616190248,183.10304984582174,185.4600067138672,50730800
2023-06-28,185.33178721386028,187.27455239917202,185.00636283468697,186.633544921875,51216800
2023-06-29,186.46591313429835,187.44223149955704,186.3278492789131,186.96885681152344,46347300
2023-06-30,188.9806243235532,191.79121262094537,188.61572952588827,191.28826904296875,85213200
2023-07-03,191.10092178559267,191.19954526937022,189.10884478636748,189.79917907714844,31458200
2023-07-05,188.92148652956726,190.31198136153697,187.98460856583768,188.68479919433594,46920300
2023-07-06,187.21536187872596,189.36523009534062,186.5842108059987,189.1581268310547,45094300
2023-07-07,188.76369580404943,190.0062704618662,187.60987325439862,188.0437774658203,46815000
2023-07-10,186.6433878022031,187.36330604998784,184.45407912216882,186.00238037109375,59922200
2023-07-11,186.5447914459214,186.68285528837708,184.02018687082855,185.47972106933594,46638100
2023-07-12,187.05759515232103,189.04967210294507,185.86433228601203,187.1463623046875,60750200
2023-07-13,187.8662603208446,188.54672319895087,187.15621340871894,187.90570068359375,41342300
2023-07-14,187.59998771190843,188.53685056119244,187.00829198764853,188.0536346435547,41616200
2023-07-17,189.24689758888442,191.63345333608896,189.15814548736353,191.30801391601562,50520200
2023-07-18,190.6768691009351,191.64331601668746,189.75971887799713,191.05160522460938,48288200
2023-07-19,190.4303301514657,195.48939585264796,189.9865395225249,192.40267944335938,80507300
2023-07-20,192.39282446393295,193.75375040663724,189.8386355247165,190.45993041992188,59581200
2023-07-21,191.41650251566858,192.2744696321092,188.5861710830146,189.28636169433594,71951700
2023-07-24,190.73605347791477,192.2153155367517,189.59208720760122,190.08517456054688,45377800
2023-07-25,190.65711599447494,191.75177028050072,190.25278084201756,190.94309997558594,37283200
2023-07-26,190.9924473358141,192.93521264770516,190.64729522856234,191.81097412109375,47471900
2023-07-27,193.30998316918408,194.47366217807738,189.8879555038913,190.54869079589844,47460200
2023-07-28,191.97862287270013,193.9115318637554,191.45595149688123,193.12258911132812,48291400
2023-07-31,193.34938604539337,193.77344894031904,192.56044337061044,193.73399353027344,38824100
2023-08-01,193.52690392813534,194.0101198390568,192.58016971551623,192.90560913085938,35175100
2023-08-02,192.3434921357412,192.48155598125388,189.19760772385698,189.91751098632812,50389300
2023-08-03,188.92147165885288,189.7103992851957,188.05363321247987,188.52699279785156,61235200
2023-08-04,182.95511789971007,184.78940327661547,179.40488328381886,179.4739227294922,115956800
2023-08-07,179.61197056531847,180.59814508763776,174.89805755245857,176.3773193359375,97576100
2023-08-08,177.20569866966517,177.77768168655697,175.1248698685598,177.31417846679688,67823000
2023-08-09,178.36941190145535,178.42857997538025,174.5627769846933,175.72647094726562,60378500
2023-08-10,176.99863993985085,178.2510860859084,175.14464164213348,175.509521484375,54686900
2023-08-11,175.10462674008653,176.3883728930982,174.34424265962002,175.56874084472656,52036700
2023-08-14,175.746520759633,177.44503302668653,175.0947628987085,177.21791076660156,43675600
2023-08-15,176.64514364841483,177.23763842738072,174.8380051896738,175.23300170898438,43622600
2023-08-16,174.9169842350172,176.30935657463468,174.29485048513217,174.36398315429688,46964900
2023-08-17,174.92688028330798,175.29225282363015,171.31260330101006,171.82611083984375,66062900
2023-08-18,170.14734105941557,172.91236175457905,169.81159252872837,172.3099822998047,61172200
2023-08-21,172.88274314562352,173.92949746098708,171.56935789788312,173.6431121826172,46311900
2023-08-22,174.8478727981476,175.46012191641384,174.04799506153495,175.0157470703125,42038900
2023-08-23,176.28963972003098,179.2817827873095,176.10201110060572,178.85714721679688,52722800
2023-08-24,178.41275636104422,178.83739189345877,173.81097351698816,174.17636108398438,54945800
2023-08-25,175.16389608553052,176.91177162464882,173.62338845938785,176.37852478027344,51449600
2023-08-28,177.8400098200833,178.33376298082638,176.31925671498092,177.9387664794922,43820700
2023-08-29,177.45489519701718,182.5899254092932,177.25739693272806,181.81967163085938,53003900
2023-08-30,182.62942352828824,185.50307057198083,182.43192527543482,185.30555725097656,60813900
2023-08-31,185.4931879048022,186.75719481874472,185.13768501849643,185.52281188964844,60794500
2023-09-01,187.1225652663115,187.54718572230075,185.92767607044595,187.0929412841797,45766500
2023-09-05,185.92766852324166,187.60642607121574,185.26604116890505,187.32992553710938,45280000
2023-09-06,186.04618648324464,186.4905763861184,179.20277485131902,180.62478637695312,81755800
2023-09-07,172.99134398653018,175.98350189646143,171.37183427986267,175.34161376953125,112488800
2023-09-08,176.121746745329,177.9881329660241,175.56873058484743,175.953857421875,65551300
2023-09-11,177.82027676778657,178.0473990105972,175.12437356668377,177.119140625,58953100
2023-09-12,177.24749835360407,177.87950173703112,172.6358460753217,174.09735107421875,90370200
2023-09-13,174.30471474035696,175.08485308011382,171.80632524830068,172.03346252441406,84267900
2023-09-14,171.82607585790313,173.8998448696545,171.41132506918257,173.54434204101562,60895800
2023-09-15,174.27510652680778,174.29486087176767,171.6483512368518,172.82347106933594,109259500
2023-09-18,174.27511585610648,177.13889330258442,173.96899129951683,175.7465057373047,67257600
2023-09-19,175.3021409914078,177.38578010579235,174.91701409671836,176.83277893066406,51826900
2023-09-20,177.02034206614,177.45484717087322,173.2085678311816,173.29745483398438,58436200
2023-09-21,172.36923745366522,174.09737357666756,171.68785565712008,171.75697326660156,63149100
2023-09-22,172.48773574692532,174.8676297137013,171.87548661966315,172.60623168945312,56725400
2023-09-25,172.02361011818323,174.7590070374673,171.97423178505466,173.880126953125,46172700
2023-09-26,172.63585300181884,173.01109513731117,169.51532957863083,169.81158447265625,64588900
2023-09-27,170.46336179203436,170.87811270067803,166.93797153448685,168.30072021484375,66921800
2023-09-28,167.22429469748067,169.88068876106084,165.52578284422083,168.55743408203125,56294400
2023-09-29,169.8708616906263,170.9077464641982,168.21184303928078,169.07098388671875,51861100
2023-10-02,169.0808338409062,172.12235512412923,168.79444856905252,171.5792236328125,52164500
2023-10-03,170.1078434596355,171.46073744550782,168.6858469308082,170.24609375,49594600
2023-10-04,168.95244285882518,172.03347264460572,168.83394692911625,171.49034118652344,53020300
2023-10-05,171.6187292983148,173.25799352598938,170.52259660006877,172.72474670410156,48527900
2023-10-06,171.6285909459562,175.76624458491796,171.016326818613,175.27249145507812,57266700
2023-10-09,174.60096707330928,176.81298636382684,173.60359124576962,176.7537384033203,42390800
2023-10-10,175.8748846750232,177.47464011941017,175.72674968355904,176.1612548828125,43698000
2023-10-11,175.97358830016492,177.60298244581088,175.38109366659629,177.55360412597656,47551100
2023-10-12,177.8202822818536,180.0619109305439,176.80313684087554,178.45228576660156,56743100
2023-10-13,179.1533769286896,179.65699967721181,175.9143577270369,176.61549377441406,51427100
2023-10-16,174.5417330268598,176.84262444155877,174.3047260977915,176.48712158203125,52517000
2023-10-17,174.4430143362244,176.19090503163542,172.61613638208402,174.936767578125,57549400
2023-10-18,173.3863659573123,175.36137864838344,172.9222367694585,173.6431121826172,54764400
2023-10-19,173.84059314667203,175.61810740546204,173.00122187734726,173.26785278320312,59302900
2023-10-20,173.11974130623128,173.2283676109075,170.48310107616433,170.72010803222656,64244000
2023-10-23,168.77470794688867,171.8359684831129,167.80694090892598,170.83859252929688,55980100
2023-10-24,170.88797493724758,171.50022404547477,169.30795876796012,171.27310180664062,43816600
2023-10-25,169.73259505065448,170.89784530264086,168.51795139973865,168.96234130859375,57157000
2023-10-26,168.24146504420852,169.23885617849143,163.6001878537521,164.80494689941406,70625300
2023-10-27,164.8247009041889,166.8490920877316,164.74569858206283,166.1183319091797,58499100
2023-10-30,166.90832288755587,169.03145545417337,166.7601878982554,168.16244506835938,51131000
2023-10-31,167.23418704526227,168.764809656098,165.8022909489589,168.63644409179688,44846000
2023-11-01,168.86355325507674,172.05319393081336,167.9945430130093,171.79644775390625,56934900
2023-11-02,173.32708036470643,175.55883879665177,173.26783240773895,175.35147094726562,77334800
2023-11-03,172.06312932936157,174.61089777938133,171.1842491912974,174.44300842285156,79829200
2023-11-06,174.1763842242903,177.1882666996337,174.0085099439187,176.9907684326172,63841300
2023-11-07,176.94138484513783,180.1606652677133,176.7340169447808,179.5484161376953,70530000
2023-11-08,180.07179468790036,181.15804266662394,179.3212801943679,180.60504150390625,49340300
2023-11-09,180.67414339377055,181.81963914926845,179.5385022077218,180.13101196289062,53763500
2023-11-10,181.910910546582,184.48181599083316,181.47583284789292,184.31370544433594,66133400
2023-11-13,183.74020094629049,183.94784205398747,182.14822040593083,182.7316131591797,43627500
2023-11-14,185.59912547957174,186.00454008995078,184.21480130754796,185.342041015625,60108400
2023-11-15,185.7474572062222,187.3789832148446,185.67823345303117,185.90565490722656,53790500
2023-11-16,187.4482222334322,188.82266388785246,186.5385061665612,187.58665466308594,54412900
2023-11-17,188.12059370194675,188.24914348244,186.4594046371221,187.56686401367188,50922700
2023-11-20,187.76462241033667,189.7620174322178,187.75473976876387,189.30715942382812,46505100
2023-11-21,189.2676114417462,189.37638084971888,187.61630503925363,188.5062255859375,38134500
2023-11-22,189.3467095850447,190.77057938008178,188.6940931656517,189.16871643066406,39617700
2023-11-24,188.73363999587542,188.76330300712377,187.13177703645835,187.84371948242188,24048300
2023-11-27,187.79427548166112,188.53588093642713,186.78568783853885,187.6657257080078,40552600
2023-11-28,187.65584993609482,188.9413024556769,187.2800983304318,188.26890563964844,38415400
2023-11-29,188.7633011569372,189.9399842182602,186.85491037465812,187.25042724609375,43014200
2023-11-30,187.71515943504943,188.18979776505014,186.08363355367433,187.8239288330078,48794400
2023-12-01,188.19969953750024,189.4159283197641,187.11200544734405,189.09951782226562,45704800
2023-12-04,187.85361573572166,187.9228394923183,185.35193435249073,187.3097686767578,43389500
2023-12-05,188.0810636242485,192.2241539878595,188.05138552105933,191.255126953125,66628400
2023-12-06,192.27358406476233,192.58011192579394,189.95977851245675,190.1674346923828,41089700
2023-12-07,191.4627754603769,192.817436726138,191.42321471638212,192.09561157226562,47477700
2023-12-08,192.0263919187675,193.79636559429088,191.50232520965804,193.51950073242188,53406400
2023-12-11,190.9485830810774,191.3243346926335,189.27749628821252,191.01779174804688,60943700
2023-12-12,190.9189246189266,192.54056806660662,189.57414602172835,192.5306854248047,52696900
2023-12-13,192.90643617191267,195.78386938859322,192.66913204715806,195.74432373046875,70404200
2023-12-14,195.80361960949875,197.38570218691584,193.96443748585023,195.89260864257812,66831600
2023-12-15,195.3190970971854,196.17935458626624,194.79503045579114,195.35865783691406,128538400
2023-12-18,193.89520715993984,194.42917151631295,192.214237877434,193.69744873046875,55751900
2023-12-19,193.96443406555753,194.74558515548247,193.69745188302565,194.73570251464844,40714100
2023-12-20,194.69613029502625,195.46739869863922,192.64930725097656,192.64930725097656,52242800
2023-12-21,193.90511142023345,194.87413831888384,191.33420648650613,192.50099182128906,46482500
2023-12-22,192.9954077755279,193.2228443252002,190.81015202156473,191.43310546875,37149600
2023-12-26,191.44298138124012,191.719846217368,190.6717128965979,190.88925170898438,28919300
2023-12-27,190.33549688162287,191.33418668795235,188.95115779593849,190.98809814453125,48087700
2023-12-28,191.96705978425237,192.4812438348005,191.00791544042355,191.413330078125,34049900
2023-12-29,191.72973752393827,192.2241411947973,189.5840274029703,190.3750762939453,42672100
2024-01-02,185.05528848269014,186.33085840634024,181.83178197139316,183.56219482421875,82488700
2024-01-03,182.15805061619977,183.7994740724038,181.37688453456076,182.18771362304688,58414500
2024-01-04,180.11123597031312,181.04071720671112,178.85546161628733,179.87393188476562,71983600
2024-01-05,179.95306152436652,180.71443234786256,178.1534248404595,179.15211486816406,62379700
2024-01-08,180.0519155054874,183.52263874374273,179.46852282651062,183.4830780029297,59144500
2024-01-09,181.86141829199212,183.0776469225398,180.68473531069785,183.06776428222656,42841800
2024-01-10,182.2866315170422,184.31367440860302,181.8614365329183,184.1060333251953,46792900
2024-01-11,184.45212033242825,184.9564217479187,181.56480461990643,183.51275634765625,49128400
2024-01-12,183.97748271061099,184.64987951630312,183.11722519297732,183.83905029296875,40477800
2024-01-16,180.12115895148446,182.19764543114704,178.9049149905355,181.57470703125,65603000
2024-01-17,179.2411232206481,180.88253205239923,178.28197882705663,180.6353302001953,47317400
2024-01-18,184.00715864056133,187.0230241166397,183.7500741577492,186.51873779296875,78005800
2024-01-19,187.21091817907703,189.80158889565502,186.70663180624828,189.41595458984375,68903000
2024-01-22,190.14763349819026,193.14371820043874,190.1080727596782,191.71983337402344,60133900
2024-01-23,192.83720939883855,193.55903452389106,191.66052626402544,192.9954071044922,42355600
2024-01-24,193.23271418014866,194.18197579456825,192.16480052192722,192.32301330566406,53631300
2024-01-25,193.0349547434494,194.07320538533628,190.9485708187439,191.9967041015625,54822100
2024-01-26,192.09558049769083,192.5800863732271,189.7916578927919,190.2662811279297,44594000
2024-01-29,189.86087972294905,190.04875551955823,187.4580852833725,189.58401489257812,47145600
2024-01-30,188.80286821503816,189.65324309628332,185.37170567810733,185.93531799316406,55859400
2024-01-31,184.94649475418208,185.0058358609704,182.28661602120093,182.33604431152344,55467800
2024-02-01,181.93065217781273,184.857513201702,181.7625567551165,184.76852416992188,64885400
2024-02-02,177.84687547061628,185.2332669548565,177.24370243482153,183.76983642578125,102551700
2024-02-05,186.0440863383638,187.1317803970082,183.75994390321247,185.579345703125,69668800
2024-02-06,184.76852130142626,187.19109601961685,184.67953227102765,187.18121337890625,43490800
2024-02-07,188.50622203381667,188.91163664571195,186.49894443287428,187.2899932861328,53439000
2024-02-08,187.27020463334281,187.41851968576853,185.25304448034683,186.21218872070312,40962000
2024-02-09,186.77650719907678,188.10321111496148,186.13296840440984,186.9745330810547,45155200
2024-02-12,186.54881961012742,186.79633688725167,184.93500212895557,185.2914276123047,41781900
2024-02-13,183.92513863049606,184.36077144619387,181.68757282391297,183.20237731933594,56529500
2024-02-14,183.47959151637605,183.68749754312392,180.6281880058035,182.32119750976562,54630500
2024-02-15,181.72716915991907,182.65783644316613,179.5490203671251,182.03408813476562,65434500
2024-02-16,181.59845842120637,183.0142649801448,179.86583763061847,180.49948120117188,49752500
2024-02-20,179.98465441119404,180.6182980286837,178.2124373755958,179.75694274902344,53665600
2024-02-21,180.13315310757224,181.0737156195715,178.8658660184515,180.50938415527344,41371400
2024-02-22,181.65787110291916,183.1231842228548,180.64801151557128,182.53903198242188,52292200
2024-02-23,183.1726595934398,183.20236045475278,180.4202689919066,180.7073974609375,45119700
2024-02-26,180.43016184540704,180.94498679638724,178.85594081227745,179.3608856201172,40867400
2024-02-27,179.30151026553332,182.09349711935678,177.77679547469845,180.81631469726562,54318900
2024-02-28,180.69748823755316,181.30143093346823,178.34113428414614,179.61831665039062,48953900
2024-02-29,179.46981142225187,180.75690414056305,177.74708592784262,178.95497131347656,136682600
2024-03-01,177.76690051629518,178.73716395290236,175.61845249589473,177.8758087158203,73563100
2024-03-04,174.4006596751229,175.14321147352493,172.06409607852763,173.36109924316406,81510100
2024-03-05,169.0641855800497,170.33147275577412,167.93550746706842,168.4305419921875,95132400
2024-03-06,169.36121186741923,169.53943215491887,167.00484265804033,167.4404754638672,68587700
2024-03-07,167.47017484778516,169.0344857697736,166.81674075207243,167.32167053222656,71765100
2024-03-08,167.32166963491963,171.9749911536114,167.26226790901475,169.03448486328125,76267000
2024-03-11,171.2225546353428,172.6482565736913,170.34139373001014,171.03443908691406,60139500
2024-03-12,171.43048197939208,172.30174774042325,169.3117344210043,171.5096893310547,59825400
2024-03-13,171.05423942259554,171.4700666239107,169.06419090034882,169.43052673339844,52488700
2024-03-14,171.1928340614332,172.57892461566286,170.34137411890524,171.2819366455078,72913500
2024-03-15,169.47008856862954,170.9056854248047,168.59882311892224,170.9056854248047,121752700
2024-03-18,173.82643054023092,175.94517770513775,171.7967859641753,171.9947967529297,75604200
2024-03-19,172.6086191723699,174.85607994565953,171.31163124958826,174.3313446044922,55215200
2024-03-20,173.97494430389506,176.89564514160156,173.35119593354977,176.89564514160156,53423100
2024-03-21,175.29170540355622,175.7273381457555,169.1433707597941,169.66810607910156,106181300
2024-03-22,170.05425166968308,171.33144918231721,168.37113733503185,170.569091796875,71160100
2024-03-25,168.8760716915293,170.23246134793257,167.76718417070535,169.15328979492188,54288300
2024-03-26,168.31174106723407,169.71763732680742,167.8959138727621,168.02462768554688,57388400
2024-03-27,168.7176879462108,171.87601096065072,168.42066417893392,171.58888244628906,60273300
2024-03-28,170.04434616825796,170.51957504542207,168.8166552027259,169.7770233154297,65672700
2024-04-01,169.48991432845702,169.54931605122675,167.79688969325008,168.3414306640625,46240500
2024-04-02,167.40089107386055,167.65830361021796,166.55932626663449,167.16326904296875,49329500
2024-04-03,167.11376514661308,168.98499523543435,166.9058590852198,167.96522521972656,47691700
2024-04-04,168.59883533803097,170.2126525655396,167.14344787597656,167.14344787597656,53704400
2024-04-05,167.90581505219322,168.69787335368648,167.2721714324497,167.8959197998047,42104800
2024-04-08,167.35138730592178,167.51969724864153,166.56923932419392,166.7771453857422,37425500
2024-04-09,167.02464767080627,168.39094781013864,166.67813256359855,167.98501586914062,42373800
2024-04-10,167.12364410431726,167.41075745661644,165.4504251384005,166.11376953125,49709300
2024-04-11,166.66823651643443,173.7175391133101,166.49003132152566,173.30169677734375,91070300
2024-04-12,172.52944039553972,176.58872985356905,172.47994902506244,174.7967071533203,101670900
2024-04-15,173.6185038309996,174.8758957155582,170.78690583147454,170.9750213623047,73531800
2024-04-16,170.04436539186383,172.0343988146065,166.59892920522176,167.69790649414062,73711200
2024-04-17,167.9256004082147,168.9552655008738,166.3315887451172,166.3315887451172,50901200
2024-04-18,166.36129252101995,166.96523521407434,164.8959946340493,165.38111877441406,43122900
2024-04-19,164.55936395716853,164.74746436429578,162.45051229612085,163.3613739013672,68149400
2024-04-22,163.8762247169617,165.59893510418706,163.13367296874276,164.1930389404297,48116400
2024-04-23,163.70794332424896,165.39105789202225,163.2822057253187,165.24253845214844,49537800
2024-04-24,164.8860792640679,167.61867928406764,164.55936979904956,167.34146118164062,48251800
2024-04-25,167.84640961058278,168.9156860278579,166.4801094484109,168.2028350830078,50558300
2024-04-26,168.1929553099538,169.63844783702467,167.49989480565932,167.61871337890625,44838400
2024-04-29,171.64824848286057,174.2818355072499,171.38094074443057,171.77696228027344,68169400
2024-04-30,171.60868084411632,173.2521991943247,168.31174889120035,168.6384735107422,65934800
2024-05-01,167.8959315377214,170.99485287185942,167.43059781958385,167.61871337890625,50383100
2024-05-02,170.79682058773386,171.69778712393833,169.19291342760516,171.31166076660156,94214900
2024-05-03,184.7963988764884,185.14292911827533,180.84603267784937,181.5588836669922,163224100
2024-05-06,180.53910014061182,182.3707188474722,178.62825898838415,179.90545654296875,78569700
2024-05-07,181.6281680754234,183.06376520709566,179.51933122687228,180.58859252929688,77305800
2024-05-08,181.03415540635302,181.25197183429347,179.64804949152685,180.9252471923828,45057100
2024-05-09,180.74701199258516,182.82616313989396,180.30148392023486,182.737060546875,48983000
2024-05-10,183.3120385724197,183.50040923773955,180.5658387363955,181.47793579101562,50759500
2024-05-13,183.84743912898392,185.49318663872077,183.0344740478803,184.6802215576172,72044800
2024-05-14,185.89964252722956,186.68286641073877,184.69011878206607,185.82032775878906,52393600
2024-05-15,186.2962448244031,189.01270420161362,185.76087383759318,188.0906982421875,70400000
2024-05-16,188.83421956137332,189.45881387860598,188.03117836935675,188.20962524414062,52845200
2024-05-17,187.8824709799172,189.1713095252472,187.55530322495105,188.2393798828125,41282900
2024-05-20,187.70400151197455,190.27175449259957,187.38674246856843,189.39930725097656,44361300
2024-05-21,189.44891605266244,191.07483113273048,189.2803778274553,190.69810485839844,42309400
2024-05-22,190.6187885434668,191.16406816634918,188.63596455316463,189.2605438232422,34648500
2024-05-23,189.3398501117122,189.35968258649532,185.02721720275102,185.2750701904297,51005900
2024-05-24,187.19839293954828,188.94327235106317,186.4250777783575,188.34841918945312,36327000
2024-05-28,189.86528785982966,191.34249703943843,187.47599667367734,188.3583526611328,52280100
2024-05-29,187.98163930401122,190.59896650948673,187.88249204796585,188.65579223632812,53068000
2024-05-30,189.12170872016605,190.52951165486797,188.99283547357805,189.64715576171875,49889100
2024-05-31,189.79589676882185,190.9161970579539,188.2790377703441,190.59893798828125,75158300
2024-06-03,191.24336235629542,193.31542486412093,190.86663609575578,192.36366271972656,50080500
2024-06-04,192.96841099700254,193.64257895328527,191.37223723797064,192.680908203125,47471400
2024-06-05,193.72190135445058,195.20901937445223,193.19645419760306,194.1878662109375,54156800
2024-06-06,194.0094143560484,194.8124556459051,192.5024638984892,192.80979919433594,41181800
2024-06-07,192.97832848334124,195.24867030234284,192.47271383884646,195.1990966796875,53103900
2024-06-10,195.20899197297106,195.60556579928584,190.49978557066368,191.46145629882812,97010200
2024-06-11,191.98691085726122,205.38089548057218,191.96709351098235,205.3709716796875,172373300
2024-06-12,205.58909768640683,218.3089152196564,205.1231328450552,211.2401580810547,198134300
2024-06-13,212.8958066808934,214.888539245905,209.7827737762817,212.4001007080078,97862700
2024-06-14,212.01346682824212,213.32212283006638,209.48536314811375,210.66514587402344,70122700
2024-06-17,211.5375569916551,217.06963733267014,210.8931452933454,214.80921936035156,93728300
2024-06-18,215.72132373307375,216.75240063817128,211.1707464886947,212.4496612548828,79943300
2024-06-20,212.0927425591543,212.4000929584359,207.05638337080816,207.87924194335938,86172500
2024-06-21,208.58314195009936,210.0702597495804,205.3313122387871,205.7080535888672,241805100
2024-06-24,205.93610206103614,210.87332959032133,204.8158016590104,206.3524932861328,80727000
2024-06-25,207.35378999494392,209.56464939365068,206.8184342324815,207.2744903564453,55549700
2024-06-26,209.6835932133486,213.01473742695407,208.83097847035006,211.41856384277344,66213200
2024-06-27,212.84622088780682,213.88720639689362,210.52632069800987,212.26129150390625,49772700
2024-06-28,213.91695291908772,214.21437951883613,208.4939285392998,208.81117248535156,82542700
2024-07-01,210.26855134899324,215.64200216221636,210.10001313722785,214.88853454589844,60402900
2024-07-02,214.2936836981781,218.4873670751859,213.25271326862932,218.37831115722656,58046200
2024-07-03,218.1106471909744,219.6473388671875,217.14897630904898,219.6473388671875,37369800
2024-07-05,219.7464397478406,224.5052198536283,219.7464397478406,224.3961639404297,60412400
2024-07-08,225.13972278278513,225.89320550199054,221.3327047505454,225.86346435546875,59085900
2024-07-09,225.9725055332989,227.42988222637766,224.4259054004998,226.716064453125,48076100
2024-07-10,227.3307677065015,231.0783037422216,227.28119408246098,230.97915649414062,62627700
2024-07-11,229.40280147827102,230.39421338925845,223.83107137940016,225.61561584472656,64710600
2024-07-12,226.95403700304678,230.64209091466597,226.71609267309665,228.56011962890625,53046500
2024-07-15,234.44908623752588,235.1926451763578,231.08820043911544,232.38694763183594,62631300
2024-07-16,232.98182214446476,234.2409196318231,230.3347538954296,232.80337524414062,43234300
2024-07-17,227.4794799069808,229.47222770464353,224.6936146131452,226.9143829345703,57345900
2024-07-18,228.3023493485251,228.46097889584826,220.36114484151935,222.25473022460938,66034600
2024-07-19,222.88925101284036,224.85224251867803,221.36246807560826,222.3836212158203,49151500
2024-07-22,225.06043082550624,225.82382229500527,221.17409763275575,222.03663635253906,48201800
2024-07-23,222.44307270253879,224.9910084270489,220.76758424988336,223.07757568359375,39960300
2024-07-24,222.07627816799848,222.86941075843336,215.26528287042115,216.6631622314453,61777600
2024-07-25,217.04978217666016,218.9533061807155,212.77679965909306,215.62216186523438,51391200
2024-07-26,216.82176985722595,217.60499369491455,214.15486954444728,216.088134765625,41601300
2024-07-29,215.09674706599597,217.41664743865044,213.8971319294418,216.36575317382812,36311800
2024-07-30,217.3075942808937,218.43780333279796,214.26395224147618,216.9209442138672,41643800
2024-07-31,219.53827220377053,221.89783756706774,218.73523091700034,220.1727752685547,50036300
2024-08-01,222.44310665442717,222.55216258005441,215.15623749650504,216.48472595214844,62501000
2024-08-02,217.26793834308685,223.66255798049997,215.8403177402066,217.9718475341797,105568600
2024-08-05,197.38019703112641,211.66644653820467,194.31673780556494,207.4727783203125,119548600
2024-08-06,203.53686913101606,208.18659343179937,199.34320096724198,205.45028686523438,69660500
2024-08-07,205.12313014700663,211.80525225793107,204.61751548926864,208.01806640625,63516400
2024-08-08,211.27980900719393,212.36044444161047,207.0365669160157,211.47808837890625,47161100
2024-08-09,210.2784745623819,214.91827509282652,210.1495861717322,214.38291931152344,42201600
2024-08-12,214.4623401059105,217.8767320905019,213.9958359256548,215.91146850585938,38028100
2024-08-13,217.38044783379533,220.23902400333975,217.38044783379533,219.62364196777344,44155300
2024-08-14,218.92887503482297,221.37056313371255,218.06533789669703,220.0703125,41960600
2024-08-15,222.9288560878089,223.67327566716008,221.1025352094067,223.04795837402344,46414000
2024-08-16,222.25391598005478,225.14226768918678,221.98592068094572,224.36807250976562,44340200
2024-08-19,224.04054098731652,224.30853630427512,221.38047353975193,224.2092742919922,40687800
2024-08-20,224.09014645304697,225.4797235950926,223.77252016614798,224.8246307373047,30299000
2024-08-21,224.8345868015738,226.28371522001356,223.37552309496598,224.71546936035156,34765500
2024-08-22,226.09511339685906,226.64102413052154,222.2340576918725,222.859375,43695300
2024-08-23,223.98097823318813,226.52192810531062,222.66087229355688,225.15219116210938,38677300
2024-08-26,225.07276614784877,225.58890128123517,222.22412549030662,225.48963928222656,30602200
2024-08-27,224.31846403822652,227.147264886192,223.21672230373292,226.33335876464844,35934600
2024-08-28,226.22416240429726,228.149730282918,224.00082364270057,224.8048095703125,38052200
2024-08-29,228.3879521456165,231.18696212304621,227.1770283167567,228.0802459716797,51906300
2024-08-30,228.4772755570311,228.68570457235603,225.78743262658827,227.29612731933594,52990800
2024-09-03,226.84946493362216,227.29611365629745,219.52437135882835,221.1124725341797,50190600
2024-09-04,220.01074262314262,220.12984491677884,215.86183603349318,219.20677185058594,43840200
2024-09-05,219.9809527371486,223.80229748015876,219.87177059333374,220.72537231445312,36615400
2024-09-06,222.2837029728863,223.56411324365834,218.13481142105056,219.177001953125,48423000
2024-09-09,219.17698492990527,219.62363365317324,215.0975649862482,219.2663116455078,67180000
2024-09-10,217.29112653781655,219.83207646515766,215.1174187834135,218.47227478027344,51591000
2024-09-11,219.81221238330573,221.43007391385896,216.2687680395375,221.00328063964844,44587100
2024-09-12,220.8444772424724,221.88666769221828,218.18442519080247,221.1124725341797,37455600
2024-09-13,221.9164638014437,222.37303270856336,220.25889118684435,220.84449768066406,36766600
2024-09-16,214.9288136198369,215.6037619118882,212.32831274384958,214.71046447753906,59357400
2024-09-17,214.14470101422842,215.2861383219032,212.90400170360138,215.1769561767578,45519300
2024-09-18,215.9313221513165,221.05293280374121,215.92138686335736,219.04795837402344,59894900
2024-09-19,223.31596324984213,228.11002736409566,222.95864123060412,227.16708374023438,66781300
2024-09-20,228.25889437635817,231.35567496568984,225.9263736470506,226.50205993652344,318679900
2024-09-23,225.64847983003366,227.74278104335218,224.12986496132828,224.7849578857422,54146000
2024-09-24,226.94871280288095,227.64351653597865,224.05044101841318,225.67823791503906,43556100
2024-09-25,223.2563961324406,225.59883710649478,222.35317851779175,224.68568420410156,42308700
2024-09-26,225.608784129346,226.79985253593196,223.73284722402752,225.8271484375,36636700
2024-09-27,226.76012088076428,227.81223139225995,225.60874837392768,226.0950927734375,34026000
2024-09-30,228.3283747151782,231.266357421875,227.9412771261621,231.266357421875,54541900
2024-10-01,227.81225543239978,227.9412778656533,222.07526286618742,224.52688598632812,63285000
2024-10-02,224.2092739820147,225.67825786117984,221.36063294746157,225.0926513671875,32880600
2024-10-03,223.46483520314058,225.12240767637772,221.65838486968212,223.9908905029297,34044200
2024-10-04,226.20430944090455,226.30357145139808,222.46237094034984,225.1125030517578,37245100
2024-10-07,222.8296017820206,224.01074997862722,219.68319006872073,220.04051208496094,39505400
2024-10-08,222.6311156567822,224.29860847272343,221.58892507419034,224.09017944335938,31855700
2024-10-09,223.55419337095574,228.04056698162543,223.15717559100585,227.83212280273438,33591100
2024-10-10,226.0851959438118,227.7923994519787,225.47973405841245,227.3358154296875,28183500
2024-10-11,227.5939128444124,227.70309500312143,225.64848941975737,225.85693359375,31759200
2024-10-14,226.99836439928595,230.00581860221664,226.89911753216435,229.5790252685547,39882100
2024-10-15,231.87182665313995,235.7229623804217,230.6410474142004,232.11004638671875,64751400
2024-10-16,229.87676649695567,230.39288648800354,228.1298522341637,230.055419921875,34082200
2024-10-17,231.6931740173152,232.11006236609234,228.80483716826546,230.42269897460938,32993800
2024-10-18,234.42267769537074,234.42267769537074,232.2688255608399,233.25146484375,46431500
2024-10-21,232.7055644739604,235.08771628667242,232.7055644739604,234.720458984375,36254500
2024-10-22,232.14972869721714,234.46239402859047,230.8693336731526,234.10507202148438,38846600
2024-10-23,232.33830371042365,233.39041424004768,226.06532109909307,229.04299926757812,52287000
2024-10-24,228.26882480795348,229.10258628095696,226.71051430099084,228.8544464111328,31109500
2024-10-25,228.03062932515897,231.484732210271,227.86189602437614,229.68820190429688,38802300
2024-10-28,231.5839844241638,232.98348177622344,230.81970938626554,231.6633758544922,36087100
2024-10-29,231.36563017470797,232.5864741436605,230.59143496071306,231.93138122558594,35417200
2024-10-30,230.8792736886572,231.73287549326048,227.8420439394486,228.38795471191406,47070900
2024-10-31,227.63361336879595,228.11997302154123,223.6931505739168,224.22914123535156,64370100
2024-11-01,219.32586653780092,223.67328184782377,218.6310779402587,221.25143432617188,65276700
2024-11-04,219.34572401852256,221.13231895883285,218.0752491010658,220.35812377929688,44944500
2024-11-05,220.14969745378525,222.28369429475046,219.49460455688452,221.78741455078125,28111300
2024-11-06,220.95366880237512,224.387931303672,219.54423614319148,221.06285095214844,54561100
2024-11-07,222.95865940199351,226.18447798056903,222.89910825147632,225.78744506835938,42137700
2024-11-08,225.72780810336752,227.20835428792034,224.9726384261151,225.51914978027344,38328800
2024-11-11,223.5715733715174,224.26712634517858,220.0937933412938,222.80645751953125,42005600
2024-11-12,223.1244332571579,224.15782408060912,221.94198562097503,222.80645751953125,40398300
2024-11-13,222.58787261698694,225.2111120360391,221.34580821096,223.69082641601562,48566200
2024-11-14,223.5914518391994,227.41700079571672,223.5715745650122,226.77113342285156,44923900
2024-11-15,224.96270031544069,225.47940335635096,222.8462328667566,223.57159423828125,47923700
2024-11-18,223.8199993254601,228.28149999782985,223.74050538640262,226.57241821289062,44633700
2024-11-19,225.53901477922054,228.6988344551977,225.22105418122663,226.8307647705078,36211800
2024-11-20,226.61215353970658,228.47027695087482,224.45593165289552,227.5461883544922,35169600
2024-11-21,227.42694424740614,228.69881686539628,224.27707103239013,227.06922912597656,42108300
2024-11-22,226.6121530455377,229.25526960886552,226.6121530455377,228.41065979003906,38168300
2024-11-25,229.99056458191066,231.76919395430343,228.28148292479264,231.3916015625,90152800
2024-11-26,231.84870566104107,234.07449047305911,231.84870566104107,233.56771850585938,45986200
2024-11-27,232.98145117337265,234.19370712659864,232.32563759305353,233.4385223388672,33498400
2024-11-29,233.31931239062584,236.3002669685808,232.48464874765904,235.8233184814453,28481400
2024-12-02,235.76370602927642,239.26134854667043,235.65440375298792,238.0689697265625,48137100
2024-12-03,238.28756099978403,241.21882985808793,237.3833345065081,241.10952758789062,38861000
2024-12-04,241.32814402991647,242.56027739454964,239.7184333911867,241.46725463867188,44383900
2024-12-05,242.44105143123323,242.98754766386446,240.59285890906452,241.4970703125,40033900
2024-12-06,241.36788746709487,243.0769692456264,240.5431549096241,241.29832458496094,36870600
2024-12-09,240.29475369946152,245.67041216886827,240.21525975684386,245.1835174560547,44649200
2024-12-10,245.32260336553807,246.63423054379348,243.78244060146582,246.197021484375,36914800
2024-12-11,246.38582450957213,249.2077910379196,244.69660488558225,244.92515563964844,45205800
2024-12-12,245.32261935264157,247.1608807008323,244.12029436088807,246.38583374023438,32777500
2024-12-13,246.24673423955153,247.7073880681415,244.676762972136,246.5547637939453,33155300
2024-12-16,246.41563368868003,249.78411156803347,246.07778066556844,249.44625854492188,51694800
2024-12-17,248.49237939681157,252.2185726786221,248.19428090188288,251.87078857421875,51356400
2024-12-18,250.55917390522964,252.6657103008961,246.1672359539693,246.4752655029297,56774100
2024-12-19,245.92873792847348,250.400169527173,245.5213371883983,248.20419311523438,60882300
2024-12-20,246.46531011815415,253.38113119374523,244.13023820234332,252.87437438964844,147495300
2024-12-23,253.15258832932108,254.02699130961165,251.84096111600803,253.6494140625,40858800
2024-12-24,253.86798918256417,256.57070690893096,253.66924678278625,256.560791015625,23234700
2024-12-26,256.55086249805703,258.44874034869076,255.99442012888886,257.3755798339844,27237100
2024-12-27,256.19314630806485,257.05764856283577,251.45343969164696,253.96737670898438,42355300
2024-12-30,250.6287158030117,251.890657464443,249.15811581542044,250.59890747070312,35557500
2024-12-31,250.83738041728796,251.6720440162376,247.84647977817443,248.8302001953125,39480700
2025-01-02,247.34966196417784,247.51859606258614,240.28481431614935,242.3019256591797,55740700
2025-01-03,241.81503295898438,242.62981931594805,240.3543640210219,241.81503295898438,40244100
2025-01-06,242.75900387005615,245.7598357483754,241.6560500607284,243.4446258544922,45045600
2025-01-07,241.4374181829594,243.99110961427562,239.81777667580207,240.6723175048828,40856000
2025-01-08,240.3841632667122,242.16280789951685,238.52603985831155,241.15921020507812,37628900
2025-01-10,238.48628640867517,238.63534322792128,231.52079498772144,235.3463592529297,61710900
2025-01-13,232.04743903723335,233.18020116738663,228.26162915914,232.9119110107422,49630700
2025-01-14,233.25969544364762,234.62099318079112,230.99417118008773,231.7990264892578,39435300
2025-01-15,233.1504034772107,237.4429855317883,232.94172997653553,236.35989379882812,39832000
2025-01-16,235.84318609247865,236.49898454969573,226.58234697208553,226.81088256835938,71759100
2025-01-17,230.6463566129693,230.81527553043833,227.02946614701875,228.5199432373047,68488300
2025-01-21,222.57794445660952,222.99527628303537,217.9872792040061,221.22657775878906,98070400
2025-01-22,218.39466636780546,222.6971793763667,218.39466636780546,222.40902709960938,64126500
2025-01-23,223.3132578125695,225.58871322146769,220.88874557201237,222.2401123046875,60234800
2025-01-24,223.35297985225768,224.19758968028435,220.00437919561992,221.3656768798828,54697900
2025-01-27,222.59782027357136,230.67619691244207,222.55806572164707,228.40074157714844,94863400
2025-01-28,229.3844597561093,238.66516132615985,229.3447052045828,236.74740600585938,75707600
2025-01-29,232.6336842670617,238.33724933385383,232.52438199561368,237.84042358398438,45486100
2025-01-30,237.1547951903121,239.26133146080375,235.7040725307193,236.08164978027344,55658300
2025-01-31,245.62071750771995,245.62071750771995,231.95800933839706,234.5017547607422,100959800
2025-02-03,228.52992572925916,230.35824094469035,224.2671520837408,226.56248474121094,73063300
2025-02-04,225.80729852188347,231.64997406812495,225.21110156992967,231.3220672607422,45067300
2025-02-05,227.0791817096477,231.19289841511937,226.82083777153602,230.99417114257812,39620300
2025-02-06,229.8216550685821,232.31573010563136,228.96711414866223,231.73941040039062,29925300
2025-02-07,231.12335539671392,232.5144614947352,225.81724462416,226.18490600585938,39707200
2025-02-10,228.36336710225459,229.3779949636392,226.005813710008,226.4534454345703,33115600
2025-02-11,227.00058728303875,233.99363668198936,226.93096309298542,231.39735412597656,53718400
2025-02-12,229.98480349517558,235.71453849328682,229.4675323792709,235.625,45243300
2025-02-13,235.66481592241834,241.06626881430705,234.33186254170715,240.26052856445312,53614100
2025-02-14,239.981993568851,244.25939586817944,239.72336558929686,243.31439208984375,40896200
2025-02-18,242.86674847770814,243.8913336127375,240.56889220053384,243.18507385253906,48822500
2025-02-19,243.37407429304395,244.716969605811,241.88195827091008,243.5829620361328,32204200
2025-02-20,243.65259654249155,245.4829218502696,243.00600383864503,244.5379180908203,32316900
2025-02-21,244.65729095432025,247.38289505871285,243.93113206298463,244.2593994140625,53197400
2025-02-24,243.64264638435856,247.55199828948733,243.1353323966777,245.80125427246094,51326400
2025-02-25,246.69650753214344,248.68599549611233,243.62275227067275,245.74154663085938,48013300
2025-02-26,243.04583027825979,243.6924078784846,237.8731639406897,239.09669494628906,44433600
2025-02-27,238.1516754344793,241.18564780716906,235.81402085750776,236.05276489257812,41153600
2025-02-28,235.70459571566596,240.8175794410065,228.9900734891547,240.5688934326172,56833400
2025-03-03,240.51914741730602,242.74737946323825,234.8690087281554,236.77891540527344,47184000
2025-03-04,236.46059966619734,238.80819608105105,233.44651142335266,234.68994140625,53798100
2025-03-05,234.18263593082168,235.30670153327668,228.0251680036218,234.50096130371094,47227600
2025-03-06,233.207802772317,236.60982567864426,231.93453157387603,234.09312438964844,45170400
2025-03-07,233.87426828677374,240.10136041796665,233.5261018066448,237.81346130371094,46273600
2025-03-10,234.30201287196223,234.9187645202326,223.04151782981955,226.2843780517578,72071200
2025-03-11,222.63366659789358,224.65299583409444,216.3070937419303,219.6792755126953,76137400
2025-03-12,218.98294858814833,220.58448707211764,213.7804415985268,215.8395538330078,62547500
2025-03-13,214.81496040955514,215.70028194858565,207.3245394208188,208.57791137695312,61368300
2025-03-14,210.13967261110687,212.8254784087618,208.4784519318959,212.36790466308594,60107600
2025-03-17,212.18883784213668,214.0888025037831,208.8663965620962,212.87521362304688,48073400
2025-03-18,213.03437263106773,214.01915944879542,210.37840804794794,211.5720977783203,42432400
2025-03-19,213.0940452987452,217.61017604964766,212.62651443867486,214.1086883544922,54385400
2025-03-20,212.86527847830126,216.3468825511506,211.10457731145533,212.97470092773438,48862900
2025-03-21,210.44804823896536,217.68978368973626,210.16952111998106,217.12278747558594,94127800
2025-03-24,219.8384246082871,220.3158974796034,217.4311459430569,219.56983947753906,44299500
2025-03-25,219.6096416779903,222.92214108802088,218.92326587520165,222.573974609375,34493600
2025-03-26,222.33523531503357,223.83730853242594,219.3112201065871,220.3656463623047,34466100
2025-03-27,220.2263848697343,223.80746952519274,219.40074548587612,222.6734619140625,37094800
2025-03-28,220.504904155295,222.6336557419088,216.5358700680628,216.7547149658203,39818600
2025-03-31,215.86939419548492,224.43414081005062,215.09349507460487,220.96249389648438,65299300
2025-04-01,218.65466729819107,222.5043215641154,217.74944665223015,222.01690673828125,36412700
2025-04-02,220.15675729790527,224.00641185945875,219.8583310514353,222.71324157714844,35905900
2025-04-03,204.4596791341039,206.39944211542388,200.19223396809613,202.12203979492188,103419000
2025-04-04,192.87092693410324,198.82944937179326,186.35535024633944,187.389892578125,125910900
2025-04-07,176.26863687444822,193.12954493623218,173.70219548773406,180.50625610351562,160466300
2025-04-08,185.71870692843436,189.33957458197378,168.32064359895526,171.51376342773438,120859500
2025-04-09,171.04623198001363,199.55559936553783,170.98654976711688,197.8048553466797,184395900
2025-04-10,188.07624843340898,193.7562279640405,182.03814529024513,189.4191436767578,121880000
2025-04-11,185.12188160037283,198.49122944739574,185.0820833366806,197.10853576660156,87435900
2025-04-14,210.32868138530173,211.8207974391945,200.10271391024364,201.45556640625,101352900
2025-04-15,200.7990180691496,202.44033954558066,198.74984792281177,201.07754516601562,51343900
2025-04-16,197.31741584829123,199.64511311117855,191.35889396287376,193.24891662597656,59732400
2025-04-17,196.16351652823,197.78495412822454,193.39812938355274,195.94467163085938,52164700
2025-04-21,192.25416731460396,192.78138039340035,188.81234657174457,192.14474487304688,46742500
2025-04-22,195.0892017003565,200.53045296496776,194.93999616163734,198.690185546875,52976400
2025-04-23,204.9172632087338,206.9067512010516,201.7340854567431,203.52462768554688,52929200
2025-04-24,203.81309077731203,207.73238443559362,201.87334307751462,207.27479553222656,47311000
2025-04-25,205.28531450927932,208.6475540878433,205.1162098506388,208.18002319335938,38222300
2025-04-28,208.89625889548412,210.38837503045187,206.36961558551846,209.0355224609375,38743100
2025-04-29,207.59312493762445,211.12446912484504,207.27479957627347,210.09988403320312,36827600
2025-04-30,208.19993964532281,212.45744310704663,205.58375784941018,211.38311767578125,52286500
2025-05-01,207.98107159612528,213.43226431553572,207.8020097882055,212.19879150390625,57365700
2025-05-02,205.0067917796952,205.9020705063368,201.09745506032002,204.27069091796875,101010600
2025-05-05,202.03252954096354,203.0272736250085,197.1682315771274,197.8446502685547,69018500
2025-05-06,197.16823320230833,199.5953960373684,195.98448530396325,197.46664428710938,51216500
2025-05-07,198.12317194216024,198.3917570874617,192.23428894820486,195.21852111816406,68536700
2025-05-08,196.68079799363124,198.99855348942916,193.65676753221484,196.45201110839844,50478900
2025-05-09,197.95405738682032,199.48595647897335,196.50172445806652,197.4865264892578,36453900
2025-05-12,210.13634313336473,210.435160708662,205.93301745006437,209.95704650878906,63775800
2025-05-13,209.5984864444124,212.55675181657614,208.1741443311085,212.08860778808594,51909300
2025-05-14,211.59057778761635,213.09462076548897,209.74789716231066,211.49098205566406,49325800
2025-05-15,210.11643191755599,212.11849916658366,208.71199985896817,210.6144561767578,45029500
2025-05-16,211.52086084946143,211.73003772257164,208.94109887256835,210.42520141601562,54737900
2025-05-19,207.0884445111699,208.65223273202483,203.45285841572866,207.9550018310547,46140500
2025-05-20,206.84938410987283,207.64622592622177,204.2198167548668,206.04258728027344,42496600
2025-05-21,204.3592586621154,206.22186440009241,199.91689108628387,201.2914276123047,59211800
2025-05-22,199.91690559460176,201.94883789272,198.91088686006037,200.5643310546875,46742400
2025-05-23,192.9046989896,196.91877297523902,192.6955373289648,194.49838256835938,78432900
2025-05-27,197.51641281084125,199.94677348688452,196.64984031499387,199.4188690185547,56288500
2025-05-28,199.79736291846774,201.9289060786693,199.11008702875665,199.62803649902344,45339700
2025-05-29,202.77554227533128,203.0046291598645,197.72556941325453,199.15988159179688,51396800
2025-05-30,198.5821728136608,201.1619498266407,196.00241099917397,200.05633544921875,70819900
2025-06-02,199.48856723355908,201.3312628058232,199.32919584599733,200.9029541015625,35423300
2025-06-03,200.55437033168948,202.96480586317466,200.16591202699755,202.46678161621094,46381600
2025-06-04,202.10819540070028,205.42503857555045,201.30139858491114,202.0185546875,43604000
2025-06-05,202.69585814733983,203.94091870107042,199.35908978394463,199.8372039794922,55126100
2025-06-06,202.19783403313102,204.8871617909174,201.2515910514923,203.11419677734375,46607700
2025-06-09,203.58233063284266,205.18596915505242,199.22960401477,200.65394592285156,72862600
2025-06-10,199.8073282051838,203.54250994980842,199.77744796710627,201.869140625,54672600
2025-06-11,202.69585666840098,203.69190510411792,197.62597377823997,197.9945068359375,60989900
2025-06-12,198.29333609984755,198.890956077424,196.58013147350607,198.41285705566406,43904600
2025-06-13,198.94077463318544,199.57824510364554,194.92670015226577,195.67373657226562,51447300
2025-06-16,196.52037110088898,197.90487790098294,195.78328974313985,197.6359405517578,43020700
2025-06-17,196.4207613301707,197.6060614779548,194.43863454049264,194.86692810058594,38856200
2025-06-18,195.16573699325735,196.7893008408277,194.2991796996429,195.80320739746094,45394700
2025-06-20,197.45666110928434,200.90298042554332,196.08210930882012,200.20574951171875,96813500
2025-06-23,200.83324176458547,201.50059236215068,198.1737943867686,200.70375061035156,55814300
2025-06-24,201.78945874554142,202.63610603642124,199.4089034764897,199.50851440429688,54064000
2025-06-25,200.65396860223956,202.8651975026319,199.82724651799433,200.76353454589844,39525700
2025-06-26,200.63404307360597,201.8392684520338,198.67184150130464,200.20574951171875,50799100
2025-06-27,201.09222774816857,202.41697405518968,199.20969672208463,200.28543090820312,73188600
2025-06-30,201.211736268348,206.57048164253425,198.4726031076903,204.3592529296875,91912800
2025-07-01,205.85334490237685,209.35943993298892,205.32544040497007,206.99880981445312,78788900
2025-07-02,208.08449026524102,212.49697770796604,207.31752868499885,211.6005401611328,67941800
2025-07-03,211.31166931275297,213.8017903991559,210.97301649264048,212.70614624023438,34955800
2025-07-07,211.83958469799765,215.37555986284275,207.97492690746134,209.12037658691406,50229000
2025-07-08,209.26978591644843,210.59451698338924,207.6262968509882,209.1801300048828,42848900
2025-07-09,208.7020103462271,210.4949004226829,206.4011410808137,210.30564880371094,48749400
2025-07-10,209.67816220166208,212.63642743345136,209.2000631819418,211.57066345214844,44443600
2025-07-11,209.73792710960444,211.29176024279,209.03072603053,210.32559204101562,39765800
2025-07-14,209.10042946873696,210.07656782568804,206.719874444485,207.7956085205078,38840100
2025-07-15,208.39325734338402,211.05270487364396,208.09443976951917,208.28369140625,42296300
2025-07-16,209.4689902412225,211.5606828488181,207.8155461810567,209.3295440673828,47490500
2025-07-17,209.7379236663323,210.96305897069354,208.761785269157,209.19009399414062,48068100
2025-07-18,210.0367321724359,210.95309492429405,208.87135730762196,210.3455047607422,48974600
2025-07-21,211.26189276464606,214.92734394651046,210.79374875413163,211.640380859375,51377400
2025-07-22,212.29776458434165,214.1006098348481,211.39135685335447,213.5527801513672,46404100
2025-07-23,214.15041924441525,214.29982043425818,211.57065737650467,213.30377197265625,46989300
2025-07-24,213.05475989741393,214.83769515517375,212.68622683006964,212.91531372070312,46022600
2025-07-25,213.85158759699283,214.38946224202752,212.55672164240056,213.0348358154297,40268800
2025-07-28,213.18426788884761,214.00103498726418,212.21809958876685,213.20419311523438,37858000
2025-07-29,213.33365491441555,213.96117031669576,209.9869466315705,210.43516540527344,51411700
2025-07-30,211.06265157316113,211.55072076453234,206.89917652304968,208.2239227294922,45512500
2025-07-31,207.66614913739534,209.01080544085684,206.3414028602417,206.74978637695312,80698400
2025-08-01,210.03673342752194,212.73603143542957,200.7037642416869,201.58029174804688,104434500
2025-08-04,203.70186769022786,207.0585613783641,200.88304868853191,202.5464630126953,75109300
2025-08-05,202.59626309701343,204.5285996595603,201.36117265797924,202.1181640625,44155100
2025-08-06,204.81744899810374,214.52892145014,204.77759854868273,212.40733337402344,108483100
2025-08-07,218.01508808955717,219.97730473834642,215.7241736307253,219.16053771972656,90224800
2025-08-08,219.95737356583322,230.08718413442585,218.3836152444713,228.44371032714844,113854000
2025-08-11,227.27701087414155,228.91238364576833,224.12592192869855,226.53909301757812,61806100
2025-08-12,227.36674823663387,230.14888579943394,226.429412881848,229.0021209716797,55626200
2025-08-13,230.4181341091737,234.33703985510917,229.77992501054072,232.6717529296875,69878500
2025-08-14,233.39969406647393,234.4567012802976,230.19875827485632,232.12330627441406,51916300
2025-08-15,233.33985018068216,233.6190590405621,228.69299310222902,230.9366455078125,56038700
2025-08-18,231.04634466466607,232.46233685580373,229.46083388892833,230.23863220214844,37476200
2025-08-19,230.62753117126795,232.2130419457167,228.70298322789472,229.90956115722656,39402600
2025-08-20,229.33119207499826,229.81981519856654,225.13307755654054,225.3723907470703,42263900
2025-08-21,225.63166356522294,225.88095827873425,223.14868274098328,224.26551818847656,30621200
2025-08-22,225.53193619713707,228.44369658121065,224.77408575714253,227.11744689941406,42477800
2025-08-25,225.84106025439092,228.6531118971015,225.59176554347297,226.51914978027344,30983100
2025-08-26,226.22996704217394,228.84258604761433,224.05612439304167,228.6630859375,54575100
2025-08-27,227.96506627689797,230.24859923631865,227.6160475796746,229.8397674560547,31259500
2025-08-28,230.16884905542523,232.75153884501827,228.69301327644948,231.9039306640625,38074700
2025-08-29,231.85405874294378,232.7216147258446,230.71727541448905,231.485107421875,39418400
2025-09-02,228.6032698757151,230.19876225122124,226.32970313085187,229.0719451904297,44075600
2025-09-03,236.5408165177042,238.17618932549604,233.69885053091846,237.79725646972656,66427800
2025-09-04,237.7772812570227,239.22318747047024,236.07211403385233,239.10353088378906,47549400
2025-09-05,239.3229322237051,240.63921565449175,237.8171975861315,239.01380920410156,54870400
2025-09-08,238.62491556233425,239.47250850410185,235.6732593017711,237.20892333984375,48999500
2025-09-09,236.33140663047269,238.10638391026913,232.70167593051625,233.6888885498047,66313900
2025-09-10,231.53496736029473,231.76431424305812,225.31256565050364,226.1501922607422,83440800
2025-09-11,226.23995033725743,229.7998710451417,226.010588238333,229.3810577392578,50208600
2025-09-12,228.57335925244223,233.84842918261825,228.373926506362,233.40968322753906,55824200
2025-09-15,236.33139853346725,237.5180438551372,234.36695488957946,236.03224182128906,42699500
2025-09-16,236.51088466190768,240.53949594661788,235.65332541334,237.4781494140625,63421100
2025-09-17,238.2958480596019,239.42266510979977,237.05934071942244,238.3157958984375,46508000
2025-09-18,239.29302360434258,240.51954939992544,235.98238232851827,237.20892333984375,44249600
2025-09-19,240.5494606794321,245.60516498271895,239.53234916144805,244.8074188232422,163741300
2025-09-22,247.5995237986898,255.9160073848096,247.42002368458668,255.35755920410156,105517400
2025-09-23,255.15815615601056,256.6140289111009,252.86464151383097,253.7122344970703,60275200
2025-09-24,254.49998437943248,255.01852163586054,250.33176892231356,251.5981903076172,42303700
2025-09-25,252.49566170312627,256.4444966190252,250.99989343760635,256.14532470703125,55202100
2025-09-26,253.38315498635407,256.87328100426123,253.06405044687503,254.73931884765625,46076300
2025-09-29,253.8418726304012,254.28063380560434,252.29624220529692,253.7122344970703,40127700
2025-09-30,254.1410137555297,255.1980209495745,252.39595068950493,253.9116668701172,37704300
2025-10-01,254.32049261064776,258.0599285933123,254.21080232618834,254.72933959960938,48713900
2025-10-02,255.85613542550084,257.45162766856953,253.43299812845933,256.40460205078125,42630200
2025-10-03,253.9515436206674,258.5086431914624,253.23357360959045,257.2920837402344,49155600
2025-10-06,257.2621558739689,258.33912604890287,254.3304629034206,255.96583557128906,44664100
2025-10-07,256.0855101139428,256.6738420114173,254.70939836699205,255.75645446777344,31955800
2025-10-08,255.79633660873378,257.7906945345413,255.38748958216482,257.3320007324219,36496900
2025-10-09,257.08267167133846,257.27213808351553,252.42584836214985,253.32330322265625,38322000
2025-10-10,254.22079760361632,255.65673769030235,243.31165772832736,244.5780792236328,61999100
2025-10-13,248.67648318296307,248.98560621270488,244.86725241658198,246.96133422851562,38142900
2025-10-14,245.90431694508948,248.14796941642882,244.00966795095763,247.07101440429688,35478000
2025-10-15,248.78616738422895,251.10959602979932,246.77186176083558,248.63658142089844,33893600
2025-10-16,247.54965348458146,248.33741809379524,244.43846029169785,246.7519073486328,39777000
2025-10-17,247.3203043073955,252.66518358811555,246.57242016484557,251.5782470703125,49147000
2025-10-20,255.168106265739,263.63416054313814,254.90884523128253,261.50018310546875,90483000
2025-10-21,261.141213133835,264.5415968076956,261.0913359303388,262.0286865234375,46695900
2025-10-22,261.9090191460537,262.1084670888602,254.70938662410154,257.72088623046875,45015300
2025-10-23,259.2066564378435,259.8847307097371,257.2821086816683,258.84765625,32754900
2025-10-24,260.4531458541269,263.3848541030092,258.44880663072195,262.07855224609375,38253700
2025-10-27,264.13273028939324,268.3607587413759,263.9033682058253,268.0516357421875,44888200
2025-10-28,268.23110734142335,269.12859257872884,267.39348082722177,268.2410888671875,41534800
2025-10-29,268.5203194424725,270.6443152614699,266.35642794866993,268.93914794921875,51086700
2025-10-30,271.2226702585742,273.36662916750566,267.72259312931254,270.63433837890625,69886500
2025-10-31,276.2085578376442,276.53764389728985,268.4006608909581,269.60723876953125,86167100
2025-11-03,269.6571458353552,270.08592548154905,265.4988962118729,268.2909851074219,50194600
2025-11-04,267.5730004152706,270.72408938596277,266.86501191822913,269.2781982421875,49274800
2025-11-05,267.8521863717013,270.93349568379296,266.17693326929896,269.3778991699219,43683100
2025-11-06,267.1342708755924,272.6287059365568,267.1342708755924,269.0089416503906,51204000
2025-11-07,269.03885049148494,271.5218466038475,266.0173996929098,267.7126159667969,48227400
2025-11-10,268.46119877683986,273.2223721938244,266.9639805623884,268.9303283691406,41312400
2025-11-11,269.3096487524697,275.3983427074405,269.2996575494418,274.73956298828125,46208300
2025-11-12,274.49005224267427,275.2187095291286,271.19618380015726,272.962890625,48398000
2025-11-13,273.6016390736082,276.1868626363035,271.58539619817094,272.4438171386719,49602800
2025-11-14,270.5473523374902,275.4482508823214,269.10005949599775,271.90484619140625,47431300
2025-11-17,268.3214829895084,269.98836893107386,265.237217022597,266.9639892578125,45018300
2025-11-18,269.48928956232544,270.20795552947055,264.8279672087311,266.94403076171875,45677300
2025-11-19,265.0376012369211,271.70520656667077,265.0076580872151,268.0619812011719,40424500
2025-11-20,270.327749378444,274.91922505965954,265.42688147061517,265.7562561035156,45823600
2025-11-21,265.4568071090486,272.8230952896135,265.17732758833057,270.98651123046875,59030800
2025-11-24,270.397645153795,276.48633959077114,270.397645153795,275.4083557128906,65585800
2025-11-25,274.75950033189645,279.8600396675645,274.7395483878858,276.45635986328125,46914200
2025-11-26,276.4464065684995,279.0116481613461,276.11703191175064,277.0353088378906,33431400
2025-11-28,276.7458380127342,278.4826014787427,275.4781737009374,278.3328857421875,20135600
2025-12-01,277.4944549964911,282.89442609469603,275.62792768573877,282.57501220703125,46587700
2025-12-02,282.47518456741903,286.86701880065203,282.10587559562896,285.6592712402344,53669500
2025-12-03,285.6692634925469,288.0847586222564,282.77461708045536,283.623046875,43538700
2025-12-04,283.5731318378766,284.20196835267484,278.07334059490756,280.179443359375,43989100
2025-12-05,280.01974631085085,280.6186397013617,277.53434330937836,278.26300048828125,47265800
2025-12-08,277.6142094762677,279.15136205700173,275.6378704438954,277.3746643066406,38211800
2025-12-09,277.6441787437343,279.5107061083118,276.4064879695729,276.6659851074219,32193300
2025-12-10,277.23491184461454,279.2312028389952,275.92734368017386,278.26300048828125,33038300
2025-12-11,278.5824273392719,279.07150890817053,273.3022288840155,277.514404296875,33248000
2025-12-12,277.38461586894516,278.70217518025987,276.30663218031253,277.763916015625,39532900
2025-12-15,279.63046152672615,279.63046152672615,272.33402020742307,273.6016540527344,50409100
2025-12-16,272.3140798989353,274.9891026980292,271.2859911871425,274.1007385253906,37648600
2025-12-17,274.50001118897205,275.6478724530811,271.13626563598973,271.33587646484375,50138700
2025-12-18,273.1025913325419,273.12257373871984,266.4549687260805,271.68524169921875,51630700
2025-12-19,271.6453053723066,274.09077415448866,269.399477884542,273.1625061035156,144632000
2025-12-22,272.3539780142796,273.37210596231955,270.00836035897595,270.4674987792969,36571800
2025-12-23,270.3377490962612,271.99467443806464,269.06012395403746,271.85491943359375,29642000
2025-12-24,271.8349404799371,274.9192064044749,271.69521595033444,273.3022155761719,17910600
2025-12-26,273.65160578690546,274.8593534534055,272.35399820928086,272.89300537109375,21521800
2025-12-29,272.1843267483383,273.8512128461511,271.8449608988494,273.2523498535156,23715200
2025-12-30,272.30405905646904,273.57169281796894,271.77504318392386,272.57354736328125,22139600
2025-12-31,272.553621806917,273.17246717497864,271.24605357156486,271.3558349609375,27293600
2026-01-02,271.7551282774649,277.32476727085935,268.5011639041959,270.5074462890625,37838100
2026-01-05,270.1381413175191,271.00652312062255,265.64648609237463,266.764404296875,45647200
2026-01-06,266.5048844877732,267.05385240251036,261.63392891626114,261.87347412109375,52352100
2026-01-07,262.7119324450406,263.1910228349833,259.3282042611396,259.84722900390625,48309800
2026-01-08,256.5433578451618,258.80916773471864,255.22581364132833,258.55963134765625,50419300
2026-01-09,258.5995368285105,259.7274461787287,255.74485516422806,258.8890075683594,39997000
2026-01-12,258.679389570116,260.81540508500296,256.32375036738995,259.7673645019531,45263800
2026-01-13,258.24022168851656,261.3244878277737,257.9108470550362,260.5658874511719,45730800
2026-01-14,259.0087756526009,261.33447181199796,256.23393227813756,259.4779052734375,40019400
2026-01-15,260.16664839115424,260.55593980217856,256.57331808587395,257.7311706542969,39388600
2026-01-16,257.4217218192236,258.41986733264514,254.4572284259222,255.05612182617188,72142800
2026-01-20,252.26132447540706,254.31750190322293,242.9685916985444,246.2425079345703,80267500
2026-01-21,248.23880604127606,251.09350304772093,244.72532928784554,247.1907501220703,54641700
2026-01-22,248.737864640942,250.53452965267718,247.68980878155546,247.8894500732422,39708300
2026-01-23,246.86136630134166,248.94748685874615,244.22624741136653,247.58001708984375,41689000
2026-01-26,251.01365072947274,256.08423219515316,249.33677343540953,254.93637084960938,55969200
2026-01-27,258.6894015269614,261.4642450011371,257.73115984508394,257.7910461425781,49648300
2026-01-28,257.1721946066941,258.3799421919039,254.03801819206552,255.96444702148438,41288000
2026-01-29,257.52154586161765,259.16847988830324,253.93820707645818,257.801025390625,67253000
2026-01-30,254.6968198516284,261.4143357105436,251.71235892004358,258.99884033203125,92443400
2026-02-02,259.5477742456141,269.98836769074944,258.72928762151224,269.50927734375,73913400
2026-02-03,268.70080609664296,271.3758289780004,267.11372779647115,268.98028564453125,64394700
2026-02-04,271.7850411492978,278.432693698261,271.7850411492978,275.97723388671875,90545700
2026-02-05,277.6142303156022,278.98168486317746,272.72332314901723,275.3983459472656,52977400
2026-02-06,276.6060720438839,280.3890519626743,276.4164219647768,277.6042175292969,50453400
2026-02-09,277.6541982366954,277.9439398399519,271.4499228389202,274.3672180175781,44623400
2026-02-10,274.6369782150198,275.11651686144285,272.68876099546605,273.4280700683594,34376900
2026-02-11,274.44714753122867,279.92208361183503,274.1973776592452,275.24639892578125,51931300
2026-02-12,275.3363333447182,275.46621856633783,259.94051360693726,261.4891052246094,81077200
2026-02-13,261.7688319830923,261.9886306947134,255.21485759663088,255.5445556640625,56290700
2026-02-17,257.8124646511843,266.0449008431299,255.30478047881587,263.6371154785156,58469100
2026-02-18,263.35737977838915,266.57441720150126,262.20844437502524,264.106689453125,34203300
2026-02-19,262.35827847824623,264.2365527856389,259.81060750150084,260.3401184082031,30845300
2026-02-20,258.73163460792017,264.5063132392292,257.9223826043077,264.3364562988281,42070500
2026-02-23,263.24744081710827,269.1819753311392,263.13755670993424,265.9349670410156,37308200
2026-02-24,267.61343657617186,274.6369951599546,267.46358073991865,271.8895263671875,47014600
2026-02-25,271.5298429675081,274.6869380517792,270.8005039088116,273.97760009765625,33714300
2026-02-26,274.6969199809464,275.8558253670768,270.55071567552415,272.6987609863281,32345100
2026-02-27,272.5588900215503,272.5588900215503,262.6480379442022,263.93682861328125,72366500
2026-03-02,262.16844722421786,266.2846497598317,259.960490133898,264.476318359375,41827900
2026-03-03,263.23749216234586,265.31556422164516,259.8905695547566,263.5072326660156,38568900
2026-03-04,264.4063951364299,265.9050144519466,261.179387723623,262.2783508300781,39803100
2026-03-05,260.54995479568396,261.3192350446657,257.01320478174756,260.0504150390625,49658600
2026-03-06,258.39192833924307,258.53178361058343,254.13584003818684,257.2229919433594,41120000
2026-03-09,255.45463216869055,260.9095975388004,253.44647267699952,259.6407775878906,38218500
2026-03-10,257.4128391437035,262.2384104290217,256.71350175461305,260.58990478515625,30590800
2026-03-11,260.8496568052655,261.888707997661,259.3110658747261,260.5699157714844,26218900
2026-03-12,258.4219063383753,258.71164792954545,253.94601921584928,255.52456665039062,40794000
2026-03-13,255.24483747003174,256.0940459350445,249.29033192864068,249.8897705078125,36930000
2026-03-16,251.87794235419486,253.6563027081548,249.6499992581203,252.58729553222656,32074200
2026-03-17,252.72716690012706,254.89516767044782,251.94787083452104,253.99598693847656,32361600
2026-03-18,252.3974721128864,254.70534343896443,248.7708084606242,249.70994567871094,35757900
2026-03-19,249.17043241392184,251.5982036354298,247.0723745163624,248.73085021972656,34864100
2026-03-20,247.7517334570195,248.97061168291066,245.77356028907465,247.76173400878906,88331100
2026-03-23,253.73622734962268,254.3656523266213,250.0496214753341,251.25851440429688,40546100
2026-03-24,250.1195650925759,254.5954370944537,249.32029842391177,251.4083709716797,45152300
2026-03-25,253.86611511385965,254.76528059453105,251.3684162845015,252.38746643066406,28476700
2026-03-26,251.88793104116345,256.76344411909713,250.53918279672283,252.6572265625,41796700
2026-03-27,253.666280215245,255.2548282141602,247.8416601166152,248.57098388671875,47900000
2026-03-30,249.83982057534305,250.63907198816298,245.28400520065438,246.40298461914062,39446200
2026-03-31,247.6818040942864,255.24482803058763,246.87255213324852,253.55638122558594,49598100
2026-04-01,253.8461228128272,255.94418062939917,253.096813183035,255.3946990966797,40059400
2026-04-02,253.96601496217014,255.89424639361263,250.4192795609811,255.68443298339844,31289400
2026-04-06,256.27389167390277,261.9186847371787,256.2239194053331,258.6217041015625,29329900
2026-04-07,255.92421782448065,255.96418954301222,245.47383916108728,253.26666259765625,62148000
2026-04-08,258.2121146377317,259.51090582044134,256.29386854025813,258.66168212890625,41032800
2026-04-09,258.7615948993736,260.879638597066,255.8342992320816,260.2502136230469,28121600
2026-04-10,259.7406946341393,261.94865175168746,258.78155637925676,260.240234375,31291500
2026-04-13,259.49093671136296,259.9405042051452,256.4237552437805,258.96142578125,36234700
2026-04-14,259.01136264890187,261.68888841493145,256.9532612999924,258.59173583984375,48370700
2026-04-15,257.92237663273806,266.3146386359468,257.57269269729437,266.18475341796875,49913500
2026-04-16,266.55439590858066,266.91408037974617,261.0294875448873,263.15753173828125,43323100
2026-04-17,266.7142527536172,272.0493335842862,266.47448343207725,269.98126220703125,61436200
2026-04-20,270.08114756253855,274.0275237795767,270.04120633500696,272.79864501953125,36590200
2026-04-21,271.250098918132,272.5488901425708,265.1557075406741,265.9250183105469,50209800
2026-04-22,267.5734973129919,273.48803128351057,266.62435952726383,272.9185791015625,43249200
2026-04-23,274.79681820267325,275.5161566987003,271.39995382845746,273.1783142089844,33399600
2026-04-24,272.50893317942314,272.80864483253174,269.4017800912603,270.81048583984375,38157100
2026-04-27,265.84505761361925,268.1129570778125,264.8260075108844,267.3636474609375,41466800
2026-04-28,272.0893199684016,272.97851539952296,268.4127145556596,270.4608154296875,40018900
2026-04-29,267.3037117460274,270.7905199823619,266.7942019267937,269.92132568359375,30047900
2026-04-30,270.25102650288807,275.7459641951834,267.893213328058,271.1002502441406,91848200
2026-05-01,278.6032901046287,286.95561044034525,278.1137509144006,279.88214111328125,79915400
2026-05-04,279.4025768563376,280.3716851917065,274.60697695873915,276.5751647949219,46668400
2026-05-05,276.6750995896243,284.30808218316156,276.2455026895375,283.9184265136719,49311700
2026-05-06,281.66051049385584,287.76487170009636,280.8112868075762,287.245361328125,58336100
2026-05-07,289.00371711581823,291.8611003514943,285.5169394038565,287.1754150390625,45224300
2026-05-08,289.7430674686918,294.4886952888782,289.7330669166447,293.0500183105469,52692800
2026-05-11,291.9800109863281,293.8800048828125,290.2300109863281,292.67999267578125,42247300
2026-05-12,292.55999755859375,295.2699890136719,292.55999755859375,294.79998779296875,45748100
2026-05-13,293.5,300.9200134277344,293.5,298.8699951171875,52684300
2026-05-14,299.82000732421875,300.45001220703125,295.3800048828125,298.2099914550781,35324900
2026-05-15,297.8999938964844,303.20001220703125,296.5199890136719,300.2300109863281,54862800
2026-05-18,300.239990234375,300.6600036621094,294.9100036621094,297.8399963378906,34483000
2026-05-19,296.9700012207031,300.510009765625,296.3500061035156,298.9700012207031,42243600
2026-05-20,298.17999267578125,302.79998779296875,298.0799865722656,302.25,38229800
2026-05-21,301.05999755859375,305.5400085449219,300.3999938964844,304.989990234375,42965100
2026-05-22,306.1199951171875,311.3999938964844,305.8399963378906,308.82000732421875,43670200
2026-05-26,309.55999755859375,311.82000732421875,307.6700134277344,308.3299865722656,48000500
2026-05-27,308.3299865722656,313.260009765625,308.29998779296875,310.8500061035156,50430900
2026-05-28,310.67999267578125,312.79998779296875,309.57000732421875,312.510009765625,48220400
2026-05-29,311.7799987792969,315.0,309.5299987792969,312.05999755859375,70026800
2026-06-01,309.6300048828125,310.94000244140625,305.0199890136719,306.30999755859375,48849900
2026-06-02,307.4599914550781,315.45001220703125,306.69000244140625,315.20001220703125,44534700
2026-06-03,314.17999267578125,316.94000244140625,308.8500061035156,310.260009765625,50836700
2026-06-04,313.2300109863281,313.5400085449219,309.6499938964844,311.2300109863281,44869100
2026-06-05,312.8599853515625,315.1700134277344,307.1499938964844,307.3399963378906,65310500
2026-06-08,308.739990234375,317.3999938964844,301.1700134277344,301.5400085449219,77949100
2026-06-09,300.2799987792969,300.75,287.7799987792969,290.54998779296875,70108800
2026-06-10,290.739990234375,294.75,287.3800048828125,291.5799865722656,52793300
2026-06-11,293.7200012207031,297.0,289.5899963378906,295.6300048828125,42572500
2026-06-12,296.0299987792969,297.1400146484375,289.6199951171875,291.1300048828125,38742100
2026-06-15,294.1199951171875,297.7799987792969,291.70001220703125,296.4200134277344,45732600
2026-06-16,295.25,300.4800109863281,293.9700012207031,299.239990234375,39874400
2026-06-17,300.8500061035156,302.07000732421875,294.3599853515625,295.95001220703125,42745100
2026-06-18,298.1099853515625,300.57000732421875,295.6199951171875,298.010009765625,85962200
2026-06-22,297.30999755859375,302.4200134277344,296.760009765625,297.010009765625,44879900
2026-06-23,297.5400085449219,301.6400146484375,294.17999267578125,294.29998779296875,52010900
2026-06-24,295.3599853515625,299.70001220703125,292.94000244140625,293.0799865722656,53081900
2026-06-25,287.3999938964844,288.79998779296875,273.75,275.1499938964844,107013700
2026-06-26,275.0,285.95001220703125,274.2099914550781,283.7799987792969,261775500
2026-06-29,286.7300109863281,288.3699951171875,279.8500061035156,281.739990234375,66427000
2026-06-30,281.1700134277344,289.94000244140625,280.70001220703125,289.3599853515625,65100200
2026-07-01,293.44000244140625,296.5899963378906,289.20001220703125,294.3800048828125,50164200
2026-07-02,294.1199951171875,309.4200134277344,293.67999267578125,308.6300048828125,75352800
2026-07-06,307.3599853515625,314.20001220703125,307.0,312.6600036621094,53590000
2026-07-07,315.2900085449219,315.4800109863281,310.1499938964844,310.6600036621094,42490000
2026-07-08,311.9100036621094,314.82000732421875,307.04998779296875,313.3900146484375,41323500
2026-07-09,310.510009765625,316.5299987792969,308.1600036621094,316.2200012207031,48124500
2026-07-10,314.7200012207031,316.9100036621094,312.1700134277344,315.32000732421875,34132300
2026-07-13,317.0199890136719,323.45001220703125,315.7799987792969,317.30999755859375,43257800
2026-07-14,313.760009765625,316.19000244140625,311.9100036621094,314.8599853515625,36336800
2026-07-15,317.6199951171875,328.7300109863281,317.32000732421875,327.5,60957600
2026-07-16,328.010009765625,334.67999267578125,326.7900085449219,333.260009765625,62970600
2026-07-17,331.9800109863281,334.989990234375,329.0,333.739990234375,63407100
2026-07-20,333.510009765625,333.7099914550781,323.67999267578125,326.5899963378906,53468000
2026-07-21,323.1300048828125,329.6000061035156,322.2200012207031,327.739990234375,41338900
2026-07-22,327.8699951171875,329.0,323.3399963378906,325.8900146484375,38755900
2026-07-23,321.7300109863281,323.29998779296875,319.3500061035156,321.6600036621094,40840800
2026-07-24,321.7900085449219,334.3699951171875,321.6199951171875,333.0199890136719,47489400
2026-07-27,334.5400085449219,339.57000732421875,334.0199890136719,336.9100036621094,49604300
2026-07-28,340.0299987792969,342.8900146484375,335.6000061035156,340.0799865722656,51859000
2026-07-29,339.7300109863281,344.57000732421875,337.3500061035156,338.19000244140625,56090800
2026-07-30,333.1000061035156,334.75,329.5899963378906,333.42999267578125,74817800
2026-07-31,304.80999755859375,310.69000244140625,300.0,308.9100036621094,132489100
2026-08-03,309.5799865722656,311.79998779296875,302.55999755859375,303.4200134277344,75052000
2026-08-04,302.7300109863281,310.4200134277344,301.32000732421875,309.3800048828125,68001000
2026-08-05,309.3599853515625,311.7099914550781,305.6700134277344,311.0,49438800
2026-08-06,314.3399963378906,316.2900085449219,309.2300109863281,312.4100036621094,46139900
2026-08-07,311.45001220703125,314.80999755859375,310.739990234375,313.3299865722656,34407100
