Date,Open,High,Low,Close,Volume
2019-08-08,261.49509755220527,265.1066589355469,260.9443476671785,265.1066589355469,87713900
2019-08-09,264.1676704197368,264.7635814112252,261.5222080674551,263.3009033203125,93730000
2019-08-12,261.80209060429195,263.29185424173795,259.1475906449031,260.09564208984375,65527600
2019-08-13,259.79763351897674,265.58516336808646,259.4545308129541,264.1405334472656,94299800
2019-08-14,260.09556938065884,260.70049034452813,256.20411507951735,256.33050537109375,135622100
2019-08-15,257.215365095548,257.9015704661981,254.96717731036955,257.0076904296875,99556600
2019-08-16,258.660050411632,261.23326599547846,257.0619167770849,260.7998962402344,83018300
2019-08-19,263.815534727368,264.6190928142968,263.13836696189935,263.9419250488281,53571800
2019-08-20,263.4362519312439,263.9689538188934,261.79301278192634,261.9194030761719,51596400
2019-08-21,264.077348056287,264.4204232030708,263.39114265467236,264.0502624511719,49524700
2019-08-22,264.75450123640525,265.38650783914835,262.1993065597355,263.9689636230469,51666400
2019-08-23,262.6688127245855,264.3301272824833,255.94227013252467,257.1882629394531,149161500
2019-08-26,259.3733202614595,260.0324401855469,257.84743325188174,260.0324401855469,72423800
2019-08-27,261.4227829094938,261.79297112248156,258.2536301365124,259.0120544433594,66668900
2019-08-28,258.3529896937288,260.9984511070822,257.5494042686789,260.8359375,59696700
2019-08-29,263.3911606210267,264.6913248632864,262.3889380553566,264.1676330566406,57899400
2019-08-30,265.64836826101157,265.66641614641384,263.12028660352104,264.0502624511719,62901200
2019-09-03,262.3528717175835,263.2647722903244,261.1790976581127,262.50634765625,69101400
2019-09-04,264.6732441815311,265.50388772814705,263.9238298917129,265.48583984375,46887300
2019-09-05,267.96879736456265,269.8106735830968,265.44972592383255,268.8987731933594,83258100
2019-09-06,269.2148152948554,269.74751727016104,268.5376475637681,269.1064453125,49584300
2019-09-09,270.09069320094045,270.18096021299755,268.3029599868757,269.2419738769531,51260300
2019-09-10,268.4834677166774,269.24191987648885,267.22846442804376,269.1787109375,57947100
2019-09-11,269.4857210476575,271.17412182646217,268.83563880380444,271.0928649902344,68821100
2019-09-12,271.9956454793237,273.0881347966629,271.2372210938471,272.0317687988281,72908700
2019-09-13,272.4741621192971,272.82630246980784,271.48097753915954,271.8511657714844,62104800
2019-09-16,270.72254318691955,271.8963167578884,270.3704304034408,271.011474609375,58191200
2019-09-17,270.8129723529359,271.7880819460408,270.64142095768113,271.69781494140625,41475500
2019-09-18,271.30945217296875,271.968571901471,269.27794933684083,271.8602294921875,73375800
2019-09-19,272.2485052514616,273.24169007108816,271.5081286082832,271.8421936035156,76560500
2019-09-20,272.44441106611964,272.7256250118713,269.7686018264229,270.5577392578125,89565000
2019-09-23,269.89566087758845,271.2109087987867,269.6416852140578,270.49432373046875,43476800
2019-09-24,271.5827953011382,271.9728243964235,267.41031441968806,268.3717956542969,94869400
2019-09-25,268.45338400504926,270.40355684518136,266.9748722488337,269.9591064453125,71854000
2019-09-26,269.9682111328825,270.17681716965757,267.99082742388725,269.3967590332031,56179700
2019-09-27,270.1496138053091,270.2584842358922,266.394400547626,267.9454650878906,84746600
2019-09-30,268.4625344992536,269.8956770404428,268.41719257426433,269.18817138671875,51662400
2019-10-01,270.06794415591315,270.72102824217234,265.76849006877796,265.9861755371094,88242400
2019-10-02,264.4079159140389,264.4169953695027,259.9996188362365,261.2876281738281,122539500
2019-10-03,261.0609342690708,263.455585936669,258.3488337490657,263.4283752441406,85278800
2019-10-04,264.0813879558739,267.2470176140269,264.0269389043035,266.9930419921875,65091200
2019-10-07,266.19480049123445,267.818445039267,265.5598476544299,265.8410339355469,59610500
2019-10-08,263.99065687623875,264.72537300214316,261.67763808472165,261.71392822265625,95708100
2019-10-09,263.7275882237998,265.13351958206624,263.10171486269707,264.1992492675781,62359400
2019-10-10,264.1176347838915,266.86602454663546,263.954370682643,265.9861755371094,55296300
2019-10-11,268.7346034051052,270.9750422719158,268.6167088805522,268.7436828613281,98720400
2019-10-14,268.42620754255415,269.0974506367518,268.0996792923519,268.4443664550781,40394800
2019-10-15,269.4874853651235,271.8458464973218,269.3695631563232,271.10205078125,46754500
2019-10-16,270.63941529110076,271.3560002499491,270.23125500917473,270.6666259765625,48928200
2019-10-17,271.8276926759577,272.33564398394304,270.7754999147679,271.4648742675781,45736600
2019-10-18,270.9296954952778,271.5737002063706,269.4239728965291,270.276611328125,64304000
2019-10-21,271.59188362078226,272.3084410011963,271.15648490964367,272.10888671875,39048600
2019-10-22,272.6440336093649,272.93429940069217,271.12925918317654,271.219970703125,48594700
2019-10-23,270.965950615548,272.0634850874928,270.75731692201106,272.0090637207031,34352200
2019-10-24,272.94331115214135,273.0884440118041,271.62806364231596,272.4534912109375,35453100
2019-10-25,271.8820684135941,274.1134552290327,271.82764704553614,273.5692138671875,45205400
2019-10-28,274.7846473563298,275.61007494387354,274.7574366745982,275.1111755371094,42147000
2019-10-29,274.8390967416614,275.9547901689378,274.7120950931229,275.0295715332031,44284900
2019-10-30,275.229106138278,276.24500852902196,273.9229380126746,275.8731384277344,49643900
2019-10-31,275.86418395301934,275.86418395301934,273.6872453178426,275.1385192871094,69053800
2019-11-01,276.5807027657832,277.7326588147076,276.41741095435447,277.68731689453125,71141500
2019-11-04,279.2383466387265,279.37440006354313,278.4310501827038,278.8029479980469,60606900
2019-11-05,279.0025497152499,279.30189498204095,278.2043325788355,278.4945983886719,42933200
2019-11-06,278.4945130993228,278.83012072860964,277.61466416358525,278.5580139160156,46487100
2019-11-07,279.89139471405895,280.8710069278483,279.0659671347833,279.5376281738281,54272300
2019-11-08,279.1928981296516,280.2813805830602,278.4944722921573,280.2269592285156,49032100
2019-11-11,278.8483964128372,279.8642991803106,278.71231526828956,279.69195556640625,35797300
2019-11-12,280.0546986848405,281.1794439203386,279.5104572968919,280.2814636230469,46484600
2019-11-13,279.2927585959564,280.77127035209,279.0659936684823,280.3721618652344,53917700
2019-11-14,280.09095744342886,280.8619636831978,279.4560046150865,280.7803039550781,51219900
2019-11-15,282.1137714747029,282.85756726611123,281.4244247462533,282.8122253417969,62023600
2019-11-18,282.576240627735,283.2565352423828,282.12271088463643,283.02069091796875,49228000
2019-11-19,283.61947336896316,283.6285528256652,282.2951737101685,282.9391784667969,67804700
2019-11-20,282.34951110935566,282.8665417247279,280.33583769061437,281.88690185546875,79406200
2019-11-21,281.9958720828886,282.1047148443882,280.6352822016,281.4334716796875,54664700
2019-11-22,282.1772178522817,282.31327128023827,281.05247260615073,282.0592956542969,44850200
2019-11-25,282.98456243967775,284.245361328125,282.98456243967775,284.245361328125,48647200
2019-11-26,284.2815982160428,285.07073576578375,283.9641217688007,284.8893127441406,37569000
2019-11-27,285.37004499703744,286.1592102050781,285.15235952241426,286.1592102050781,44444600
2019-11-29,285.5968026686247,285.84172650261706,284.87116598414514,285.0979309082031,36592700
2019-12-02,285.3518958206147,285.4153966404745,282.24976727728045,282.67608642578125,75767800
2019-12-03,279.9639558052549,280.8619636831978,278.5852351006926,280.7803039550781,73941700
2019-12-04,281.82344036418806,283.11144954756696,281.47875327303325,282.5127868652344,49080000
2019-12-05,283.2111933405764,283.22932456504725,281.71452304334423,283.02069091796875,40709000
2019-12-06,284.92566208065074,286.00506561677,284.91658262330225,285.60595703125,48927000
2019-12-09,285.21592864485524,285.88714413985167,284.63539699848997,284.7079772949219,34838500
2019-12-10,284.6534969724014,285.3156328729228,283.73735776823526,284.39044189453125,52649800
2019-12-11,284.84407873714247,285.45182117673863,284.30891660620586,285.1978454589844,53429100
2019-12-12,285.206841471859,288.43597254390977,284.971024718016,287.6559143066406,96389600
2019-12-13,287.4199981041912,289.05272214678655,286.64899183529326,287.82818603515625,81503900
2019-12-16,289.5516883749544,290.3952475141658,287.7647791043134,289.8056640625,82749700
2019-12-17,290.1864949241495,290.485812387136,289.7873865193276,289.8690185546875,61097700
2019-12-18,290.2591048310666,290.4858697567159,289.8327856635954,289.88720703125,48133000
2019-12-19,290.07772911648044,291.14808077783215,289.823753465592,291.07550048828125,85310500
2019-12-20,292.1054650052227,293.48186803995895,291.13016050237536,292.3515930175781,147142100
2019-12-23,293.13550600154747,293.1901949374519,292.65240185614937,292.7982482910156,52990000
2019-12-24,293.0260982506087,293.07166308676193,292.5065255951328,292.8073425292969,20270000
2019-12-26,293.1902210059652,294.3752129631039,293.18112472741444,294.3660888671875,30911200
2019-12-27,295.0952934102021,295.1499823509916,293.7644828220485,294.29315185546875,42528800
2019-12-30,294.37518834855865,294.511910689044,292.18751963133974,292.6706237792969,49729100
2019-12-31,292.1692833540794,293.6277198137139,291.82290156546304,293.381591796875,57077300
2020-01-02,294.91296621198353,296.1435228475682,293.9923228046252,296.1252746582031,59151200
2020-01-03,292.74353546966336,295.00411329960116,292.68884653822107,293.8829345703125,77709700
2020-01-06,292.13287226263657,295.08621432416686,292.01437027823323,295.0041809082031,55653900
2020-01-07,294.43897268463854,294.9129805533922,293.7279886988713,294.1746520996094,40496400
2020-01-08,294.3660286722624,296.9547400028766,294.1199284891358,295.742431640625,68296000
2020-01-09,297.3011366636997,297.820709338136,296.71775096243204,297.7477722167969,48473300
2020-01-10,298.3312381801406,298.4861809242892,296.42616567870095,296.8910217285156,53029300
2020-01-13,297.51086261756024,298.94192708972656,297.0824473403548,298.9328308105469,47086800
2020-01-14,298.4952711557389,299.54351294484616,297.92100945963375,298.47705078125,62832800
2020-01-15,298.38584690535674,299.9080685509151,298.3038135068561,299.1515197753906,72056600
2020-01-16,300.5278990481638,301.63995361328125,300.30001924233943,301.63995361328125,54050300
2020-01-17,302.3510080804288,302.7885196066415,301.57621099627295,302.5788879394531,95846000
2020-01-21,301.62178693577914,302.78853074420584,301.5488776178504,301.98638916015625,77742400
2020-01-22,302.84318902456715,303.49038781097767,301.8678844320141,302.0228271484375,48914900
2020-01-23,301.3756489009387,302.77939649699647,300.2635941747511,302.36920166015625,51963000
2020-01-24,303.0254328321711,303.1074662187742,298.3948999055085,299.6801452636719,87578400
2020-01-27,294.4481411214826,296.3532135264237,294.1108833593813,294.8765563964844,84062500
2020-01-28,296.298487210109,298.84163406721996,294.9676767051918,297.9665832519531,63834000
2020-01-29,299.3247726958283,299.55265256689614,297.5199541027187,297.7204895019531,53888900
2020-01-30,295.66036446661803,298.89627442765044,294.9129398382602,298.6866149902344,75491800
2020-01-31,298.06678837146853,298.22175888029057,292.3515728105219,293.2630920410156,113845600
2020-02-03,294.7398209430448,297.3011883827756,294.62131896327486,295.4416809082031,69083000
2020-02-04,299.0421238964606,300.8104734483571,298.723086598825,299.94451904296875,62573200
2020-02-05,302.87059303020703,303.618045742721,301.4121839936726,303.40838623046875,65951100
2020-02-06,304.3654777307045,304.62070207645655,303.35367662683126,304.4292907714844,50359700
2020-02-07,303.3718697108561,304.4383317479117,302.25981501693957,302.8067321777344,64139400
2020-02-10,301.92253597033135,305.13107376686384,301.88606741089336,305.0672607421875,42070000
2020-02-11,306.41633961218275,307.2002328793031,305.0672809970112,305.5959777832031,54864500
2020-02-12,307.02702899526753,307.77448148627434,306.6624268441835,307.5648498535156,43992700
2020-02-13,306.1428600443528,308.20290257264736,305.8694153801374,307.2366943359375,54501900
2020-02-14,307.64693997585454,307.84747536853007,306.4528517159032,307.7289733886719,64582200
2020-02-18,306.73540821888315,307.7927740817303,305.5504162851949,306.9359436035156,57226200
2020-02-19,307.90211788539574,309.07795777585227,307.61954912250815,308.4034423828125,48814700
2020-02-20,307.85655491074664,308.67694462905206,304.1557883522253,307.136474609375,74163400
2020-02-21,305.78739481387316,306.09730805211063,303.1530905628107,303.9734802246094,113788200
2020-02-24,294.5483849080448,304.0464012409805,292.8164758374308,293.89208984375,161088400
2020-02-25,295.27757219253857,295.8882745622072,284.1114604678439,284.98651123046875,218913200
2020-02-26,286.38118955607183,289.9634545114292,283.2091195022636,283.9383239746094,194773800
2020-02-27,278.43268874388383,283.9929622601153,271.1861267089844,271.1861267089844,284353500
2020-02-28,263.15560884540804,271.5324726677233,260.2752047841163,270.04669189453125,384975800
2020-03-02,271.8241515658398,281.80529862026447,268.40595433040124,281.7414855957031,238703600
2020-03-03,282.11517570579525,286.07116546161603,271.2407589694564,273.67449951171875,300139100
2020-03-04,279.0343161033958,285.3967315712866,276.49116917188974,285.1779479980469,176613400
2020-03-05,277.995197331708,281.17639114422417,273.46494478951723,275.6981506347656,186366800
2020-03-06,267.2118873410211,272.3437456449538,264.5502664620457,271.1405334472656,228667200
2020-03-09,250.94126219037892,259.04468244351574,249.25497367188592,249.96595764160156,309417300
2020-03-10,259.4549092564181,262.9915813511426,249.30056924454237,262.90045166015625,276444100
2020-03-11,255.863530672836,256.9938059331485,246.91240265024598,250.08447265625,255316300
2020-03-12,233.3489613279396,243.06576125881952,225.76511340861424,226.15707397460938,392220700
2020-03-13,239.81168618296002,247.45934891414748,226.53085295661577,245.49046325683594,329566100
2020-03-16,219.84023822786799,234.16932404862888,216.35824141554718,218.6279296875,297240000
2020-03-17,223.35866962977036,233.50389718402428,216.09387404457632,230.43206787109375,262070500
2020-03-18,215.34646582603455,226.39407689191867,207.84466479454713,218.76466369628906,327597100
2020-03-19,218.0809829271714,225.49163896080339,211.67300364288351,219.2294921875,289322000
2020-03-20,222.37079573833208,224.1495443005765,209.50697679443658,209.78204345703125,347158800
2020-03-23,209.22268050674896,210.58882164978553,200.11806218300114,204.41822814941406,326025200
2020-03-24,214.9349002864805,223.81030151692397,214.36643944810632,222.9392547607422,235494500
2020-03-25,224.5162200852684,235.04200407098807,219.82180274754663,226.27662658691406,299430300
2020-03-26,228.77973377835932,240.95587614121874,228.34879937507776,239.4888916015625,257632800
2020-03-27,232.21804924789328,239.13131375893414,230.18257586335054,232.35557556152344,224341200
2020-03-30,234.44605962945386,240.61665407010992,232.45643301160396,239.9014892578125,171369500
2020-03-31,238.90208181788717,241.4418275508448,234.92282878626662,236.32565307617188,194881100
2020-04-01,227.36774076850008,236.24314028710725,223.62687128450554,225.68984985351562,189554600
2020-04-02,224.80967193777292,231.67708998353663,224.2595386780604,230.8977508544922,177660400
2020-04-03,229.9166909570072,232.26391415318625,224.83718484688495,227.56031799316406,135561200
2020-04-06,236.40815247528656,244.80677011871967,227.54193143111638,242.84463500976562,188061200
2020-04-07,251.4174604431951,252.16930817093797,242.8721667882083,243.0922088623047,201427200
2020-04-08,245.6870219261838,253.05874090906812,243.20228632655915,251.2524871826172,153774500
2020-04-09,254.50742362725188,257.8265512385249,252.57282112817146,255.07591247558594,189999200
2020-04-13,254.10395500418002,254.44319588474661,248.8502262862596,252.74696350097656,114839100
2020-04-14,257.6248340505204,261.2189863290575,252.6095016366842,260.2012634277344,134143400
2020-04-15,254.4981997482188,260.3387165438089,252.5635698315606,254.6724090576172,121775000
2020-04-16,255.94695583827448,256.7538144297248,252.83874828819563,255.901123046875,131798300
2020-04-17,261.65902364519036,263.4194162623719,258.9267132107058,262.8143005371094,146684800
2020-04-20,259.1192277447229,262.95180422099605,257.9639789331066,258.18402099609375,100109300
2020-04-21,253.7280752057677,254.92918511748837,249.40955259580767,250.34478759765625,126385700
2020-04-22,255.2134632901999,257.64318883426245,253.893154318908,255.901123046875,92951600
2020-04-23,257.17549374033564,260.33873886010645,255.58013253954968,255.8826904296875,104709700
2020-04-24,257.39554010912246,260.1186727932332,255.35088916404356,259.4493408203125,85063200
2020-04-27,261.420615255831,264.3087793852271,260.96217561684955,263.190185546875,77896600
2020-04-28,266.83019054311086,267.1786091367333,261.6773336103177,261.97991943359375,105270000
2020-04-29,267.2978754969445,270.36942737195216,266.27097494933463,268.8382263183594,118745600
2020-04-30,267.4628265283742,268.9390166066362,264.6021678699744,266.3350830078125,122901700
2020-05-01,261.5948274910563,266.5001372793607,258.1198471539412,259.2843017578125,125180000
2020-05-04,257.4047574252565,260.3021001779905,255.92859477193736,259.9995422363281,80873200
2020-05-05,262.8142792143297,265.2073206037957,260.12780177122573,262.40167236328125,79569900
2020-05-06,264.097843121118,264.4829166436481,260.19192950703405,260.62286376953125,73632600
2020-05-07,263.8320105300923,265.6932743331002,263.2635498583758,263.767822265625,75250400
2020-05-08,266.8944094168429,268.5998195757135,265.7666377314456,268.1322021484375,76452400
2020-05-11,266.20676247386785,269.56254444611375,265.7850057832069,268.1872253417969,79514200
2020-05-12,269.36997290557235,269.78255179515514,262.7042425975372,262.841796875,95870800
2020-05-13,262.28244947607476,263.31852740068314,255.77260186362162,258.19317626953125,144721100
2020-05-14,255.7635079143885,261.41146013220174,250.29888679853764,261.2831115722656,121977900
2020-05-15,258.89919065123917,262.53002466488874,257.95480613821377,262.48419189453125,111146300
2020-05-18,268.6915050760796,272.0839701507051,268.3706196611589,270.47943115234375,119703800
2020-05-19,269.8834715117107,271.58885385664627,267.68296642946405,267.7012939453125,95189300
2020-05-20,271.2313310260345,273.110923020854,271.0021111251568,272.2490539550781,85861700
2020-05-21,272.1205969507901,272.9274551573874,269.2782657160711,270.3693542480469,78293900
2020-05-22,270.08516244349306,271.0570523361643,268.8473696991475,270.8828430175781,63958200
2020-05-26,276.83341854716673,277.0718161691973,270.90120710948116,274.2203063964844,88951400
2020-05-27,277.0075509205538,278.3370370080894,272.1939349208289,278.30035400390625,104817400
2020-05-28,279.3272461114309,281.33521382254526,277.11756385460404,277.7868957519531,90405200
2020-05-29,277.3193091660714,279.61150744849493,274.5778489741923,279.02471923828125,119090800
2020-06-01,278.3828651183529,280.75757894742645,277.8694149921172,280.1524353027344,55758300
2020-06-02,281.0693740975131,282.5180592457431,279.73991573138625,282.4721984863281,74267200
2020-06-03,284.45263612777273,287.18494662104723,284.1775835194625,286.23138427734375,92567600
2020-06-04,285.2503028822557,286.98321817364206,283.3890390401753,285.4795227050781,75794400
2020-06-05,290.8616625425781,294.565835177491,290.7974742690629,292.7962646484375,150524700
2020-06-08,293.60313838658124,296.52798606844794,293.062182869184,296.33544921875,73641200
2020-06-09,293.6764120455833,296.408722278723,292.8145433136846,294.1257019042969,77479200
2020-06-10,294.70329579254934,295.59266964831977,291.7692714487275,292.48443603515625,95000800
2020-06-11,285.57119193533765,286.2038408309795,275.0729417317749,275.623046875,209243600
2020-06-12,282.61891221793167,283.3890875968667,273.78020888553783,278.92388916015625,194678900
2020-06-15,273.24835223856235,282.6555425806839,272.07474788246594,281.52777099609375,135782700
2020-06-16,289.2570561458452,289.40376017355715,282.09623192993956,286.9465026855469,137627500
2020-06-17,287.96429064170104,288.25769873534205,285.0210879201945,285.7546081542969,83398900
2020-06-18,284.2418184413267,286.34145231822947,283.7833786982742,285.86468505859375,80828700
2020-06-19,289.3235800973279,289.5169641791191,282.28778324973854,284.2309265136719,135549600
2020-06-22,283.6323430698322,286.4503381503588,282.49041850503755,286.0543518066406,74649400
2020-06-23,288.69736494870455,289.6274972240298,286.9660418676936,287.3712463378906,68471200
2020-06-24,285.3360276763805,285.95305250280444,278.20816137818287,280.040771484375,132813500
2020-06-25,279.46981736237365,283.3100417218154,277.45301313177083,283.04296875,89468000
2020-06-26,281.94708210428337,282.1589024781775,275.7401296700566,276.3202819824219,127961000
2020-06-29,277.572693256611,280.51960120631884,275.2888164097337,280.3814697265625,79773300
2020-06-30,279.9486930198918,285.6675903215087,279.792153347328,283.97308349609375,113394800
2020-07-01,285.08739818187286,287.22392574002134,284.62694111006857,285.9622497558594,72396500
2020-07-02,289.38803604130976,290.7325908541107,286.8739585501112,287.5370178222656,69344200
2020-07-06,291.34955427526955,292.55594935283244,290.6036161923204,291.97576904296875,61713800
2020-07-07,290.4379459868934,292.4086879039096,288.5868993171508,288.9644775390625,82910000
2020-07-08,289.7287189273089,291.2850657221682,287.96979804712055,291.174560546875,54638600
2020-07-09,291.78240850045916,292.0218551502653,286.1095744969354,289.5169677734375,83354200
2020-07-10,289.45251680342045,292.74018697945144,288.02511114921197,292.4731140136719,57550400
2020-07-13,294.81228763297554,297.1882340667077,289.2868020526864,289.9406433105469,102997500
2020-07-14,288.5223761645233,294.47150148289853,287.3251990766644,293.69793701171875,93657000
2020-07-15,296.9120110782605,297.4921916391001,294.020326411243,296.39630126953125,87196500
2020-07-16,294.4991602617193,295.87131342816184,293.85450907927094,295.4200744628906,54622500
2020-07-17,296.42383888823116,297.0592718738817,294.4530691984586,296.2764892578125,62774900
2020-07-20,296.0094126786261,299.4168060932532,295.2634745052949,298.6708679199219,56308800
2020-07-21,300.632423503006,301.0744442907489,298.3209200855165,299.3063049316406,57292200
2020-07-22,298.94720120561465,301.3231758826921,298.83669598418305,301.0100402832031,57792900
2020-07-23,300.6508750281461,301.35077884843804,296.0555219337203,297.41845703125,75738000
2020-07-24,295.5674004213925,296.5251308789289,294.00183516323403,295.5029296875,73766600
2020-07-27,296.19358696402725,297.8328128298591,295.4015862760953,297.6578369140625,48293000
2020-07-28,296.9304135617862,298.0447401843748,295.4753812230402,295.77008056640625,57495000
2020-07-29,296.64494113452423,299.96945672259363,296.608096689494,299.4076843261719,48454200
2020-07-30,296.4422441472383,298.7537475391664,294.36099738513786,298.3393249511719,61861700
2020-07-31,300.1258761780566,300.7981535361253,295.9172923240878,300.69683837890625,84986800
2020-08-03,302.3546141881708,303.5517916334194,301.81127807969176,302.7874450683594,53077900
2020-08-04,301.93091720834786,303.9569396972656,301.93091720834786,303.9569396972656,41917900
2020-08-05,305.25535623296946,306.1026094552458,304.98828331124287,305.8447265625,42697700
2020-08-06,305.264638297825,308.00894452980793,304.942312718452,307.88922119140625,43679400
2020-08-07,306.922272863609,308.3957411535914,306.0197668612782,308.1102600097656,57308300
2020-08-10,308.56154419446693,309.2153854806249,306.6276185368531,309.0312194824219,44282100
2020-08-11,310.2099129722672,310.8453459347755,305.7526922046899,306.4801940917969,69601100
2020-08-12,308.91143712616207,311.526829875344,308.8838108265044,310.7532653808594,53774400
2020-08-13,309.9888955675153,311.4992082489788,309.2705836615696,310.1914978027344,41816100
2020-08-14,309.80472777793506,310.734860048338,309.0771977415584,310.2007141113281,47260400
2020-08-17,311.2136614504933,311.58202140842496,310.2098686209025,311.18603515625,35481000
2020-08-18,311.5821378053685,312.2820416597443,309.98894596467176,311.8584289550781,38733900
2020-08-19,312.23588712741235,312.75159673010216,309.9980728045905,310.5598449707031,68054200
2020-08-20,308.8378341384851,312.00578186582436,308.70892073892423,311.52691650390625,42207800
2020-08-21,311.1953341258538,312.85296841916903,310.85457226958493,312.6319580078125,55106600
2020-08-24,315.0631480494956,315.87355700727335,312.604322979584,315.7998962402344,48588700
2020-08-25,316.36163229349035,316.9878471615432,315.2012714878101,316.90496826171875,38463400
2020-08-26,317.4943564112972,320.34916765874164,316.9510204608459,320.0821228027344,50790200
2020-08-27,320.94779884525434,322.2278548973866,319.1243787139967,320.7820129394531,58034100
2020-08-28,321.80426786042483,322.9830369399693,320.616280645361,322.8540954589844,48588900
2020-08-31,322.6423290489599,323.5171807672397,321.4543417386252,321.6845703125,66099200
2020-09-01,322.5134176423937,324.8157035959039,321.6201295682686,324.71441650390625,54908700
2020-09-02,326.6206721827685,330.37798998883557,325.4787193923163,329.4110412597656,69540000
2020-09-03,327.7257482737778,328.19542353260755,315.49600820932886,318.0745849609375,148011100
2020-09-04,318.75605256613443,320.3215899223895,308.38654915956926,315.47760009765625,139156300
2020-09-08,310.0809258509965,315.54196689159204,306.5538378154059,306.85772705078125,114465300
2020-09-09,310.85461330882225,315.37630593191915,309.98895161129644,312.91748046875,91462300
2020-09-10,314.78688177765224,315.4407229555937,306.5262807206502,307.4840393066406,90569500
2020-09-11,309.26138178450964,310.32042738546795,304.8225690491499,307.64056396484375,84680200
2020-09-14,310.79936944297793,313.4608253569491,307.78798968967357,311.6926574707031,65605700
2020-09-15,314.14224664496544,314.97106380213984,311.70182964170226,313.26739501953125,52920900
2020-09-16,314.5013391992171,315.92874461250403,311.7477873154288,312.0240783691406,82096000
2020-09-17,307.1801021515254,310.99269998077335,306.6551743743273,309.27978515625,91523300
2020-09-18,310.0832931282361,310.19424068358853,303.2412544546544,305.71917724609375,105877900
2020-09-21,301.142326624104,302.4644982707125,297.4716623333605,302.3165588378906,99450800
2020-09-22,303.7960278580259,305.9503348545205,301.2903399000604,305.39556884765625,63612100
2020-09-23,305.9503536740996,306.22775080288056,297.8138791281714,298.31317138671875,93112200
2020-09-24,297.0002185553226,302.1594777085532,295.68727323191223,299.1083068847656,76681300
2020-09-25,298.25762343564503,304.7298270780176,297.38852490576954,303.9439392089844,71069400
2020-09-28,308.0954153354496,309.70421136202526,307.106085914168,308.9922790527344,64584600
2020-09-29,308.78887594020625,309.5285451633514,306.6160587994306,307.30950927734375,51304000
2020-09-30,307.9751372004484,312.7830704632652,307.7809790212787,309.6394348144531,104081100
2020-10-01,312.22836509125534,313.1991843917802,309.7504423645945,311.62738037109375,88698700
2020-10-02,306.69007030245626,311.59969787140113,306.2185149056574,308.668701171875,89431100
2020-10-05,310.7212700191764,314.3272066536649,310.675051276602,314.1423034667969,45713100
2020-10-06,314.28094252067115,316.3705485681372,309.16790315798374,309.6764221191406,90128900
2020-10-07,312.6259658002967,315.87132309591203,312.5982289095894,315.0669250488281,56999600
2020-10-08,316.99938098191984,317.92398175584026,316.0840070284668,317.8592529296875,45242500
2020-10-09,319.50498071538817,321.1600236881462,318.8855141153723,320.6977233886719,59528600
2020-10-12,323.2310413996827,327.3270142850216,322.7410043300661,325.8569030761719,80388500
2020-10-13,325.71829333157706,325.89396970025575,322.76881520469266,323.73040771484375,73255500
2020-10-14,324.30366960004284,325.39469156684834,320.96587488382295,321.6962890625,57727900
2020-10-15,317.7944920914556,321.77951876830656,317.2582361118935,321.2987365722656,60357700
2020-10-16,322.6485591089017,324.30360178414776,320.9288158479538,321.1044921875,89501900
2020-10-19,322.3620205940744,322.99074228284945,315.325822981665,316.2226867675781,68425600
2020-10-20,317.5633049958053,320.7254513716909,316.8051539703146,317.4893493652344,60051900
2020-10-21,317.44313504454004,319.60672543903087,316.583263194965,316.8883972167969,63575000
2020-10-22,317.1010016263074,319.20908978421284,314.96517658013624,318.6265869140625,55399300
2020-10-23,319.84711952294293,319.9025933086826,317.25824879984316,319.70843505859375,49143900
2020-10-26,316.33359795190205,317.1195140807674,310.31443920384794,313.8002014160156,91473000
2020-10-27,314.142337779827,314.4751804824875,312.5057765086921,312.71844482421875,65994100
2020-10-28,307.05985871686283,312.7461466489848,301.5399921174108,302.030029296875,127094300
2020-10-29,302.2612006889962,308.26184985459844,300.5784207406355,305.0997314453125,90597700
2020-10-30,303.52783260839107,304.8315226203362,298.2761088587803,301.9190368652344,120287300
2020-11-02,305.30316162109375,307.3002742972392,302.56632324038145,305.30316162109375,86068300
2020-11-03,308.5300107397287,312.7461876866935,305.38637399387943,310.6935729980469,93294200
2020-11-04,315.1593172475223,321.7055046793928,313.98508475423665,317.63726806640625,126959700
2020-11-05,322.907491721787,325.63507467035436,322.55613899305547,323.83209228515625,82039700
2020-11-06,323.5455408933041,325.00642591217644,321.43745226493905,323.7582092285156,74973000
2020-11-09,336.52688050400957,336.90597013486416,327.3640851994297,327.8263854980469,172304200
2020-11-10,326.83703383089585,328.39961099114294,324.0817422973662,327.3455810546875,85552000
2020-11-11,329.5276530081711,330.6001931058199,328.28869157206935,329.7773132324219,58649000
2020-11-12,328.76945432758134,329.8235125087104,324.7752013576145,326.5781555175781,67546200
2020-11-13,328.48285175165734,331.8391565132532,327.965077662347,331.0994873046875,62892200
2020-11-16,333.762310414162,335.42658008620566,332.4771021299016,335.232421875,74541100
2020-11-17,332.8284586496354,334.63144099542336,331.3213552496351,333.429443359375,66111000
2020-11-18,333.6976230414402,334.24313403742127,329.3797256027603,329.4167175292969,70591300
2020-11-19,328.7879664083773,331.173423449706,327.44728430310664,330.8035888671875,59940900
2020-11-20,330.5446951604477,330.7481084092092,328.46434393216515,328.5382995605469,70417300
2020-11-23,330.3412386076394,331.7651311623136,328.112948198128,330.5076599121094,63230600
2020-11-24,333.05037819016013,336.3789460330993,332.19976142931375,335.83343505859375,62415900
2020-11-25,335.7502372606201,335.7779741513508,334.2246518372895,335.315673828125,45330900
2020-11-27,336.4066780190502,336.7210388362217,335.24167223686067,336.24951171875,28514100
2020-11-30,335.4727353400609,335.7408773444086,332.0887228617469,334.76080322265625,83872700
2020-12-01,338.00621842500254,339.95711197569057,337.4144605490259,338.4222717285156,74231400
2020-12-02,337.3127522431998,339.2913825881508,336.7395044630417,339.13421630859375,45927000
2020-12-03,339.03249301288866,340.4286487496057,337.94147123204993,339.041748046875,62882000
2020-12-04,339.62423252861316,341.9634704589844,339.53176684344106,341.9634704589844,50749900
2020-12-07,341.1960744141505,341.75084037057263,339.99410502237635,341.26080322265625,48944300
2020-12-08,339.99405613944555,342.82333107219165,339.9478374066258,342.25933837890625,42458900
2020-12-09,342.9158669849853,343.0730332820125,338.3575929060704,339.1897277832031,74098300
2020-12-10,337.82129446332254,340.1235407764272,336.952167699225,339.0787658691406,57735400
2020-12-11,337.38671728522763,339.0879788216525,335.8703871356922,338.68115234375,57698600
2020-12-14,340.84477647871296,341.9172883370529,336.98917958686485,337.16485595703125,69216200
2020-12-15,339.6982062143582,341.72308349609375,338.32981558066564,341.72308349609375,63865300
2020-12-16,341.93572259947405,343.1746837346286,341.05734094338163,342.25933837890625,58420500
2020-12-17,343.895879454076,344.37666151029305,343.07297154354643,344.1732482910156,64119500
2020-12-18,344.4610781093914,344.6282087963671,340.7933274586595,342.7989807128906,136542300
2020-12-21,338.88995381488303,351.4159755487242,336.1600382375715,341.57342529296875,96386700
2020-12-22,341.8983673411588,342.0097878229692,339.87415302334546,340.9976806640625,47949000
2020-12-23,341.9634866992638,343.20772972464715,340.97923433087317,341.3042297363281,46201400
2020-12-24,341.7775652333488,342.6596910508506,341.1926078529862,342.6318359375,26457900
2020-12-28,345.17611443159626,345.96538061700096,344.5540073036612,345.5754089355469,39000400
2020-12-29,347.09815522580993,347.27458040793783,344.3310908811892,344.91607666015625,53680500
2020-12-30,345.7332900123292,346.4389909289521,345.0183229457008,345.4082946777344,49455300
2020-12-31,345.2132342407314,347.8874388872676,344.70254763729105,347.1631774902344,78520700
2021-01-04,348.49106429337866,348.62107376333165,338.75066866047587,342.4369812011719,110210800
2021-01-05,341.7962685644844,345.8818471316903,341.7498244688002,344.7954406738281,66426200
2021-01-06,343.29118386394964,350.04170094295614,342.743347597711,346.8567810058594,107997700
2021-01-07,349.22456754371,352.7530149569909,349.04814233936133,352.01019287109375,68766800
2021-01-08,353.39376410680273,354.2294461631156,350.15316189053533,354.0158996582031,71677200
2021-01-11,350.84954484541544,353.3844459686813,350.72882987062206,351.6295166015625,51034700
2021-01-12,351.8152452148604,352.7159036317569,349.4660070637659,351.70379638671875,52547700
2021-01-13,351.6294468854472,353.6443664384586,350.84947528394184,352.6508483886719,45303600
2021-01-14,353.39372265354797,353.89514316325904,351.0816626236897,351.4159240722656,49989100
2021-01-15,349.80025180486865,350.5987841141442,346.99606590019863,348.8531494140625,107160000
2021-01-19,351.3045309935299,352.1309468672761,349.82815280679114,351.5923767089844,51233300
2021-01-20,353.87657321374,357.2936287805517,353.4866015027723,356.45794677734375,61836100
2021-01-21,357.0150639404166,357.4422136144088,355.8636810590546,356.7829284667969,47840100
2021-01-22,354.9350642448892,356.6807271719311,354.5543587480902,355.5200500488281,52860500
2021-01-25,356.25365943655754,357.27503278883,351.4159360582794,356.9222106933594,70402000
2021-01-26,357.86925374578055,358.2778143535909,356.1328853310083,356.3650207519531,42665300
2021-01-27,353.0502529709395,353.14311284162346,345.4269308132445,347.6554260253906,123351100
2021-01-28,349.465906140877,354.6378897005829,349.02951878829003,350.6451721191406,94198100
2021-01-29,348.7881786860428,349.75387014169314,341.95409595375736,343.62548828125,126765100
2021-02-01,347.0146573120808,350.37597423640665,343.91333096928156,349.3453063964844,75817600
2021-02-02,352.52090191367535,355.83580306474755,349.42887007201125,354.2851257324219,64450700
2021-02-03,355.11158757378746,356.2815595050007,353.2916532761181,354.5637512207031,52427100
2021-02-04,355.59439688401244,358.64001317221204,354.6751494739212,358.5935974121094,47142600
2021-02-05,360.45994861198795,360.7106447040377,358.54715471512554,360.00494384765625,48669800
2021-02-08,361.45353858793885,362.651365717002,360.5992958060615,362.6049499511719,38365200
2021-02-09,361.76912302259905,362.95768361802595,361.3605907389764,362.3634033203125,35551100
2021-02-10,364.09979957873327,364.24836966450124,359.8099410732521,362.20556640625,59154400
2021-02-11,363.2826838806573,363.7005390243798,360.3670773709089,362.7905578613281,42913300
2021-02-12,361.9919719175586,364.8240126465975,361.9176727161063,364.5826110839844,50593300
2021-02-16,365.80828939947554,366.0033035639086,363.5519398125603,364.26690673828125,50972400
2021-02-17,362.52129645099154,364.6012209832248,361.5091609681263,364.35052490234375,52290600
2021-02-18,361.7505784893111,363.54265727343494,360.0327705772848,362.7998352050781,59712800
2021-02-19,364.05341301185115,364.34125872083973,361.71346939446187,362.1591796875,83241000
2021-02-22,359.4013292371553,361.7783935972179,359.10418910793686,359.37347412109375,67414200
2021-02-23,357.1729115862207,361.15636405887625,353.0316228676275,359.8099670410156,107284100
2021-02-24,358.72354113198065,364.20196042155277,357.7392890909114,363.7748107910156,72433900
2021-02-25,362.51194007778116,363.87689740324714,353.57007967389603,355.0093078613281,146670500
2021-02-26,356.88510798823404,358.02719646343246,351.20243572701213,353.1802062988281,152701600
2021-03-01,358.0363693607086,362.9855121953321,353.37510050582176,361.7412414550781,105348800
2021-03-02,361.9642260505401,362.1963615356677,358.41718903694675,358.9186096191406,79595300
2021-03-03,358.22209014166907,359.18775305259203,354.062213359393,354.16436767578125,119940200
2021-03-04,353.9787065028338,356.5600515760826,345.306129482108,349.7817077636719,183433000
2021-03-05,353.2730320198999,357.265779064072,346.01185613057277,356.2165222167969,152039600
2021-03-08,357.1728776946545,359.9770636155982,354.1644114525265,354.4429626464844,123149200
2021-03-09,358.2778580660894,362.04773549523804,357.7764375613555,359.5035400390625,113633600
2021-03-10,361.8433957711477,363.43119404918576,360.43202267254077,361.7412414550781,109899400
2021-03-11,364.2019341812967,367.3775310399198,363.7469294630154,365.4090270996094,86245000
2021-03-12,364.0533342174548,366.0403986280399,363.2455075098559,365.901123046875,64653600
2021-03-15,366.15192988889174,368.3433035974085,364.01629476654966,368.08331298828125,73427200
2021-03-16,368.6960693202915,369.401741761804,366.84825201962127,367.61895751953125,73722500
2021-03-17,366.3376593522936,369.67112159743425,365.1955425370876,368.8725891113281,97959300
2021-03-18,366.291271854569,368.37119694339555,362.8277998657158,363.5056457519531,115349100
2021-03-19,363.20563537867605,364.7800131432064,360.6624031983592,362.8330078125,113624500
2021-03-22,363.34534370663016,367.1089472702704,363.2894509967949,365.7301940917969,73778600
2021-03-23,365.0967729617704,366.5407155405644,362.06912758135604,362.8516540527344,90686600
2021-03-24,364.2489379839986,365.87920816679144,360.9604512667513,361.00701904296875,97588600
2021-03-25,359.5724129695901,363.82972563036685,357.63470442840975,363.03790283203125,116128600
2021-03-26,364.18376357430776,369.2888490443927,363.58756519155156,368.8882751464844,114409100
2021-03-29,367.4162848468423,369.60551031662703,365.935071468474,368.7018737792969,108107600
2021-03-30,367.43499693096027,368.39452632963565,366.13075792489735,367.7237854003906,76262200
2021-03-31,368.29203631973724,370.7700506223906,368.2640899656706,369.21429443359375,112734200
2021-04-01,371.14268644280133,373.25739818982174,370.9377370318491,373.20147705078125,99682900
2021-04-05,375.8564594894642,379.0983784802134,375.7819453604423,378.55804443359375,91684800
2021-04-06,377.9991164320186,379.3778410378448,377.663731778131,378.33447265625,62021000
2021-04-07,378.16675464905626,379.11695894712534,377.710288137678,378.77227783203125,55836300
2021-04-08,380.0207123636846,380.6262357329122,379.0891292019,380.5703430175781,57863100
2021-04-09,380.4492124791382,383.5048037222059,380.32810213483407,383.33709716796875,61104600
2021-04-12,382.7408177148852,383.7469146788607,382.13529455131146,383.4767761230469,56704900
2021-04-13,383.3742885703342,385.2374542676468,382.99233619082685,384.61328125,56551000
2021-04-14,384.585457098943,385.6381506011491,382.759562095724,383.2998962402344,61659900
2021-04-15,385.43314308577106,387.6875864651336,385.3865753074208,387.41741943359375,60229800
2021-04-16,388.70298586402646,389.31783402254797,387.28699001478793,388.7123107910156,82037300
2021-04-19,387.78073043129933,388.2278720552796,385.4797193923822,386.80255126953125,78498500
2021-04-20,385.59152639170094,386.6907875184191,382.4986639809094,383.9705810546875,81851800
2021-04-21,383.35574340510965,387.808709170284,383.2159832062883,387.603759765625,66793000
2021-04-22,387.43610589568067,388.26520006438915,383.001761278924,384.0637512207031,97582800
2021-04-23,384.6227137075241,389.6346353832558,384.5481995678462,388.2279357910156,73209200
2021-04-26,388.8800379124394,389.60667156779255,388.2931360312582,389.03839111328125,52182400
2021-04-27,389.336389612309,389.53204246806536,387.8179051119229,388.9544372558594,51303100
2021-04-28,389.22460372314373,390.34251444446187,388.37685997158,388.8426513671875,51238900
2021-04-29,391.56292987909427,391.93555735176267,387.94838369193803,391.3207092285156,78544300
2021-04-30,389.05698052139843,389.9047243925387,387.85523059091884,388.7495422363281,85527000
2021-05-03,390.7338415630485,391.1157939955126,389.0942748542552,389.5880126953125,68128300
2021-05-04,387.6037024349062,388.0974402326931,383.5047433776642,387.1844787597656,101591200
2021-05-05,388.8241183887439,389.0570141395226,386.7466780571217,387.3056335449219,60162200
2021-05-06,387.38024109771965,390.52899695635426,385.37734284393053,390.3985900878906,74321400
2021-05-07,391.16236490015007,393.89189602548134,390.48229913565626,393.2397766113281,67733800
2021-05-10,393.59384166171475,393.81741249794896,389.22471484913274,389.3458251953125,81852400
2021-05-11,384.8368673639602,386.85838615611584,382.00484764015937,385.87091064453125,116888000
2021-05-12,383.09488503627756,384.3618242624742,376.3595297518344,377.6730651855469,134811000
2021-05-13,379.2194656575238,384.1382223326197,379.17286945378146,382.2098388671875,106394000
2021-05-14,384.93945733886034,388.9266319996469,384.9115109821357,388.0788879394531,82201600
2021-05-17,386.9703182241895,387.9019013257999,385.07917723544665,387.0914001464844,65129200
2021-05-18,387.352244805697,387.59446551118776,383.5979660188922,383.75634765625,59810200
2021-05-19,379.07974196431326,382.92715562063444,377.5985000735296,382.7501525878906,106467100
2021-05-20,383.6258484249689,388.12541000565056,383.50476652206805,386.8677673339844,78022200
2021-05-21,388.3490042918943,389.5880256140857,386.0945893314259,386.5510559082031,76578700
2021-05-24,388.7868254622032,391.56295289159766,388.544604797389,390.49163818359375,51376700
2021-05-25,391.57218775555987,391.92619377005843,389.04760631535044,389.62518310546875,57451400
2021-05-26,390.21226207046954,390.9016245615325,389.17821833387507,390.3985900878906,43088600
2021-05-27,391.4231910374945,391.93555024942225,390.3239016330106,390.6033935546875,56707700
2021-05-28,392.1685199593985,392.4293620777178,391.0692587771713,391.3021545410156,58520200
2021-06-01,393.6590742965092,393.79880607447905,390.5196438229263,390.9574890136719,54216600
2021-06-02,391.6095674253817,392.410743642536,390.60347022695476,391.5722961425781,49097100
2021-06-03,389.26197808041053,391.2555509981351,387.7993858877597,390.1190185546875,58138800
2021-06-04,391.96354696648706,393.9850945840739,390.18422002621526,393.6869812011719,55938800
2021-06-07,393.6776507018846,393.85465374362394,392.3734402072181,393.3050231933594,51555000
2021-06-08,394.162117490748,394.2552814880263,391.563021073544,393.388916015625,47134300
2021-06-09,394.22732293544,394.30186550282065,392.5784311103021,392.802001953125,48436300
2021-06-10,394.0223149057569,395.5780709347275,392.7087795402519,394.6278381347656,51020100
2021-06-11,395.17753829078254,395.3917841957337,393.8919491424424,395.2799987792969,45570800
2021-06-14,395.39174825118516,396.26743850654356,394.1527554254345,396.16497802734375,42358500
2021-06-15,396.3140447697688,396.3512876197017,394.56266421460623,395.4383544921875,51508500
2021-06-16,395.5780452993392,395.8016160944157,391.19029786804174,393.2304382324219,80386100
2021-06-17,392.82060361942723,394.0782178856841,390.63137795315737,393.1000671386719,90949700
2021-06-18,389.8251604695109,390.5167781405025,387.5914076691271,387.7970275878906,118676300
2021-06-21,389.55403474074245,393.53557034735695,388.7409106571749,393.3486328125,72822000
2021-06-22,393.3394137510601,396.28349533498147,392.6197297149281,395.45166015625,57700300
2021-06-23,395.52640432656335,396.33017311106846,394.8908622379778,394.9749755859375,49445400
2021-06-24,397.11522847080494,397.73205959660106,396.8628599421337,397.3114929199219,45110300
2021-06-25,398.0591985278256,399.17141131218983,397.73207208724824,398.7227783203125,58129500
2021-06-28,399.24617251742296,399.6947769582962,398.04984647065635,399.52655029296875,53159600
2021-06-29,399.9098038354574,400.5453458904214,399.20883078354126,399.7415771484375,35970500
2021-06-30,399.2835916114196,400.7509687229313,399.2555538300446,400.0780334472656,64827900
2021-07-01,400.835038783346,402.4519600618117,400.76960779298105,402.2930603027344,53441000
2021-07-02,403.45206040174946,405.72320623377107,402.3772122424309,405.3680419921875,57697700
2021-07-06,405.42411100289456,405.63908633581775,401.90056347036705,404.6296691894531,68710400
2021-07-07,405.3119077621989,406.3400071225295,403.3024576849441,406.0596008300781,63549500
2021-07-08,400.7509751205796,403.50814726468866,399.57333123869796,402.7510986328125,97595200
2021-07-09,404.2558779418757,407.3495037546776,402.55484295981864,407.0504150390625,76238600
2021-07-12,406.9662573135737,408.76076088893643,406.5363351584208,408.5083923339844,52889600
2021-07-13,407.7233490688548,409.21876411942253,406.85414923191337,407.1158447265625,52911300
2021-07-14,408.8074721795963,409.29349840963926,406.4802508086064,407.7232971191406,64130400
2021-07-15,406.38676403559714,407.0596992666777,404.43338933545084,406.3306884765625,55126400
2021-07-16,407.50838463044124,407.55510476141916,402.75111727654803,403.1436462402344,75874700
2021-07-19,398.33031422579336,403.209088281005,394.38617099707693,397.1900634765625,147987000
2021-07-20,397.85360950811923,404.1530401378472,397.0591676686946,402.8819274902344,99608200
2021-07-21,404.0783031286955,406.2840467930264,402.8352566332123,406.1438293457031,64724400
2021-07-22,406.3213274734552,407.23727579624176,405.33997668113454,406.9942626953125,47878500
2021-07-23,408.9195778381852,411.51784981607466,408.2373157413509,411.181396484375,63766600
2021-07-26,410.59261588453984,412.20018185039044,410.5458957579973,412.1908264160156,43719200
2021-07-27,411.15344841239045,411.18148619614936,407.4896830394306,410.3122863769531,67397100
2021-07-28,410.93845431834467,411.51792083805464,408.7233839343774,410.1440124511719,52472400
2021-07-29,411.06927031045103,412.91982079238494,411.05991487644866,411.8450012207031,47435300
2021-07-30,409.28415602981516,411.29360644207577,409.1532940336554,409.8449401855469,68951200
2021-08-02,411.5553422417352,412.1067710167303,408.6299431376853,408.985107421875,58783300
2021-08-03,409.7795364098606,412.4338844991458,407.5925037276187,412.3123779296875,58053900
2021-08-04,411.0319033838049,412.2843051456388,410.0505525213927,410.2842102050781,46732200
2021-08-05,411.4431375086628,412.96659014888616,411.12536648595767,412.8824768066406,38969700
2021-08-06,413.2002671340216,413.9853535543252,412.9198607907698,413.56475830078125,46930000
2021-08-09,413.5366870620658,413.85445807390835,412.46186747322616,413.228271484375,41222600
2021-08-10,413.67690908891893,414.4526685963435,412.9946468851688,413.7423400878906,43339300
2021-08-11,414.8077789542653,414.86385451105014,413.6862107732414,414.7703857421875,44034300
2021-08-12,414.6208676326382,416.1536756754447,413.7236301446858,416.0134582519531,38909400
2021-08-13,416.4620942233985,416.7892206760995,415.9760965228515,416.7705383300781,39470300
2021-08-16,415.4713908619817,417.8827255582406,413.9199004513762,417.75189208984375,73740000
2021-08-17,415.2003062311289,415.8732414325838,412.0319231944984,415.0133972167969,92673900
2021-08-18,414.00400272308775,415.56484852636714,410.2281152693712,410.4710998535156,89351900
2021-08-19,407.75142884529197,412.3031054700773,407.61123990919793,411.10675048828125,92812200
2021-08-20,411.4524984131377,414.7049951138694,410.96647217681397,414.37786865234375,72008700
2021-08-23,416.0602189821948,418.9295421673049,414.45265298648917,418.02294921875,54973000
2021-08-24,418.6865234375,419.21926979163254,418.1724879522138,418.6865234375,38744700
2021-08-25,418.87344589815075,420.07909894332823,418.4995708066867,419.5650634765625,40529700
2021-08-26,419.2847079423929,419.5183656415265,416.99487960448477,417.0883483886719,57829600
2021-08-27,417.89207569885787,421.1913209422029,417.8360001384459,420.8174743652344,77235100
2021-08-30,421.49038603704406,423.45311610967644,421.2473729404078,422.66802978515625,48357400
2021-08-31,422.57458594782264,422.9110393113264,421.44369077915854,422.0418395996094,59300200
2021-09-01,422.9764722664043,423.4905077483613,422.03248612109024,422.2661437988281,48721400
2021-09-02,423.6868752297582,424.3691375142071,422.36904227288545,423.56536865234375,42501000
2021-09-03,422.4343619875005,423.97649682090514,422.03244913978364,423.4624328613281,47170500
2021-09-07,423.1167138270563,423.21018261431715,421.2754899564276,421.94842529296875,51671500
2021-09-08,421.41564382630884,422.1446546206983,419.51831615140816,421.434326171875,56181900
2021-09-09,421.23808970978325,422.9858446456514,419.38751055980504,419.6305236816406,57970400
2021-09-10,421.55586791625456,421.97643464658915,416.2004233686548,416.3219299316406,89948200
2021-09-13,419.31275573342043,419.57445120398825,415.07885103030503,417.38739013671875,83738600
2021-09-14,418.82672304337876,419.03234294728094,414.2470381175579,415.13494873046875,78197100
2021-09-15,415.5555116773011,419.0977701394543,414.4526542585058,418.6024169921875,78792200
2021-09-16,418.0790011528334,419.0509965202967,414.99470280608074,417.9388122558594,77786700
2021-09-17,417.16807262421446,417.5899866501967,413.51131271479295,413.86761474609375,118425000
2021-09-20,407.75436793021106,409.3295710757895,402.10984707082173,406.9667663574219,166445500
2021-09-21,409.30144322368784,410.59537031179264,406.05726871090457,406.58233642578125,92526100
2021-09-22,408.8514237643601,412.5831820579313,406.69489742536064,410.54852294921875,102350100
2021-09-23,412.4143728690153,417.14001100580157,412.17996661282217,415.5366516113281,76396000
2021-09-24,413.90522575092706,416.9337651199925,413.6895616772255,416.2211608886719,62094800
2021-09-27,415.1896841659372,416.3523298980062,414.33644206403306,415.0303039550781,61371100
2021-09-28,412.26433994291904,412.59251441684535,405.93537117136833,406.6667175292969,130436300
2021-09-29,408.0449990691309,409.77961092728947,406.78858508585967,407.3511657714844,82329200
2021-09-30,408.82324196639286,409.5264607159928,402.03484612674845,402.3724060058594,140506000
2021-10-01,404.0976586371233,408.8326537442385,400.58156466232106,407.154296875,129240100
2021-10-04,405.9915954205408,406.8917073430287,399.7657521393978,401.903564453125,128570000
2021-10-05,403.4037658375677,408.3262970264828,402.6068074886927,406.08538818359375,90682500
2021-10-06,402.49417817520293,407.9792888496401,400.8721056221493,407.77301025390625,113032200
2021-10-07,411.0455270330156,414.1302933529352,410.867375955081,411.2986755371094,72437500
2021-10-08,412.06749968548957,412.45192941991166,409.92033014017494,410.54852294921875,74557400
2021-10-11,409.8921372238028,412.7987803671197,407.5105617770027,407.5762023925781,65233300
2021-10-12,408.49511604042164,408.89828794249456,405.785365924999,406.5729675292969,71181200
2021-10-13,407.594929147859,408.8513431322092,404.6226741156243,408.0356140136719,72974000
2021-10-14,411.6923881563111,415.04910180856405,411.2235756383798,414.8990783691406,70236800
2021-10-15,417.00870250976914,418.42452536112467,416.3898666001841,418.058837890625,66260200
2021-10-18,416.27735526871015,419.6340400404351,415.621006350095,419.2965087890625,62213200
2021-10-19,420.91859501540216,422.59692303340495,420.30911592133424,422.53131103515625,46996800
2021-10-20,422.99069828398655,424.4909037495053,422.8781878815295,424.19085693359375,49571600
2021-10-21,423.5908483463569,425.5223536137635,423.1595488456662,425.2973327636719,41305400
2021-10-22,424.8660443425605,426.3099949344086,422.9157682107572,424.8566589355469,58845100
2021-10-25,425.9443581792132,427.4633063660101,424.17226149929996,427.1351318359375,45214500
2021-10-26,428.68211402620443,429.89162954029996,427.14439546156063,427.5194396972656,56075100
2021-10-27,427.97890546543795,428.6446111455954,425.5504317463337,425.6254577636719,72438000
2021-10-28,427.05064707991323,429.8072666921166,427.04129028806375,429.7322692871094,51437900
2021-10-29,427.4350712129975,430.8949094853391,427.1444097745334,430.604248046875,70162400
2021-11-01,431.5887642564896,431.96383713747196,429.61977470154915,431.3450012207031,48433600
2021-11-02,431.51378609797507,433.398421537022,431.38250486096626,433.0889892578125,48908400
2021-11-03,432.52643344894864,436.1362956921223,432.0857485213813,435.7331237792969,52509800
2021-11-04,436.33313266603705,437.87085131761023,435.9862160130472,437.7864685058594,52847100
2021-11-05,440.0086692059953,441.2932109079652,437.7958878886841,439.3054504394531,66390600
2021-11-08,440.40250108208477,440.8994412181432,438.9960634954237,439.6805114746094,50405200
2021-11-09,440.0461982673925,440.2806045314554,436.8207657847632,438.2272033691406,51149100
2021-11-10,436.53939698466087,438.2271390064617,433.2202253751318,434.70166015625,69429700
2021-11-11,436.19262034933746,436.2676463907656,434.823695540809,434.8424377441406,34848500
2021-11-12,436.1081050332003,438.67718819768925,435.161094692695,438.1239929199219,53466700
2021-11-15,439.40862530276064,439.56800554034606,437.14894545673525,438.2740783691406,46980500
2021-11-16,438.01155150607127,441.14321584749956,437.93655408966225,440.0086975097656,48857500
2021-11-17,439.7461325975495,439.9242836397509,438.3209528739824,438.9397888183594,47858300
2021-11-18,439.97114731825366,440.69313688366196,437.25204053194824,440.43060302734375,50625600
2021-11-19,440.31809847431913,441.5651558500262,439.2773483740664,439.6430358886719,57315600
2021-11-22,441.518225650883,444.00292604113224,438.1990253218852,438.4053039550781,72762000
2021-11-23,438.0771968516729,439.83993660377723,435.47998564656854,438.9866943359375,73206500
2021-11-24,436.98951426235885,440.2805872370219,436.17378507370955,440.15869140625,61858800
2021-11-26,433.50152742675596,434.96422009835896,429.21657442443677,430.34173583984375,112669600
2021-11-29,435.1236348523177,437.4583119148909,432.92959581507233,435.6205749511719,86268800
2021-11-30,433.18277789277585,435.0861556207731,426.9006785426518,427.14447021484375,148559600
2021-12-01,432.8452422514508,435.68624501124225,422.2031922004538,422.40008544921875,131939200
2021-12-02,422.6156566962603,430.4354444700302,422.2218416711752,428.8695983886719,127637800
2021-12-03,430.5292831950463,431.5887754076615,420.91862695944747,425.137939453125,137331600
2021-12-06,427.6788574056175,432.04819294676213,425.2691545047344,430.1729431152344,98977500
2021-12-07,435.4424103932935,439.633595102183,430.0416814760553,439.0710144042969,95484700
2021-12-08,439.4648728181905,440.68377393878586,437.71148993714627,440.23370361328125,72238800
2021-12-09,438.9492189926391,440.33691454965947,437.06461185256796,437.2615051269531,61272600
2021-12-10,439.9617996675269,441.52761743144606,437.41145846142433,441.3775939941406,77159800
2021-12-13,440.8619411504924,441.2088578538092,437.1864382259011,437.4677429199219,87724700
2021-12-14,434.204645805813,436.6893456920334,431.5417949264262,434.4577941894531,97264100
2021-12-15,434.5141971486355,441.49010093703475,432.00134036114184,441.246337890625,116899300
2021-12-16,443.0934545318682,443.3747305871484,435.80808994562267,437.3551940917969,116568600
2021-12-17,434.28120719660683,437.2827414785998,430.9974086651927,432.7004699707031,135511600
2021-12-20,427.62893618734074,428.4945657060667,424.4862697414786,428.0993957519531,107134800
2021-12-21,431.51492459595994,435.84315849906136,429.35082200169626,435.7020263671875,69806300
2021-12-22,435.44797367017134,440.1713773813337,435.2503599777173,440.0584716796875,58890200
2021-12-23,441.0558332086626,444.2925972471357,440.9523458894644,442.7965393066406,56439700
2021-12-27,444.17028879957417,449.11011430535285,444.1232543282057,449.0630798339844,56808600
2021-12-28,449.49583182545905,450.5214301033936,447.9339028188725,448.696044921875,47274600
2021-12-29,448.79952954031546,450.28616884171197,447.8021577539653,449.2699890136719,54503000
2021-12-30,449.6934621372565,450.70025247373695,447.56700448030426,448.0280456542969,55329000
2021-12-31,447.5387725895835,448.68666632067624,446.6260799179109,446.89892578125,65237400
2022-01-03,448.15972040589463,449.6181621243115,445.8544860219246,449.4864196777344,72668200
2022-01-04,450.9071932731494,451.6223008842784,447.48223441413006,449.3358459472656,71178700
2022-01-05,448.9688781043653,449.7404385150584,440.613513448486,440.7076110839844,104538900
2022-01-06,440.2466667010779,443.0035528678846,437.9319849605687,440.293701171875,86858900
2022-01-07,440.30313360714865,441.4792825603523,437.1980831419466,438.5530090332031,85111600
2022-01-10,435.36325245373706,438.22362566846715,429.62364055153137,438.0072326660156,119362000
2022-01-11,437.74385119355054,442.0908933175215,434.7517063046283,441.9967956542969,74303100
2022-01-12,443.72804221308974,445.2429369205549,441.2346123000405,443.19171142578125,67605400
2022-01-13,444.2925567024861,444.9417931268879,436.0595152339108,437.0851135253906,91173100
2022-01-14,433.9425030975037,437.6120820227763,432.7287093594842,437.2639465332031,95890900
2022-01-18,432.578128611285,432.7851319574491,428.4098639787604,429.5201416015625,109709100
2022-01-19,431.0632487949444,432.455790611051,424.7873060995941,425.0601806640625,109357600
2022-01-20,426.9419932565545,431.6371698449728,418.2384925675779,420.3555603027344,122379700
2022-01-21,419.2359139440063,421.58821170548157,412.0755333410702,412.103759765625,202271200
2022-01-24,406.5053054589265,414.36198622480896,395.90115681307793,413.8538818359375,251783900
2022-01-25,407.47441758472695,413.7409421509055,401.9135823339121,408.8011169433594,167997300
2022-01-26,414.6819173184066,417.80577600170864,403.52260050405795,407.77557373046875,186391100
2022-01-27,412.36717163695266,415.5004192840026,404.0776775137982,405.76190185546875,149878300
2022-01-28,407.1168944257264,415.88626787051186,402.54404110046244,415.8392333984375,164457400
2022-01-31,415.17104738454265,423.6769623039199,413.825540245353,423.3288269042969,152251400
2022-02-01,424.05336552481776,426.82908804425705,420.53433767425685,426.18927001953125,123155400
2022-02-02,428.5886396673794,431.05384305532795,426.2833764423959,430.329345703125,117361000
2022-02-03,424.30741975423217,426.2080657307745,419.3769848400867,420.21441650390625,118024400
2022-02-04,419.9792032496543,426.0293055549054,417.6080689818472,422.19036865234375,118454400
2022-02-07,422.95254768054906,424.3450895509773,419.50878037886775,420.8354797363281,84472900
2022-02-08,420.33680377789557,425.2201762493433,418.91600673505786,424.2980651855469,81012000
2022-02-09,428.32514818742595,430.82799617234946,428.1275632375704,430.5080871582031,92589900
2022-02-10,424.67438876665915,430.6680383540824,420.778998939607,422.77374267578125,140103700
2022-02-11,422.85849404433793,424.92849902096657,413.0070690365457,414.437255859375,153214600
2022-02-14,413.92918667657835,415.5099240394694,409.619760664808,413.08233642578125,123006300
2022-02-15,417.5139841588956,419.91331604233613,416.9964614975675,419.74395751953125,88482700
2022-02-16,417.7021502270157,421.5881501559702,415.8297306709073,420.21441650390625,84863600
2022-02-17,417.0341632264874,420.186247943638,410.63592485416507,411.23809814453125,102259100
2022-02-18,411.4921744012356,412.7436129970205,406.3077292195654,408.5753479003906,132642900
2022-02-22,406.37352124987865,409.77022506154026,400.6997521061171,404.1905822753906,124391800
2022-02-23,407.0981107701267,407.66266804171244,396.4563167518518,397.0208740234375,132578000
2022-02-24,386.7365552102814,403.42847944353576,386.3790300752348,402.9956359863281,213942900
2022-02-25,404.2282639234101,411.97203889724267,402.5816554040874,411.8873596191406,121804500
2022-02-28,406.5052626502716,412.3107459178309,405.25385292778066,410.83349609375,145615000
2022-03-01,409.3374953713261,411.3416578546236,401.8759843184385,404.5764465332031,137785900
2022-03-02,406.8251817399771,413.740942784039,406.0724579549326,412.0190734863281,117726500
2022-03-03,414.446680076633,415.04885343146157,408.17073639481583,409.9678955078125,105501700
2022-03-04,406.2417947777143,407.76607902539786,402.600442693899,406.6369934082031,113978200
2022-03-07,406.05365494553234,406.75934432063025,394.58384800510765,394.64971923828125,137896600
2022-03-08,394.82848568696517,401.97005852746355,390.59434954887394,391.6575927734375,164772700
2022-03-09,400.02232727972273,404.13413881650297,397.8393882545467,402.158203125,116990800
2022-03-10,397.55723474920825,401.2362328657144,395.6001351291033,400.3423767089844,93972700
2022-03-11,402.82627933719436,403.4378710075181,394.7437877372273,395.25189208984375,95636300
2022-03-14,396.02350128864606,399.46724033893065,391.2248075600843,392.3633117675781,95729200
2022-03-15,394.969610741959,401.62191584683524,393.6993928949382,400.99151611328125,106219100
2022-03-16,404.49170046381727,409.939601038674,399.7023972745846,409.8831481933594,144954800
2022-03-17,407.9731146505722,415.0111999511719,407.5967527483876,415.0111999511719,102676900
2022-03-18,413.4028311487186,419.8775739934096,412.66663547827596,419.5566711425781,106345500
2022-03-21,419.3868421211315,421.3877829881189,415.9323761926658,419.4340515136719,88349800
2022-03-22,420.8214687288552,425.27640505720075,420.8214687288552,424.3420104980469,74650400
2022-03-23,421.81256176889076,423.30381991515435,418.79225491588033,418.877197265625,79426100
2022-03-24,420.89699675804104,425.2009149244502,419.78326986493045,425.19146728515625,64736900
2022-03-25,425.8238364518409,427.5416361124458,423.2471369609336,427.2679138183594,77101300
2022-03-28,426.6733001787727,430.3070983886719,424.7856157896072,430.3070983886719,68529800
2022-03-29,434.18632404591193,436.12121804126116,431.50581537302486,435.6304016113281,86581500
2022-03-30,434.48834654789084,435.3000658769964,430.8356815763662,432.9404602050781,79666900
2022-03-31,432.1759304126346,432.997068540125,425.8238618663555,426.27691650390625,121699900
2022-04-01,427.85312988784034,427.9947004651948,423.9173238184881,427.48504638671875,89048800
2022-04-04,427.68314952394616,431.25087129409127,426.86201155519603,431.14703369140625,59601000
2022-04-05,429.65578083151576,432.11919476582733,424.55903950236103,425.7010803222656,74214500
2022-04-06,421.7936427720497,423.71906006741074,418.5656898647818,421.44439697265625,106898000
2022-04-07,420.56664291276263,425.38024389891154,418.6223302828864,423.56805419921875,78097200
2022-04-08,422.8129558921499,425.32357938924946,420.89695753959705,422.4354248046875,79272700
2022-04-11,419.16969873165914,420.0097320215141,414.7147916975716,415.21502685546875,89770500
2022-04-12,418.1975577653763,420.71762892299597,412.12865978994853,413.67657470703125,84363600
2022-04-13,413.4312174671857,419.16976564370555,413.25188513631514,418.4147033691406,74070400
2022-04-14,418.6412237561914,419.754979516138,413.10087428728497,413.2047119140625,97869500
2022-04-18,412.2796514632989,415.0545494478205,411.14702946006696,413.37451171875,66002500
2022-04-19,413.2706473332826,420.76475517269427,413.1007626849386,420.0474548339844,77821000
2022-04-20,421.82193478222695,422.4354264021452,418.57511557097627,419.73602294921875,65224400
2022-04-21,423.3509483444846,424.7383973991878,412.55339229515056,413.45947265625,85417300
2022-04-22,412.3740611145033,413.47834025677906,401.5481909244776,402.114501953125,132471800
2022-04-25,399.87757815067505,404.6156549215308,395.31880487171003,404.4457702636719,119647700
2022-04-26,401.9163240296101,402.11455163658286,392.70444345361744,392.7327575683594,103996300
2022-04-27,393.8087830488901,399.16982962596876,391.7040329885521,393.83709716796875,122030000
2022-04-28,398.57515732733924,405.5124037214935,394.1485348093446,403.78515625,105449100
2022-04-29,399.80216617743,401.95412552190345,388.11739360908206,388.863037109375,145491100
2022-05-02,388.929072135393,392.56287045835074,382.2749671742883,391.2037353515625,158312500
2022-05-03,391.7039805238848,395.4038260055901,390.14661777180356,392.9970397949219,100028200
2022-05-04,393.65769528593023,405.53124638806986,390.4769516548114,404.9649353027344,144247900
2022-05-05,400.7082064100307,401.1329469341785,386.44676416954945,390.57135009765625,172929100
2022-05-06,388.0134773567565,391.50567570306237,382.9450500936246,388.239990234375,151770800
2022-05-09,382.35045035687074,383.5868812355381,374.23340232623997,375.80963134765625,155586100
2022-05-10,381.7747515433738,383.27545730002635,372.64781289944233,376.6780090332031,132497200
2022-05-11,375.71530920049423,381.3500488525497,369.94841780135306,370.6940612792969,142361000
2022-05-12,367.5037946408941,373.57269244374504,363.5207798183708,370.3070068359375,125090800
2022-05-13,374.4315896864937,380.5382491972758,373.39335762056186,379.1602478027344,104174400
2022-05-16,377.5180173546355,381.2839385536254,375.27166828724563,377.621826171875,78622400
2022-05-17,383.70013247510735,385.62557844782094,379.9719446127917,385.3896179199219,83029700
2022-05-18,380.840309909265,381.12345103452697,368.61754246873323,369.8539733886719,117674500
2022-05-19,366.79595164216687,372.005979027499,365.3707407010665,367.5887756347656,98510700
2022-05-20,371.16600278161656,374.7337256994322,359.1697746219984,367.7492980957031,131432200
2022-05-23,370.7695124155736,375.3943621595535,368.45711634736125,374.6298522949219,76414900
2022-05-24,370.51475409897284,372.95930235202695,365.2292311284691,371.77008056640625,91448800
2022-05-25,370.278726265349,377.01777330975807,369.8823286767236,375.0545654296875,91472900
2022-05-26,376.2816083941698,384.1815635422074,376.07396194375553,382.5487060546875,82168300
2022-05-27,385.0026351628093,392.0531368146943,384.80443638650837,391.93988037109375,84768700
2022-05-31,390.3259001664865,393.07248421298215,387.00358624823434,389.74072265625,95937000
2022-06-01,391.8549734040455,392.8648626531449,384.07769419751776,386.58831787109375,86585800
2022-06-02,386.42789374965014,393.9974979722233,384.18154466114504,393.9503173828125,79609600
2022-06-03,389.2405486758481,390.7884638335638,386.5128594774759,387.4850158691406,71874300
2022-06-06,391.48687393580764,393.21409252066996,387.49441098526677,388.664794921875,57508900
2022-06-07,385.1819749982957,392.8459684053957,384.7194727728496,392.3929138183594,59272400
2022-06-08,390.68451274322166,392.46838795175415,387.3338851596179,388.126708984375,64350000
2022-06-09,386.3523744576506,388.61759004588066,378.8960266113281,378.8960266113281,86289800
2022-06-10,372.70430959774984,373.5537615823621,367.8623958405589,367.9095764160156,132893900
2022-06-13,358.5184977773577,360.3684205912054,352.33631352731584,353.94085693359375,170004900
2022-06-14,355.68695837561785,356.7157429736958,349.77849666174114,352.8742980957031,104011800
2022-06-15,356.1683036625761,362.3410401471121,351.2225794060758,357.9049987792969,125666800
2022-06-16,349.70293778443306,350.1087829653544,343.63401132773026,346.0596923828125,134473300
2022-06-17,346.47397650063243,350.142419392661,343.30792965713135,346.80572509765625,111113900
2022-06-21,352.521756092844,356.9200870230244,352.4459063417937,355.5361328125,76811900
2022-06-22,351.3178358414842,358.99598772773135,350.90074904768903,354.8915100097656,90059400
2022-06-23,357.0243625508475,359.1002793406204,353.46966494173824,358.3703918457031,79292100
2022-06-24,361.53641078181903,369.7738317116263,361.5079743602973,369.76434326171875,98050300
2022-06-27,370.6838633295004,370.97771602411575,367.2618882407592,368.35198974609375,66009600
2022-06-28,369.9066154900696,372.6840125215524,360.7117853009558,360.8255310058594,86548900
2022-06-29,361.3753394353569,362.3611548271313,358.7116881165058,360.53167724609375,65676000
2022-06-30,356.64510092174794,360.8349164010324,353.1567653026987,357.6025085449219,112508300
2022-07-01,356.94850998659183,361.8208293565842,354.33224330989844,361.384765625,74839700
2022-07-05,356.30389388763615,362.0862071237408,353.4790840960441,362.0672302246094,81438000
2022-07-06,362.2093972721212,365.7735827766986,359.83013971421116,363.2900390625,70426200
2022-07-07,365.06263643850446,369.5273277554807,363.30898013880693,368.7310791015625,64525900
2022-07-08,367.10068528955685,370.29519752923926,365.5745491503481,368.42779541015625,72397800
2022-07-11,365.7546185718872,366.72148571389,363.527002730403,364.218994140625,58366900
2022-07-12,363.6692023712076,366.04848886653093,359.2518953418649,360.9960632324219,62219200
2022-07-13,355.5645600399159,362.02937706003513,355.14747320454023,359.10028076171875,84224600
2022-07-14,354.1521096552973,359.3087928722651,351.715979081912,358.2281799316406,89704800
2022-07-15,362.62649570213034,365.1858892356065,360.7211976903377,365.0721435546875,79060400
2022-07-18,368.1528836213448,368.825898190188,360.8349458407432,362.0577697753906,63203600
2022-07-19,365.9726185323084,372.4089977632134,365.3185809223327,371.8402404785156,78506000
2022-07-20,372.02984989964705,375.62247177061846,370.66484393622255,374.2100524902344,71843800
2022-07-21,373.63182056702766,378.0680753048155,371.2335862430008,378.02069091796875,64903900
2022-07-22,378.1439748043947,379.33833343517273,372.29530007355766,374.513427734375,72197300
2022-07-25,375.13906335562353,375.8215664094441,372.73134023128426,374.96844482421875,53631500
2022-07-26,373.328540675696,373.5370840827539,369.64114957187473,370.5321960449219,52946400
2022-07-27,373.82144153900765,381.8977324950311,373.5275888700464,380.153564453125,82342100
2022-07-28,380.9592441702565,385.61350177770953,377.4140068493156,384.9215393066406,73966600
2022-07-29,386.352936564959,391.51910833460266,385.585124244229,390.53326416015625,87003700
2022-08-01,387.8411455020427,391.8792906615118,387.13020608259814,389.37677001953125,69997500
2022-08-02,387.8127144423944,391.49064571833276,385.63251176391105,386.80792236328125,63435400
2022-08-03,388.931285023342,394.0310955881913,388.6469207989162,392.86517333984375,67820600
2022-08-04,392.7893590044414,393.4718621327927,390.9598814965707,392.59979248046875,45656600
2022-08-05,388.3246175842232,392.5807659148732,388.26774474140564,391.9361877441406,56814900
2022-08-08,393.62347746477167,395.87004150956847,390.3815808280443,391.4811706542969,53886100
2022-08-09,390.7512597952123,391.25365582181684,388.85542136603334,389.92657470703125,44931800
2022-08-10,396.96963344138766,398.258818700046,395.01692204612334,398.1166076660156,68665700
2022-08-11,400.96036549541424,402.8183081055924,397.3772317875,398.1166076660156,59489700
2022-08-12,400.0503656332881,404.9605804756404,399.10244636975136,404.8563232421875,61694500
2022-08-15,402.64764150057266,407.04600061972724,402.5907686609456,406.5246276855469,54048300
2022-08-16,405.45349035046,409.2451671553258,404.6477532437864,407.3208923339844,59289000
2022-08-17,403.7283280008868,407.1313549468698,402.42968313864895,404.4297790527344,63563400
2022-08-18,404.6288399076743,406.2876987703884,403.3396834770453,405.605224609375,49023200
2022-08-19,402.84675039895933,403.11216664311075,399.28256461046794,400.1546630859375,68016900
2022-08-22,395.329701995395,395.5003494416631,390.92188337608326,391.8224182128906,77695600
2022-08-23,391.3958251809502,393.7846000380237,390.3246718748115,390.8744812011719,49105200
2022-08-24,390.64698231789686,393.49074002484474,389.9645082393007,392.1257629394531,49177800
2022-08-25,393.6139571012594,397.70897496462175,392.52385581312956,397.6615905761719,50942300
2022-08-26,397.5479234905298,398.0882155528186,384.1443295439162,384.2012023925781,103087000
2022-08-29,381.25313774516417,384.70354880710715,380.3052184856568,381.6607360839844,65370800
2022-08-30,382.81716425809753,383.0541440516301,375.37599295553645,377.47088623046875,85652400
2022-08-31,379.10137171228644,380.3431437236325,374.4660612189248,374.5987548828125,76029700
2022-09-01,372.4281067917849,376.1154986095749,369.7265304271447,375.7742614746094,78740100
2022-09-02,379.4331695900639,380.6465052435593,370.00136015495065,371.8118896484375,99632100
2022-09-06,372.6554995418325,373.5939303427136,368.19080797230174,370.408935546875,76637400
2022-09-07,370.0960816393788,377.83110568507885,369.8780787401788,377.06329345703125,70964200
2022-09-08,374.7978759378246,379.98296742981955,373.5939997520912,379.5279846191406,80821700
2022-09-09,381.7650275183075,386.28662130528346,381.49961125899546,385.42401123046875,76706900
2022-09-12,387.490521323382,390.28689534223423,387.1871801490116,389.56646728515625,69256300
2022-09-13,380.90239200547273,382.10626800654813,371.5085373863549,372.6270751953125,122947100
2022-09-14,373.9257160615463,375.5656268148488,370.7501807174359,374.0489501953125,85023700
2022-09-15,372.4943947202488,375.3381528851013,368.53209861998994,369.80230712890625,87633800
2022-09-16,365.6295510878898,367.6378630769438,363.69734233012485,366.9811096191406,103084800
2022-09-19,363.84011191988435,369.8269958496094,363.7639505998914,369.8269958496094,73278500
2022-09-20,366.5051690967704,367.51408871168167,362.83118428153335,365.5819091796875,77274900
2022-09-21,367.504555601014,370.55036925173334,359.1952455228189,359.20477294921875,106746600
2022-09-22,358.4338263970015,360.0709463739704,355.4451478506608,356.18756103515625,89472600
2022-09-23,352.722940486398,352.7610211494688,345.78424282582023,350.2196960449219,122346900
2022-09-26,348.7540022291229,352.3708820576599,345.53686782052773,346.75518798828125,92581200
2022-09-27,350.2863328489352,352.5516532322038,343.4808733177717,345.86993408203125,108294100
2022-09-28,346.82164844241146,354.3599916328385,345.1274223526463,352.67529296875,110802200
2022-09-29,349.13465941178436,349.42019180354833,342.367280303629,345.3083801269531,112952300
2022-09-30,344.36596930372804,348.2779362644351,339.83535868204586,339.9685974121094,153711200
2022-10-03,343.6807182327434,350.7907644280534,341.90083208876825,348.9442443847656,89756500
2022-10-04,354.45522944852485,359.78538917158465,348.9061712798272,359.7568359375,103602800
2022-10-05,355.3975589353477,361.1750432151708,353.0751323104993,358.91925048828125,88065700
2022-10-06,357.52004633285617,360.4706728707626,354.7217133827097,355.2166748046875,82333500
2022-10-07,351.19057977360137,355.3024204972354,343.5475195856385,345.3083801269531,107789500
2022-10-10,346.4219915438692,346.65994489016896,340.4351062648356,342.6718444824219,76042800
2022-10-11,340.9775545535183,345.5367479558779,338.56946829764377,340.50164794921875,92482800
2022-10-12,340.91094386553914,342.4814298234217,339.13102879643657,339.3785095214844,76991800
2022-10-13,332.3826842498608,349.8008834901985,331.3356839052994,348.3350830078125,147254500
2022-10-14,350.7907883892063,352.4184100845512,339.7592754670555,340.3970031738281,123737000
2022-10-17,346.46954168027236,350.24824134925336,340.06382821256403,349.1441345214844,93168200
2022-10-18,357.05371300233446,357.3583002169347,349.8103989866183,353.2464599609375,97162900
2022-10-19,351.2095126771094,353.9317132956456,347.9352732315164,350.7431335449219,79746900
2022-10-20,350.2958089110657,354.7122360773966,347.0405950042413,347.80206298828125,88283100
2022-10-21,347.5259812950986,356.7395247837277,346.02212943460694,356.2541198730469,131038400
2022-10-24,357.77707959447656,361.74612439325887,355.13101099924324,360.61346435546875,85436900
2022-10-25,360.5373287022716,366.6860338162217,360.4231157662592,366.3719482421875,78846300
2022-10-26,363.2309138667366,368.90371186098525,362.9739347843384,363.61163330078125,104087300
2022-10-27,364.61105138754175,366.44804370025827,361.0512506396155,361.6699523925781,81971800
2022-10-28,361.5652384352448,370.7502290607999,361.3843916220893,370.2743225097656,100302000
2022-10-31,367.81865891657014,369.6842044707059,366.69552642305183,367.5997314453125,96631300
2022-11-01,371.34045662683894,371.5784099530066,364.82052968043666,365.9912414550781,85407600
2022-11-02,365.4010855031739,369.90317244332704,356.7015278683844,356.80621337890625,126990400
2022-11-03,353.5700586148132,356.1685191668986,351.01920615203176,353.1322326660156,87100100
2022-11-04,358.8335164171756,360.6134021561234,352.17082513091503,358.21484375,103505200
2022-11-07,359.50936758378657,362.23156853069116,357.43442171013305,361.6414489746094,68286900
2022-11-08,362.74546276276726,366.56224244323937,359.5188315812918,363.59259033203125,84641100
2022-11-09,361.62234147920316,362.77405623568103,355.60687575970667,356.1018371582031,78495500
2022-11-10,369.351119187772,376.0043135418382,367.0572748219786,375.6711730957031,141455800
2022-11-11,376.5277909851231,380.1066180137116,374.64319033872147,379.3070983886719,93839900
2022-11-14,377.54627550144517,380.8966479353896,375.80444085717625,376.0804748535156,71903500
2022-11-15,381.8198207261606,382.9239274120566,375.4807419701021,379.2879943847656,93194500
2022-11-16,377.66039937041876,378.61221246717844,375.76630060291683,376.3945007324219,68508500
2022-11-17,371.6449453937852,375.91860608551974,371.34038726892305,375.2427978515625,74496300
2022-11-18,378.57412543802,378.640759324959,374.10062138676545,376.946533203125,92922500
2022-11-21,375.6235663390515,376.7466989172969,373.73896579052973,375.5759582519531,51243200
2022-11-22,377.51761716325757,380.7918564006526,376.10892338301994,380.6300354003906,60429000
2022-11-23,380.2968975987144,383.5140303982983,380.0684717587064,383.02862548828125,68261600
2022-11-25,382.46702560328106,383.49499996496786,382.1910207322794,382.94293212890625,30545400
2022-11-28,379.8591259436192,381.4962458070925,376.0708989562592,376.8323669433594,67881600
2022-11-29,376.96558433179973,378.1553507626501,374.34809818392904,376.18511962890625,52310000
2022-11-30,376.4326114888511,388.03521728515625,374.519486615748,388.03521728515625,144566700
2022-12-01,389.0726695441886,390.24341023181614,385.2463909544575,387.7496643066406,76398200
2022-12-02,382.86685419503635,388.20651222768515,382.76216868711776,387.30230712890625,85342700
2022-12-05,384.48497335823737,385.4177317516839,378.9834939436765,380.3350524902344,77289800
2022-12-06,380.1732926862465,380.7158042080798,372.76818614779955,374.8526306152344,77972200
2022-12-07,374.005504706076,376.57541212687585,373.0822446819997,374.21490478515625,65927900
2022-12-08,376.0994521400108,378.212449392276,374.3195371968257,377.14642333984375,60737900
2022-12-09,375.90911499149865,378.459967446831,374.20536119651905,374.3291015625,81447700
2022-12-12,375.11902932851245,379.725830078125,374.4527776179369,379.725830078125,75405800
2022-12-13,390.45276931962,390.70974839855415,379.84005911089247,382.6003112792969,123782500
2022-12-14,382.2577044665144,385.9602719426471,377.2131058725146,380.1542053222656,108111300
2022-12-15,375.2999627142446,376.20419694431035,369.19886518287717,370.8550109863281,117705900
2022-12-16,368.302907769073,369.6415593936089,364.34432159505855,366.4765930175781,119858000
2022-12-19,366.6678340994925,367.00250429400353,361.70523742151596,363.3689880371094,79878100
2022-12-20,362.61364283927566,365.482194633709,361.2941043449694,363.8662414550781,74427200
2022-12-21,366.45747677877307,370.43520527298585,365.9220161334383,369.3069152832031,78167400
2022-12-22,366.2662563964438,369.28780122976565,358.3490543275083,364.0383605957031,100120900
2022-12-23,363.01521636298173,366.2758070046261,361.4662030943732,366.13238525390625,59857300
2022-12-27,366.01758598213945,366.3617981256818,363.01515499931827,364.6884765625,51638200
2022-12-28,364.6216127041186,366.59137848650926,359.9267751898031,360.15625,70911500
2022-12-29,362.9961320141737,367.5093216045126,362.4702133125497,366.6391906738281,66970900
2022-12-30,363.9619134619415,365.8168836865277,361.8487256860745,365.6734619140625,84022200
2023-01-03,367.52838265402187,369.4981190554035,361.2749320892196,364.1339416503906,74850700
2023-01-04,366.3905568832152,368.9722652057651,363.34989894273167,366.9451599121094,85934100
2023-01-05,364.9945163658359,365.1092537639918,362.16422021646383,362.7570495605469,76970500
2023-01-06,365.8455090657922,372.19458418736764,362.7857380848977,371.0758361816406,104189600
2023-01-09,373.26550947515705,376.44961824670435,370.6838304181261,370.865478515625,73978100
2023-01-10,370.2822289287242,373.5332484725184,369.34515816722075,373.46630859375,65358100
2023-01-11,375.0440257972263,378.26636090740493,374.2312636370513,378.1898498535156,68881100
2023-01-12,379.2894696301709,381.0297021014003,375.2256881711222,379.5667419433594,90157700
2023-01-13,376.37315440820146,381.6130534140989,376.10542404617286,381.0393371582031,63903900
2023-01-17,381.0201896884126,382.6935115955875,379.6623956443495,380.3412780761719,62677300
2023-01-18,381.52697849057256,382.58832869980466,374.1356658339176,374.3364562988281,99632300
2023-01-19,372.2997219516563,373.9443593060729,370.2917592534764,371.6112976074219,86958900
2023-01-20,373.0073764154368,378.6871115907864,371.36273880270227,378.53411865234375,91806400
2023-01-23,379.3373361629709,385.00750055643533,378.38115211629884,383.0760192871094,84178800
2023-01-24,381.40259479828296,383.5731214964874,380.2169362364954,382.6647644042969,59524900
2023-01-25,378.6010544265812,383.14292828207675,376.3157607326886,382.8082580566406,84800300
2023-01-26,385.46642861189923,387.17800600043023,382.5022526217131,387.01544189453125,72287400
2023-01-27,385.97315181927854,390.2759788703347,385.7627902184548,387.9046325683594,68346200
2023-01-30,385.1509087422322,387.37883383343035,382.7413355345612,383.0377502441406,74202000
2023-01-31,383.5540574493801,388.7174447402499,383.20981606709955,388.6696472167969,86811800
2023-02-01,387.45528923844535,395.54462644508357,384.7206171548962,392.80035400390625,101459200
2023-02-02,396.68245506156615,399.9813013244029,394.78922953717114,398.5183410644531,101654500
2023-02-03,393.55573107794413,398.7000051703591,393.0776391240828,394.2824401855469,94736800
2023-02-06,391.834637420615,393.2689133762878,390.2186841761235,391.87286376953125,60295300
2023-02-07,390.9548666867422,398.24098259343725,389.7118394155706,396.9979553222656,90990700
2023-02-08,395.02826801613645,396.3669196696717,391.9684677962696,392.65692138671875,76227500
2023-02-09,396.25217230001425,396.40516522520073,388.028984948847,389.2528991699219,78694900
2023-02-10,388.07678232835883,390.54375312300726,387.26404936045475,390.1612854003906,70769700
2023-02-13,390.81149214644563,394.875273798094,390.3525133608386,394.74139404296875,64913500
2023-02-14,393.2210725630297,396.86413102531327,390.61070909281807,394.55975341796875,88389300
2023-02-15,392.3700815999979,395.91751581058026,391.5286350725414,395.8410339355469,61555700
2023-02-16,390.87841017898984,394.8178830322616,390.25689650308516,390.3907470703125,76431500
2023-02-17,388.26803395095567,389.6545122847336,386.34609496505783,389.41546630859375,89257800
2023-02-21,385.39950609313314,386.4513142893378,381.34529542458307,381.60345458984375,82655900
2023-02-22,382.0145561334285,383.55402728513724,379.62409654042705,381.0775146484375,83742300
2023-02-23,383.965204449082,384.577176151522,378.88787027584414,383.1046447753906,96242400
2023-02-24,378.0942177024235,379.8440212478962,376.3922116756281,379.01214599609375,108194400
2023-02-27,382.3492886397092,383.7070827492521,379.36599925020045,380.3030700683594,80444700
2023-02-28,379.82502171973454,381.7851874586126,378.7923265475118,378.89752197265625,96438600
2023-03-01,378.08474796543993,379.3086624121773,376.1436954636512,377.444091796875,99706800
2023-03-02,375.4742885040699,381.2209631061389,375.13961830151106,380.3795166015625,85127800
2023-03-03,382.1962660076362,386.7285976253681,381.54606794616154,386.47998046875,90120000
2023-03-06,387.3023155770407,389.5971805098177,386.30790523195174,386.74774169921875,72795900
2023-03-07,386.69995200651795,386.9389980101572,380.2074543771584,380.81939697265625,108310600
2023-03-08,380.9341721144572,382.1963128648765,379.21302334137835,381.4409484863281,74746600
2023-03-09,382.22492782127654,383.8887075845493,373.4184826190144,374.4033508300781,111945300
2023-03-10,373.8583166785041,375.9332484862883,367.48058669730784,369.00091552734375,189253000
2023-03-13,365.08059523708437,373.28466995051247,363.97141834242984,368.47503662109375,157790000
2023-03-14,373.38980130348455,376.21055539266825,370.0909552792131,374.56591796875,149752400
2023-03-15,368.98181836154816,372.4240570496017,366.89731528704147,372.2232666015625,172996900
2023-03-16,369.87107021323396,379.0982391870772,369.36429390384325,378.7539978027344,143254200
2023-03-17,377.4256197444262,378.55821591341066,372.94318572096427,374.3253479003906,140553400
2023-03-20,375.1028314855244,378.3374942216171,374.4021719427654,377.92474365234375,93055800
2023-03-21,381.28415054635593,383.3670015855469,379.69082383763816,382.8870849609375,91524200
2023-03-22,382.71431965042825,386.3232727268631,376.3218267349629,376.3601989746094,111746600
2023-03-23,379.2205184817109,383.25182988301947,374.6709182110407,377.3776550292969,119351300
2023-03-24,376.10099199884445,379.9403243336123,373.7589969312936,379.85394287109375,107682400
2023-03-27,382.1287722364247,382.89665633801565,379.67160169490063,380.5642395019531,74010400
2023-03-28,379.87320774489075,380.5642888800985,377.8767674052834,379.7100524902344,62871700
2023-03-29,383.8660280747297,385.46896217088675,382.66623675154574,385.22900390625,77497900
2023-03-30,387.8589998974814,388.10856590647154,385.62260139743574,387.48468017578125,69840000
2023-03-31,388.4061147934353,393.24368242982905,388.30051790737826,392.9461364746094,112062600
2023-04-03,392.42776506097084,394.8465339049245,392.03422997869995,394.44342041015625,67391100
2023-04-04,395.0865256835199,395.3744932102715,390.8824517022873,392.2550354003906,66601500
2023-04-05,391.52554275858984,392.2838191469049,389.577082640603,391.2279968261719,65200200
2023-04-06,390.4313411526847,393.0325102209904,389.3851264771968,392.754150390625,63743300
2023-04-10,390.277787817443,393.2340906618624,389.6635097627265,393.15728759765625,63681000
2023-04-11,393.7811965721071,394.66422675434245,392.4950235384784,393.26287841796875,59297900
2023-04-12,395.3264818376402,395.61444936283374,391.0744279375137,391.659912109375,86420400
2023-04-13,392.7445509263928,397.21737725795947,391.60234704835096,396.86224365234375,85814800
2023-04-14,396.2287697684171,398.4171884519207,393.5892282764297,395.892822265625,78161500
2023-04-17,395.80643975007484,397.3325711300684,394.5778543396015,397.3133850097656,66436400
2023-04-18,398.8874459715307,399.02183667204184,396.1999248791392,397.5724792480469,63560000
2023-04-19,395.66241754419593,398.4075262603893,395.60482989922565,397.50531005859375,55227300
2023-04-20,394.6929889766768,397.0829934844094,393.7907434550367,395.3360900878906,75840400
2023-04-21,395.6336418065236,396.10395069254025,393.6947893230702,395.64324951171875,73457400
2023-04-24,395.44169241406223,396.47832873039835,394.1075394245126,396.0559997558594,64332100
2023-04-25,394.08826140218645,394.6449810037149,389.71142480850085,389.7690124511719,97766700
2023-04-26,390.3833857943013,391.4583943618871,387.56147365849546,388.1181640625,80447000
2023-04-27,390.652086810784,396.11353970438057,390.40252082176045,395.84478759765625,92968400
2023-04-28,394.9617272106124,399.2329963765921,394.904139565875,399.223388671875,89433100
2023-05-01,398.781880454679,400.845515871164,398.5899021077479,398.8202819824219,62122300
2023-05-02,398.1099974743272,398.1580067083917,391.43917444922255,394.3378601074219,103998500
2023-05-03,394.83697342513307,397.24616414474065,391.39117573178515,391.6311340332031,91531800
2023-05-04,390.58495750937874,390.91129731617235,387.5230869408355,388.8572692871094,94901900
2023-05-05,392.48541888407567,397.102214486308,392.2262744508848,396.0559997558594,87891800
2023-05-08,396.3823017131118,396.64144612156804,394.76018132750204,396.1615295410156,50046800
2023-05-09,394.61623373049684,395.53766541370464,394.1939047732381,394.42425537109375,49220100
2023-05-10,397.2557473304781,397.8892407221348,392.44697389350114,396.2671203613281,96142900
2023-05-11,395.4033173680311,395.8640185793233,393.5028369960926,395.5760803222656,70157100
2023-05-12,396.8142197460938,397.0253842033069,392.6389398327061,395.0577087402344,70481500
2023-05-15,395.66249982833955,396.8238899658133,393.7524408587719,396.4207763671875,54289400
2023-05-16,395.31692397910456,396.2383850257728,393.7619987390595,393.7716064453125,57705500
2023-05-17,395.78721992832476,399.1562144912637,394.14591338269895,398.5515441894531,87287000
2023-05-18,398.234744921799,402.81316752783374,398.01400205687503,402.3908386230469,97177200
2023-05-19,403.29308725192675,403.82098374117817,400.58635087495577,401.8053283691406,103793300
2023-05-22,401.8246282749285,403.5043365562108,400.5864351115969,401.9685974121094,60745400
2023-05-23,400.32725913165393,401.9013998007867,397.0638317760762,397.4573669433594,86383500
2023-05-24,395.85441436146004,396.2383417764392,393.4164298740769,394.57781982421875,89213700
2023-05-25,398.08116295648546,399.44413882097075,395.8447647643643,397.9947814941406,90961600
2023-05-26,398.64748907245814,403.8689837488059,398.57071530888675,403.14910888671875,93830000
2023-05-30,405.07840112218025,405.6062976614237,401.9205417166639,403.3027038574219,72216000
2023-05-31,401.4790359496369,402.3812815149699,399.50178187032054,401.0663146972656,110811800
2023-06-01,401.29661257093727,405.9326227931181,400.0488412722422,404.8768005371094,88865000
2023-06-02,407.44919955900986,411.5188830151562,406.92130300774403,410.7318420410156,91426200
2023-06-05,411.0773899248413,412.3635629860605,409.2441048720611,409.9447937011719,65460200
2023-06-06,409.53204325524,411.3652988856477,408.8793344192004,410.83740234375,64022200
2023-06-07,411.2309077542299,412.36350381538136,408.99448016231673,409.41680908203125,85373300
2023-06-08,409.48399798951436,412.34431121135276,408.71614321581194,411.8931884765625,61952800
2023-06-09,412.6898813507892,414.63834160760314,411.64366666036057,412.6322937011719,85742800
2023-06-12,413.61128515907586,416.4523828840486,412.8914103465747,416.3755798339844,76104300
2023-06-13,417.8345851160925,419.76382988102273,417.1722978814529,419.1207580566406,95899700
2023-06-14,419.45671780561304,421.4243641568749,416.1740753599218,419.619873046875,100612100
2023-06-15,418.8039410775125,426.0698842831908,418.7079812061063,424.8221130371094,110303100
2023-06-16,426.80484934957235,427.3732510116979,422.9030966686289,423.3751525878906,114165800
2023-06-20,421.4386947666536,422.3250049416328,419.107257409602,421.1785583496094,76160400
2023-06-21,420.1959468611093,420.99555478179644,418.4329109170005,419.0205993652344,76982300
2023-06-22,418.06681362984074,420.6390713007603,417.72961825633774,420.5331115722656,70637200
2023-06-23,417.0841314152319,419.13617505158805,416.6409763099136,417.3538818359375,92074500
2023-06-26,416.7855154988048,418.7026693868189,415.40786249787595,415.6487121582031,72823600
2023-06-27,416.52540707007813,420.8221567639146,416.0726085341393,420.2055969238281,72813700
2023-06-28,419.1265614695,421.4290983033547,418.5100016357142,420.41754150390625,75636000
2023-06-29,420.0031925590313,422.2382840858477,419.5985816622902,422.0744934082031,67882300
2023-06-30,425.28264809004037,428.0379537648419,424.9647101118157,427.0552978515625,104964000
2023-07-03,426.70850932168867,427.82602579498047,426.4291155030701,427.5466613769531,32793400
2023-07-05,425.7354497315169,427.6429894132442,425.7258063379871,426.9107971191406,58418400
2023-07-06,423.3366343156822,423.991738320798,421.06299828536083,423.5678405761719,80658300
2023-07-07,422.5755624788719,426.4388005460157,422.2576244540767,422.49847412109375,86134200
2023-07-10,422.1420000351028,423.7412452715391,421.57359837767063,423.5678405761719,62443500
2023-07-11,424.32893908451956,426.7566930521444,423.3558970583311,426.2653503417969,64463800
2023-07-12,430.0515505672172,431.10165159958825,428.6257099376319,429.695068359375,91924500
2023-07-13,431.50622355890425,433.89546265173254,431.07271183277675,433.10546875,72425200
2023-07-14,433.991813962652,434.83958003816,432.07463074719146,432.8357238769531,69815800
2023-07-17,432.6911892645716,435.3886934056767,432.6430016974079,434.3385925292969,52680200
2023-07-18,434.01103608987984,438.2114395521847,433.57749499281715,437.56597900390625,80668200
2023-07-19,438.35601441060516,439.724023983291,437.48893213427476,438.5390625,65891700
2023-07-20,437.5467915202886,438.442745236727,434.91670253914305,435.6296081542969,70591600
2023-07-21,437.34445662901965,437.5467915202886,435.6199941598992,435.6296081542969,71275600
2023-07-24,436.7760157789645,438.38490436691495,435.74517222742827,437.5756530761719,54023400
2023-07-25,437.3059083742901,440.02267010001805,437.2577208036124,438.770263671875,55191200
2023-07-26,437.8357342912967,440.26348802035136,436.7856334140258,438.8376770019531,71052900
2023-07-27,442.2192452897237,442.62388566589414,435.0226560753175,435.9282531738281,92194400
2023-07-28,439.1941631701477,441.0246146496096,435.92822776892785,440.19610595703125,80011800
2023-07-31,440.6681140687776,441.39066294813205,439.3578768125751,441.0342102050781,62040400
2023-08-01,439.5698819163366,440.51402315707037,438.81843216166044,439.772216796875,55291500
2023-08-02,436.6604008783812,436.9205079074881,432.90315234388123,433.65460205078125,93933400
2023-08-03,431.6410971149184,434.29044314301314,430.995607146359,432.41180419921875,64276100
2023-08-04,434.2230384704291,436.3232404604835,429.9359027397443,430.4561462402344,100128900
2023-08-07,432.2866424522289,434.36758726861206,431.59299418010113,434.21343994140625,58357500
2023-08-08,431.67967473239247,434.20380401220746,428.9725267488997,432.3251647949219,71361300
2023-08-09,432.5948520910791,432.7586427817327,428.67381291504086,429.4349060058594,78789600
2023-08-10,431.7855671339231,435.1671052071516,428.42331584667255,429.5890197753906,93005500
2023-08-11,427.7200594884635,430.3501481391964,427.1227570858758,429.33856201171875,68690900
2023-08-14,428.4233935882657,431.70855712890625,428.11509896255956,431.70855712890625,47867400
2023-08-15,429.935919835655,430.292402044995,426.1112258867205,426.6796569824219,75707500
2023-08-16,426.26534575201464,427.9223925566891,423.44259484772283,423.548583984375,80107200
2023-08-17,425.01294414487614,425.27305119137833,419.8009540161682,420.3211975097656,95711300
2023-08-18,417.5080258452247,421.5543115245304,417.1612164787308,420.5234680175781,98852000
2023-08-21,421.53502982303786,424.0013277942752,419.38666984217986,423.259521484375,68719000
2023-08-22,425.0321947779214,425.0321947779214,421.55433988295033,422.11309814453125,64994200
2023-08-23,423.17286834168584,427.4311034249485,423.0283644204359,426.81451416015625,68441000
2023-08-24,428.4137593836846,428.9243595057039,420.87033128977225,420.8992614746094,88517300
2023-08-25,422.62366273446645,425.14776219480035,419.07836317797603,423.866455078125,102325100
2023-08-28,426.0534267072631,427.17097271429145,423.8665222680011,426.5544128417969,61595400
2023-08-29,426.44835885508,432.9994865828607,426.26531078000176,432.7200927734375,83081900
2023-08-30,433.05731299234867,435.1382574911251,432.35402143192493,434.5024108886719,69053900
2023-08-31,435.1190142078131,436.255817610441,433.6835595621321,433.8666076660156,66084600
2023-09-01,436.58338220970904,437.06508153807744,433.2211009052936,434.67584228515625,58944100
2023-09-05,434.2327253281371,434.5506339765606,432.72982564348763,432.7972412109375,55166200
2023-09-06,431.9879277285903,432.093916863234,427.56593166865076,429.8877258300781,70758500
2023-09-07,426.89156794336543,429.24226303585164,426.5447585365695,428.5679016113281,70355400
2023-09-08,428.6160154651993,430.74511806057524,428.2595627004295,429.21331787109375,61659700
2023-09-11,431.83376742594476,432.34436749416994,430.12856253408137,432.0361022949219,60180100
2023-09-12,430.59102153155527,432.11317840274216,429.0881220484013,429.6661376953125,67565400
2023-09-13,429.88768993651144,431.32314432701645,428.78940150844926,430.1670837402344,60199300
2023-09-14,432.6334271290332,434.5698383708397,431.332833106535,433.8761901855469,83430800
2023-09-15,432.29352436707654,432.62223173023705,428.2136407942197,428.648681640625,111848900
2023-09-18,428.3393572391215,430.1956202798295,427.8656361967372,428.9001159667969,55752200
2023-09-19,427.9815868766938,428.5713482483716,425.332573169419,428.0105895996094,66514600
2023-09-20,429.2675002876334,429.6832158729015,423.8727570723084,424.0758056640625,82562600
2023-09-21,421.23345141612367,421.4944759763419,416.9118677822532,417.0665588378906,104095800
2023-09-22,418.09131961695476,419.6865285568745,415.71297806578804,416.12872314453125,100829700
2023-09-25,414.92023546020613,417.91728222441265,414.4851650567311,417.8786315917969,70874500
2023-09-26,414.8428197503268,415.54859200929735,410.90794984146544,411.7394104003906,96168400
2023-09-27,412.9092856337623,413.4700443597365,408.26867230252077,411.90380859375,104705800
2023-09-28,411.3527373620953,415.964347748709,410.76297593705533,414.2917785644531,92258300
2023-09-29,417.3371969608053,417.5112133076614,411.7684378270295,413.28631591796875,115111300
2023-10-02,412.454856073705,414.3691244055631,410.36657139466814,413.1219482421875,83798600
2023-10-03,410.9466132055397,413.17991127797546,406.22864047101564,407.5918273925781,103760600
2023-10-04,408.0559666596498,411.3043900178651,406.59609392791054,410.5599670410156,87453000
2023-10-05,410.2699382204488,411.2464125781848,407.1858831038249,410.4053039550781,70142700
2023-10-06,407.9592044528576,416.8150657604601,406.6346976952794,415.2778625488281,113273300
2023-10-09,413.3830108074734,418.5070521455923,412.8319589906931,417.9366455078125,80374400
2023-10-10,418.5650575162268,422.70294712015226,418.1686672417201,420.1119384765625,78607300
2023-10-11,421.17540990507433,422.08417183466213,418.797068320578,421.83282470703125,62451700
2023-10-12,422.4419089154139,422.8189443567332,416.91182957643576,419.2611389160156,81154200
2023-10-13,420.75965970754623,421.95850789546967,415.60664534568787,417.1728515625,95143100
2023-10-16,419.4157827397426,422.6255551040407,419.1740835467255,421.56207275390625,75433200
2023-10-17,418.43931518310666,423.59235858221746,418.09128250171426,421.542724609375,75324700
2023-10-18,419.77349041439385,420.7306097718711,414.8428210042976,415.9256286621094,93559800
2023-10-19,416.64105822052716,418.4489633659572,411.59437816274504,412.2711181640625,121323000
2023-10-20,411.83610400929126,412.37750784711915,407.0987761718527,407.20513916015625,123919900
2023-10-23,405.67760643648245,410.35692908932583,403.92770652261123,406.4993896484375,92035100
2023-10-24,408.61670687631084,410.71466914656554,406.7701212432729,409.5641784667969,78564200
2023-10-25,407.88192884542195,407.91093157015536,403.17360349885,403.6860046386719,94223200
2023-10-26,402.6225515026816,403.47330792914914,397.9335809780985,398.8520202636719,115156800
2023-10-27,400.43756406837696,400.83395429205797,395.6229054415524,397.0440979003906,107367700
2023-10-30,399.8284803456642,402.8448816266276,398.5329761803426,401.79107666015625,86562700
2023-10-31,402.361504611754,404.63348310254605,400.45691364342605,404.314453125,79665200
2023-11-01,405.2812038082296,409.4384179741357,404.7494479004914,408.6263122558594,98068100
2023-11-02,412.41619465013827,416.61211901779166,412.39686933434086,416.4574279785156,94938900
2023-11-03,418.75840416588386,421.80380835994043,418.63271585397734,420.2569274902344,100167800
2023-11-06,421.0109973746679,421.66841210779677,419.2804228673673,421.22369384765625,67831700
2023-11-07,421.2237277176419,423.0606358569916,420.0829145000172,422.42254638671875,64256100
2023-11-08,423.0219303160148,423.544008852029,420.4309219590949,422.7319030761719,61746000
2023-11-09,423.8727133946502,423.9113935278032,419.0097266771128,419.43511962890625,83174400
2023-11-10,421.5041020397778,426.28972875327344,419.42546520511473,425.9803466796875,89462200
2023-11-13,424.64616313137293,426.6764127794683,423.86306009469695,425.57427978515625,52236100
2023-11-14,431.50076562505876,435.1165763059157,431.2783917339626,433.83074951171875,97176900
2023-11-15,435.16489156652574,436.39274237985995,433.8983901244557,434.7491760253906,77327600
2023-11-16,434.3044096920699,435.5999137144547,433.2409274336067,435.2808837890625,66665800
2023-11-17,435.29057073108856,436.43141334936854,434.3721314970017,435.82232666015625,83133200
2023-11-20,435.57093106914016,440.01820194313484,435.5612536604329,439.1770935058594,69936200
2023-11-21,438.13299304399567,439.0514618608499,436.9534996970191,438.2200012207031,49244600
2023-11-22,439.87321460582723,441.22672421241435,438.81940964411666,439.911865234375,59394900
2023-11-24,439.96027278304024,440.3759883694041,439.63156537724313,440.1826171875,29737400
2023-11-27,439.55420100976517,440.3663068584605,439.0031197003399,439.3898620605469,50506000
2023-11-28,439.0030764411284,441.1203637861366,438.44234728096177,439.8248596191406,62115000
2023-11-29,441.97117519611106,443.10234049536746,439.1191421839662,439.5155029296875,63146000
2023-11-30,440.35662667945024,441.59412543023933,438.28766732031204,441.2460632324219,79752700
2023-12-01,440.6369649429203,444.38814123082403,440.0472330596215,443.8564147949219,89183400
2023-12-04,440.4726232624604,443.8757373404589,439.2544498661346,441.52642822265625,72430900
2023-12-05,440.14394887033336,442.3965725770802,439.76688393206007,441.439453125,69793500
2023-12-06,443.57609928018036,443.60510200805135,439.2255130737281,439.66058349609375,69124700
2023-12-07,441.73917136361564,443.6630877368815,441.13976201140014,443.0153503417969,66995400
2023-12-08,442.2708481089666,445.4516177863762,442.02914891320626,444.9198913574219,83194400
2023-12-11,444.4268307846884,446.8244975103325,444.2141343049595,446.65045166015625,65002200
2023-12-12,446.30240990232363,448.78708475043413,445.30661038207074,448.6903991699219,68327600
2023-12-13,449.0674408996175,455.12927578193285,448.709730800554,454.8778991699219,93278000
2023-12-14,456.81145899765846,458.0006296077065,453.6693695971455,456.3377380371094,119026000
2023-12-15,455.74168294193043,456.9162712434612,453.7420093093976,455.58636474609375,141553700
2023-12-18,457.1881393985243,459.12957270241793,456.13006180277284,458.1491394042969,70375300
2023-12-19,458.6927663957653,461.01279355520546,458.6151220933891,460.93511962890625,55761800
2023-12-20,460.08088857770923,461.9640813854923,454.12070331796554,454.5478210449219,102921000
2023-12-21,457.5278509164755,459.1295570366737,455.1107760152546,458.8577575683594,86667500
2023-12-22,459.98374941589714,461.45925759296136,457.8870276491879,459.7799072265625,67160400
2023-12-26,460.18765521976536,462.62413389794295,460.109981297383,461.72137451171875,55387000
2023-12-27,461.51756987350683,462.70184548290086,460.9836875153384,462.5562438964844,68000300
2023-12-28,462.91530398929757,463.56566747559816,462.31346447997436,462.7308654785156,77158100
2023-12-29,462.53673484415077,463.060930093317,459.44014657654174,461.39129638671875,122283100
2024-01-02,458.33359292378987,459.79938459581,456.7124830275094,458.8092346191406,123623700
2024-01-03,456.6542157231931,457.3919698393569,454.4604162904711,455.062255859375,103585900
2024-01-04,454.5866169474703,457.1687269140432,453.3732210773095,453.59649658203125,84232200
2024-01-05,453.8003122508208,456.66393818647634,452.7713549830218,454.2177429199219,86118900
2024-01-08,454.71275316529835,460.8476889622242,454.5865552720958,460.70208740234375,74879100
2024-01-09,458.05205442710235,461.02244496424106,457.54729244084217,460.0032043457031,65931400
2024-01-10,460.27499186871785,463.4686578138975,459.9934757568045,462.6047058105469,67310600
2024-01-11,463.6045274671268,464.1190060691037,458.43062113494074,462.4008483886719,77940700
2024-01-12,463.84719564870727,464.58494971105563,461.31363965656635,462.7211608886719,58026400
2024-01-16,461.34278348918724,462.6532272077025,459.2071951071508,461.0224304199219,85014900
2024-01-17,458.0035093314712,458.9451056102245,456.11060012839494,458.4597473144531,68843900
2024-01-18,460.1294153145847,463.0900892897804,458.58597937392244,462.5367736816406,91856200
2024-01-19,463.6628317450775,468.5843725866021,462.58535041381515,468.3028564453125,110834500
2024-01-22,469.83653714242234,471.0110958989677,468.6425450951434,469.2929382324219,75844900
2024-01-23,469.83653570981716,470.90430023582877,468.7493378931313,470.66162109375,49945300
2024-01-24,473.525295727068,474.45717543420074,470.68110299788805,471.1761779785156,81765000
2024-01-25,473.30196574868353,474.0105994997861,471.1761237432126,473.7388000488281,72525000
2024-01-26,473.3117152908374,474.79691054106985,472.29247468488353,473.1369934082031,76641600
2024-01-29,473.4476261562877,477.0295728420406,472.9040272208165,476.8839416503906,61322800
2024-01-30,476.19475312019154,477.2237103899132,475.7579187820987,476.5151062011719,58618400
2024-01-31,474.31155855924624,474.75807991768903,468.7202212489611,468.7396545410156,126011100
2024-02-01,470.43839078044346,474.9036930669608,469.6326794127357,474.87457275390625,91891600
2024-02-02,475.31139921660196,481.5239798187347,474.971642466127,479.873779296875,99228200
2024-02-05,479.24278207992484,479.9028622372628,475.8743943997294,478.1264343261719,75757100
2024-02-06,479.0680669349689,479.84465802363434,477.6411122849623,479.5146179199219,55918600
2024-02-07,481.75701266267623,483.9314086511629,480.85422359252465,483.5140075683594,70556500
2024-02-08,483.513949705615,484.1060726186496,482.69855130751233,483.7275085449219,52343600
2024-02-09,484.23231705115523,486.96002861938376,483.89256027998283,486.5232238769531,63979400
2024-02-12,486.4940088202494,488.7557652655047,485.5912199471907,486.3095703125,56502300
2024-02-13,480.0485287007201,482.53356108402113,476.35010044182593,479.6116943359375,113099200
2024-02-14,482.2422795475269,484.4555120799487,479.92225279096976,483.97015380859375,68387800
2024-02-15,484.66912826614583,487.49391729462275,484.1934569596569,487.3094787597656,61683000
2024-02-16,487.00856229426716,488.1442842020213,484.144936285217,484.8826904296875,75532900
2024-02-20,483.14507545774694,483.8148722929186,479.970842787005,482.21319580078125,71736700
2024-02-21,480.9124933217148,482.8053731626366,479.106944807319,482.6500549316406,59293400
2024-02-22,489.25094105413393,493.5997329784438,488.2899113619232,492.63873291015625,76402500
2024-02-23,494.35685563775104,495.1916873577398,492.25041710535265,492.97845458984375,61321800
2024-02-26,493.41526570907337,493.8521000550051,491.0467146922128,491.17291259765625,50386700
2024-02-27,491.86211180789684,492.30863314805396,489.9692025931845,492.0853576660156,48854500
2024-02-28,490.53220860244136,492.0174038220213,490.17304819868775,491.43499755859375,56506600
2024-02-29,493.1920036518268,494.8130838290683,490.5516532421677,493.2016906738281,83924800
2024-03-01,494.0753617325155,498.25911842016706,493.6676477127876,497.8320007324219,76844800
2024-03-04,497.03607301464484,499.1425115484434,497.00692307628157,497.2981262207031,49799300
2024-03-05,495.2984852488147,495.7450362651965,490.1245782125844,492.3280944824219,72855600
2024-03-06,495.59937641592427,497.07488469099843,493.53177482463775,494.82281494140625,68382400
2024-03-07,498.11356939849594,500.78304025779806,494.8810662776538,499.7346496582031,58652100
2024-03-08,500.36563844693006,503.0447667007892,496.1624186562773,496.7351379394531,86532500
2024-03-11,495.5314219659159,496.89041928478855,493.6093924281333,496.3079833984375,62557200
2024-03-12,498.41446966211043,502.22937893995004,495.90028750048145,501.64697265625,73114400
2024-03-13,501.9672573875113,502.14197926945354,499.4239845817287,500.8606262207031,55104100
2024-03-14,501.831351753217,501.9866995940405,496.8321966177629,499.87054443359375,110171800
2024-03-15,496.80816405826874,498.2590460217431,494.77306623402836,496.4381408691406,107646300
2024-03-18,500.4985887866016,501.93969410963876,498.97956820958467,499.3885192871094,88893300
2024-03-19,498.6972103635703,502.44605736767124,497.6942371868493,502.1636962890625,60755300
2024-03-20,502.22213711517423,506.94471696954355,501.5502591703246,506.8083801269531,69594600
2024-03-21,509.64192900671355,510.34298796408666,508.2007643189091,508.4831848144531,60256100
2024-03-22,508.3955498176283,508.88241615238655,507.2854803107173,507.51922607421875,79070800
2024-03-25,506.14624650613894,507.2660628859731,505.961234915521,506.1170654296875,48512100
2024-03-26,507.5386367689601,507.87947884663447,504.7830162330491,505.1822204589844,65463700
2024-03-27,508.0060617645378,509.466660680705,505.84434446401093,509.42767333984375,82999800
2024-03-28,509.46662856862366,510.82981847863687,509.04793070421056,509.3302917480469,96294900
2024-04-01,510.07035956686866,510.605900605306,507.2854391895369,508.4441833496094,62477500
2024-04-02,504.627181070464,505.3477336967163,502.9134021583385,505.2114562988281,74230300
2024-04-03,504.12080800253995,507.2660046821648,504.0721332594207,505.76641845703125,59155800
2024-04-04,509.76856679026787,510.10934946561747,499.2911933332161,499.5930480957031,96858100
2024-04-05,500.94653513579135,506.7694375345306,500.5083435441168,504.8122253417969,74546500
2024-04-08,505.5133007732254,506.516214442084,504.2863881936749,505.09454345703125,48401800
2024-04-09,506.82779978442835,507.0712329255352,500.8393207404325,505.6788024902344,68049200
2024-04-10,499.9922143304957,502.60181066009386,498.6387711363,500.61541748046875,82652800
2024-04-11,502.13442685782303,505.8345989017068,498.62901322296943,504.39349365234375,70099000
2024-04-12,500.85889444352966,502.27081877394835,495.70784003413945,497.4313659667969,92561100
2024-04-15,501.5989207934361,501.7644387082916,490.3522904966187,491.199462890625,92101400
2024-04-16,491.6766166443132,493.19563735543574,489.0183155418661,490.30364990234375,73484000
2024-04-17,492.7574157801548,492.9229634124424,486.00945537176443,487.4018859863281,75910300
2024-04-18,488.7943295112607,490.88784877913054,485.46415075166374,486.39892578125,74548100
2024-04-19,486.32104754330464,487.3142441699,480.8876025986124,482.1534729003906,102212600
2024-04-22,484.7533503648902,489.18385210193054,482.41639776348796,486.5937194824219,67961000
2024-04-23,488.5995792337359,492.7963646750655,486.4086807205422,492.367919921875,64633600
2024-04-24,493.25400289949073,494.04272395926796,489.91410708182036,492.13421630859375,55928100
2024-04-25,486.0678327855915,491.02412816029823,484.42222231211605,490.2646179199219,69122400
2024-04-26,493.0495298783495,496.4868049205615,492.4166096033967,494.90936279296875,64306100
2024-04-29,496.69128964862307,497.33395677101214,493.9258924563797,496.6620788574219,46415400
2024-04-30,495.2015209263445,496.1752536684076,488.79437255859375,488.79437255859375,77483600
2024-05-01,488.2100662136069,494.84118298455326,486.73972044696376,487.2071228027344,80242800
2024-05-02,490.90730120185356,492.60161619088024,486.4281251448712,491.7641906738281,62550200
2024-05-03,497.7332427499149,499.0867158383158,495.201531622673,497.8598327636719,72756700
2024-05-06,500.25510463599915,503.03996550471606,499.8169130959195,503.00103759765625,47264700
2024-05-07,503.9651034446084,504.9485829994704,502.8842743906612,503.55615234375,52561300
2024-05-08,501.7254700555243,504.14030789046143,501.60862689782874,503.6047668457031,42047200
2024-05-09,503.7898378767789,506.5455181068331,503.1374535973279,506.50653076171875,43643700
2024-05-10,508.10351940578255,508.9117342857,505.94186107705553,507.1590270996094,52233200
2024-05-13,508.8337028193061,508.9407991411694,506.08776976766853,507.2270202636719,36716400
2024-05-14,507.4218746415022,510.07045870728615,506.8863334989738,509.5543518066406,57535900
2024-05-15,512.01781913004,516.1561825946173,511.3848691803367,515.8640747070312,59504900
2024-05-16,515.9614786446474,517.558414507879,514.6566506998298,514.802734375,50244800
2024-05-17,514.9195214966393,515.6108930215729,513.4686694664939,515.542724609375,59187600
2024-05-20,515.6595992673854,517.5973177042522,515.2700824401487,516.13671875,37764200
2024-05-21,515.3772666864285,517.5584184029028,515.1727614260365,517.402587890625,33437000
2024-05-22,516.7113097871478,517.4221156794935,513.7413773413039,515.912841796875,48390000
2024-05-23,518.960475392313,519.0675716996905,510.9368699664029,512.1443481445312,57211200
2024-05-24,513.9848197975488,516.3412958961842,513.0403275362747,515.5330810546875,41291100
2024-05-28,516.3412489766735,516.5749353115505,513.2642204156563,515.893310546875,36269600
2024-05-29,511.87174962966077,513.458938533357,511.5698948988185,512.2807006835938,45190300
2024-05-30,510.7422784507473,511.4044095336918,507.6360688600374,508.8824157714844,46377600
2024-05-31,509.8367164200918,513.6439850215788,504.7440541264526,513.5173950195312,90785800
2024-06-03,515.1240809646227,515.4064420460951,508.87267437322015,513.9360961914062,46835700
2024-06-04,512.631323194632,515.2506664560023,511.17072418863216,514.5106201171875,34632700
2024-06-05,516.8281493311971,520.6451650598835,514.84169649016,520.6256713867188,47610400
2024-06-06,520.927446289771,521.3558910101924,518.6878732006264,520.6158447265625,30808500
2024-06-07,519.6421901069427,522.7873872843439,518.55161418802,519.9830322265625,43224500
2024-06-10,519.1747009286601,521.9108869486413,518.5807383516342,521.5895385742188,35686100
2024-06-11,520.0414093421914,522.9041857425336,518.0744503489441,522.8457641601562,36383400
2024-06-12,527.4028194115604,529.8274041983666,526.1077383475028,527.139892578125,63251300
2024-06-13,528.8829186945259,529.0581834417079,525.4164327979901,528.2012939453125,44760900
2024-06-14,526.6725890295746,528.551886156822,525.6696157422205,528.522705078125,40089900
2024-06-17,527.8410888070123,534.1216772051151,527.3834034899254,532.7291870117188,55839500
2024-06-18,532.7874995764366,534.2091705580833,532.3688016931667,534.0825805664062,41376400
2024-06-20,535.0076850141029,535.669816103357,530.8595742964317,532.6317749023438,70328200
2024-06-21,531.8102827682807,533.0313753907063,530.4621917432297,531.917724609375,64338600
2024-06-24,531.7417933525489,534.3011982327657,530.0713174980777,530.1885375976562,45528700
2024-06-25,531.4096852385123,532.5917242597523,529.8955424418219,532.2302856445312,37936200
2024-06-26,531.1167351250136,533.6077524053179,530.4720243887124,532.8946533203125,38550600
2024-06-27,532.7578061070262,534.3110621107577,532.0153722749866,533.7346801757812,35041500
2024-06-28,534.5064116818106,537.5543137581463,530.3938098387125,531.6343994140625,76144500
2024-07-01,533.0117876323043,533.2560061424955,529.9737236752046,532.728515625,40297800
2024-07-02,531.1264605772033,536.3136596679688,531.0776287968915,536.3136596679688,40434800
2024-07-03,536.0010708200014,539.068469909586,535.9620173191718,538.70703125,32789900
2024-07-05,539.0097918869257,542.2139076372644,538.3747999305978,541.8134155273438,41488400
2024-07-08,542.5949943367658,543.3862600338458,541.3739016175886,542.438720703125,36110500
2024-07-09,543.3958913589794,544.2945986626197,542.6730142045088,542.966064453125,27289700
2024-07-10,544.1872136667199,548.6808102777995,543.894163387503,548.3389282226562,38701200
2024-07-11,548.4560949063842,549.3255270030801,542.9758465360856,543.6107788085938,53054200
2024-07-12,544.7342644743289,550.6345620898736,544.2653840243584,547.0396728515625,53084400
2024-07-15,549.0324432768749,551.7774564341378,546.6879221671659,548.5440063476562,40584300
2024-07-16,549.8530882979716,552.090108393895,549.1008762046278,551.7970581054688,36475300
2024-07-17,545.8771519032762,547.5476278240299,543.7377955656038,544.0601806640625,57119000
2024-07-18,545.593898977862,546.580551242634,537.7007404833427,539.879150390625,56270400
2024-07-19,539.6447995873152,541.2664440605769,535.2390876445896,536.2941284179688,65509100
2024-07-22,540.2113760766848,542.4288993582354,538.277184442637,541.8232421875,43346700
2024-07-23,541.7157018138391,543.8648365993427,540.484890622907,540.9733276367188,34439600
2024-07-24,536.1671163330532,536.4699449259502,527.7952979520205,528.7135620117188,74515300
2024-07-25,528.8308137450439,534.7995603016705,525.0210402154329,525.9588012695312,61158300
2024-07-26,529.7393433023149,534.535769150024,528.9675745637637,531.849365234375,53763800
2024-07-29,533.3927971337158,534.3989464184045,530.1690650137424,532.1619262695312,39515800
2024-07-30,533.6272524601584,534.6822931769603,526.0662565076813,529.4657592773438,46853600
2024-07-31,536.2843251839307,540.6998152024645,534.9167372159726,538.072021484375,65663400
2024-08-01,539.79118198238,542.0379798774079,526.9550454850472,530.4522705078125,76428700
2024-08-02,523.3603002519518,524.5716145988897,516.3756265717791,520.5762329101562,82789100
2024-08-05,499.8078827767836,511.47176200774925,498.4695402072865,505.4151306152344,146267400
2024-08-06,507.212414168448,517.4989244767856,505.8936583141911,510.07470703125,84826300
2024-08-07,516.2485672171777,519.2964689099484,506.06955696870784,506.6654357910156,70698300
2024-08-08,511.79405372836936,519.0033889369354,509.77197692780607,518.3782348632812,63276600
2024-08-09,517.5576103421191,522.1489300560904,516.3365178449808,520.6640625,45619600
2024-08-12,521.8559471668351,523.3407552909962,518.6713279832952,520.9376831054688,42542100
2024-08-13,524.1221746789957,529.7391995235392,523.8779562074939,529.5046997070312,52333100
2024-08-14,530.2960214933445,532.3572709257232,527.6291745808618,531.1752319335938,42446900
2024-08-15,536.7922766972661,540.5629961238054,536.1866195717042,540.2797241210938,60846800
2024-08-16,538.6679690791409,542.1847520674191,538.511695437375,541.4911499023438,44430700
2024-08-19,541.9013070349608,546.66845703125,541.0514314058853,546.66845703125,39121800
2024-08-20,546.2192073450451,547.8701270511177,544.4412892289927,545.7796020507812,33732300
2024-08-21,546.8247712917706,549.1106230342316,541.9012882335657,547.6550903320312,41514600
2024-08-22,549.5502804647684,550.1559376249218,542.1455582382872,543.3568725585938,56121500
2024-08-23,546.5904001832064,550.0680696349215,544.4021520897437,549.1302490234375,50639400
2024-08-26,550.1559102385648,550.8690092024209,546.1214157161334,547.8211669921875,35788600
2024-08-27,546.551349531508,549.0619234396653,545.4084233851316,548.573486328125,32693900
2024-08-28,548.2315309438809,548.661357929549,542.204174863817,545.3887939453125,41066000
2024-08-29,547.352316743397,550.644377643334,544.2946960843145,545.4376220703125,38715200
2024-08-30,547.8017316610252,551.1524028130747,544.2556737558524,550.6444091796875,62700100
2024-09-03,547.508549729637,547.8407131286382,536.8020487007664,539.3126220703125,60600100
2024-09-04,537.4762675932944,541.6084269242557,536.7533901298209,538.2089233398438,47224900
2024-09-05,538.1501466111926,540.9928237930679,534.4477558926965,536.8997192382812,44264300
2024-09-06,537.2220554393132,538.8436399407501,526.964879098129,527.8635864257812,68493800
2024-09-09,532.0544335310877,535.043665505135,530.1299607989381,533.773681640625,40445800
2024-09-10,535.6786451567546,536.4504138231891,530.8138314182086,536.0986938476562,36394600
2024-09-11,536.0107592184578,542.5167136236998,527.4728902611638,541.5984497070312,75248600
2024-09-12,542.1749203516514,546.4634120914028,539.9573969973035,546.1605834960938,51819600
2024-09-13,546.7661412876428,550.0093699640063,546.5121445202687,549.012939453125,39310500
2024-09-16,548.7492552395013,550.0875680057417,546.9518402590558,549.8238525390625,36656100
2024-09-17,552.031423916307,553.477237850398,547.8210997398118,550.0484008789062,49321000
2024-09-18,550.702966140304,555.5385046014119,547.8602888957543,548.4171142578125,59044900
2024-09-19,557.804786497104,559.6315359572782,554.9425530668651,557.7754516601562,75315500
2024-09-20,556.4096197933483,557.8500005367814,553.7933228326182,556.8113403320312,77503100
2024-09-23,557.8794446150124,558.8495067502496,556.6643550711399,558.2027587890625,44116900
2024-09-24,558.9964868304339,559.8587776289324,556.1744550910837,559.7999877929688,46805700
2024-09-25,559.6432009533316,560.378103761662,557.4580492681129,558.5653076171875,38428600
2024-09-26,562.817932214862,563.1413061737785,558.4281322177342,560.77978515625,48336000
2024-09-27,561.8479471107624,562.6611965458859,558.9377006949258,559.966552734375,42100900
2024-09-30,558.9377164538611,562.8180251821971,556.6448529649051,562.2105102539062,63557400
2024-10-01,561.8576982708267,562.5043864049716,554.6066335561335,557.1738891601562,72668800
2024-10-02,556.2823034605133,558.4282222492225,553.8914170466389,557.4091186523438,38097800
2024-10-03,555.9391917508498,558.3300776437013,554.1068390984451,556.3899536132812,40846500
2024-10-04,560.828843806913,561.8185225581165,556.6643942780399,561.4461669921875,42939100
2024-10-07,559.7999074826037,560.446655391967,555.2239297880301,556.370361328125,49964700
2024-10-08,558.9376805045769,562.2300906410503,558.0656412646009,561.63232421875,37398700
2024-10-09,561.6224145456196,566.0808720947961,561.0247080377793,565.5223388671875,37912200
2024-10-10,564.1799758679994,565.9535388259317,562.9257131010544,564.53271484375,44138100
2024-10-11,564.4543586951436,568.6482329129351,564.3171624790748,567.913330078125,42268000
2024-10-14,569.5202272995722,573.4887501402064,569.0401003876937,572.557861328125,36217200
2024-10-15,572.8224884018784,573.1262458468478,566.8942243784207,568.1093139648438,54203600
2024-10-16,568.1092586044506,571.0978512020905,567.305757742965,570.5784912109375,30725400
2024-10-17,574.1159000748407,574.3216944108202,570.441385688738,570.6275634765625,34393700
2024-10-18,572.3128360166068,573.6062719503354,570.8528388827377,572.8223876953125,37416800
2024-10-21,572.0972566282711,573.0771269383695,568.9126781204517,571.8817138671875,36439000
2024-10-22,569.3537388044809,572.7343039714391,568.6972423190728,571.5780639648438,34183800
2024-10-23,569.5594196255329,570.0003732214365,562.8570804647936,566.355224609375,49314600
2024-10-24,568.3052337104026,568.3836400907534,564.9639018539431,567.5801391601562,34979900
2024-10-25,569.8044050522926,572.6950344865168,566.443456997856,567.3840942382812,47268200
2024-10-28,570.8528957024953,570.9802836348513,568.8343651367928,569.1381225585938,30174700
2024-10-29,568.1778099310847,571.1762108700161,566.7864107519835,570.0592041015625,42899700
2024-10-30,569.5888588084969,571.5780244818477,567.6291179550885,568.3346557617188,41435800
2024-10-31,563.9742291931302,564.0428273008541,556.9975564307639,557.1935424804688,60182500
2024-11-01,559.8196194970722,563.9644525610958,559.1336981878939,559.5452270507812,45667500
2024-11-04,559.6823223393656,560.9757583388703,556.4585705161212,558.3399047851562,38217000
2024-11-05,559.2512590975022,565.1304818819561,559.0357163025479,565.09130859375,39478300
2024-11-06,577.3397109306703,580.014738259286,573.6064067155438,579.1426391601562,68182000
2024-11-07,581.1415036340469,584.6396478381987,581.0630972629532,583.6205444335938,47233200
2024-11-08,584.1693242787533,587.5695056932594,584.1693242787533,586.148681640625,46444900
2024-11-11,587.7360051791314,588.0887441353201,584.9825720146739,586.7071533203125,37586800
2024-11-12,586.6287817012992,587.2264882691159,582.4055428293386,584.8846435546875,43006100
2024-11-13,585.3451927424278,587.1677373847895,582.9837313260188,585.1688232421875,47388600
2024-11-14,585.296183408181,585.7763103260314,580.7202054727688,581.4060668945312,38904100
2024-11-15,577.8491019104924,578.3194803370213,572.1070761341368,573.9590454101562,75988800
2024-11-18,574.4195885423085,577.6237838402152,573.5573576252949,576.310791015625,37001700
2024-11-19,572.9399780116551,579.142513878155,572.2736733921519,578.4174194335938,49412000
2024-11-20,578.495884693383,578.8976052377521,572.8616299600318,578.6134643554688,50032600
2024-11-21,581.455141177832,583.1404896221547,575.6249001169805,581.7196655273438,46750300
2024-11-22,581.7098478799927,584.1497754660484,581.2101642027249,583.5226440429688,38226400
2024-11-25,587.451946771504,588.7649396726674,583.2188992835091,585.5020141601562,42441400
2024-11-26,586.746407902425,589.2255088244219,586.0311216188419,588.5592041015625,45621300
2024-11-27,588.3729502321648,588.7550542016285,585.256969810655,586.7757568359375,34000200
2024-11-29,587.5889978813017,591.2047216811674,587.314665296655,590.4208374023438,30177400
2024-12-02,590.8324390421951,592.1552999944694,590.3425038316959,591.4791870117188,31746000
2024-12-03,591.2439870884159,591.9984465923378,590.2151351783115,591.7534790039062,26906600
2024-12-04,593.4388120135218,595.6728850379003,592.772507434092,595.4279174804688,42787600
2024-12-05,595.4280516027892,596.2315525489399,594.0954421437544,594.4481811523438,28762200
2024-12-06,595.212464951605,596.8096584526629,594.800936138575,595.5750122070312,31241500
2024-12-09,595.4574149257465,595.6239761392873,591.9200973185369,592.5079956054688,34742700
2024-12-10,593.184106485161,593.6054435570935,590.0093361336401,590.6658325195312,37234500
2024-12-11,593.5859415432025,596.1825623151827,593.3115491139272,595.2321166992188,28677700
2024-12-12,594.369747252086,594.9380289691392,592.1650390625,592.1650390625,31543800
2024-12-13,594.1933425526647,594.9086286959063,590.6755820460321,592.0474243164062,35904700
2024-12-16,593.8014244521054,595.54562235978,593.0273484159295,594.5755004882812,43695200
2024-12-17,592.0278913761272,592.9881452170704,590.7540718346318,592.1258544921875,55773500
2024-12-18,591.822113059209,594.2031909866316,574.0962907751041,574.4784545898438,108248700
2024-12-19,579.456129686489,581.0631314525076,574.057034359764,574.302001953125,85919500
2024-12-20,571.9778279294948,585.7225012446567,571.132257605004,581.199951171875,125716700
2024-12-23,580.9443313472664,585.2800771480029,577.7686569320756,584.6803588867188,57635800
2024-12-24,586.0272244384283,591.2183812455869,585.4471288073329,591.1790161132812,33160100
2024-12-26,589.4093887705021,592.3392110668057,588.0133066034633,591.2184448242188,41219100
2024-12-27,587.4823797773107,587.7183905820746,580.8165297326684,584.9949951171875,64969300
2024-12-30,577.9948725430215,581.7800467977985,574.5734057798932,578.3192749023438,56578800
2024-12-31,579.9807622286955,580.6985158642835,574.583178079053,576.2152709960938,57052700
2025-01-02,579.4695486945864,581.180251846637,570.7291685588775,574.7994995117188,50204000
2025-01-03,577.6408633877121,582.6254735449975,576.5593423217554,581.9864501953125,37888500
2025-01-06,586.2337670283534,589.6060270134918,583.608664526265,585.3390502929688,47679400
2025-01-07,587.3643786767495,587.6888410122485,576.903513754268,578.7223510742188,60393100
2025-01-08,578.7911897402016,580.6395509433228,575.350100693004,579.56787109375,47304700
2025-01-10,576.0186519228087,576.0874809051687,568.8120114375996,570.7193603515625,73105000
2025-01-13,566.0788468496604,571.9581742427216,565.6658729466735,571.604248046875,47910100
2025-01-14,574.5242667122994,575.1535088845837,568.6154150795988,572.3908081054688,48420600
2025-01-15,580.3937768602567,583.9430001285099,579.2827918470954,582.8025512695312,56900200
2025-01-16,584.1690862304802,584.34604932179,580.9836305712422,581.6817016601562,43319700
2025-01-17,586.9121689712896,589.2717368825727,585.5848557638515,587.521728515625,58070600
2025-01-21,590.5597127423754,592.9094994878243,588.5933760531964,592.899658203125,42532900
2025-01-22,595.7213382459036,597.5893820777127,595.1707663809229,596.2326049804688,48196000
2025-01-23,595.6032899728609,599.48681640625,595.3280340779654,599.48681640625,41152100
2025-01-24,599.54587252364,600.4995770008244,596.5865262707722,597.73681640625,34604700
2025-01-27,584.7983708814467,589.5962372876534,584.6312490621345,589.2816162109375,70361100
2025-01-28,590.5105293609671,595.1805787054238,587.1972570477369,594.3449096679688,44433300
2025-01-29,593.5584283650862,593.9615610343399,589.1341703360996,591.6806030273438,37177400
2025-01-30,593.7943615542468,596.3898803192325,590.6088457833347,594.8561401367188,39281300
2025-01-31,597.2746959271392,599.6933113603776,590.9332488823969,591.6903076171875,66566900
2025-02-03,582.6943020815504,590.1860392450765,580.5510025263411,587.70849609375,65857200
2025-02-04,587.7674745011321,592.1622076462813,587.2267439810199,591.6510009765625,33457800
2025-02-05,590.5302274178379,594.1974260072697,588.5049031019603,594.0499267578125,30653100
2025-02-06,595.7901006731433,596.2423796576439,592.4866698522919,596.1145629882812,35771500
2025-02-07,596.6750050236558,597.8941240756534,589.9501076619601,590.6580200195312,50788500
2025-02-10,593.8631053864565,595.3083338092902,592.5947800275039,594.6692504882812,26048700
2025-02-11,592.408088766588,595.6623736678141,592.2901133629294,595.1216430664062,30056700
2025-02-12,589.1144530437037,594.3743794070193,588.4360645213627,593.2044067382812,45076100
2025-02-13,594.3055297285264,599.6736500230521,593.0471055616473,599.4671630859375,40921300
2025-02-14,599.6736949390985,600.7060096863363,598.8183432907158,599.437744140625,26910400
2025-02-18,600.5977915687461,601.197509765625,598.1398710820379,601.197509765625,26749000
2025-02-19,599.8113366176324,602.908280775238,599.3000698962699,602.6133422851562,31011100
2025-02-20,601.2467721645895,601.3844301402796,596.8028918726411,600.1063232421875,36554000
2025-02-21,599.8899309928074,600.0275889538111,589.3798596850504,589.8419799804688,76519800
2025-02-24,591.8869345556642,592.8799440315161,586.4499856464254,587.1578979492188,50737200
2025-02-25,587.098968367302,587.8265033006376,579.6366946428752,584.2379150390625,58266500
2025-02-26,585.8995163780398,589.4881049123491,581.8980139327481,584.5328979492188,43321600
2025-02-27,586.8040113591791,587.9543615454245,574.8094053796542,575.20263671875,74196700
2025-02-28,575.7039886670112,584.70978328648,572.636508577737,584.1788940429688,88744100
2025-03-03,586.1453068357338,587.2858157400013,570.1393571070072,573.9442138671875,74249200
2025-03-04,569.9525173224438,575.5369060706639,562.6180601948478,567.1504516601562,109648200
2025-03-05,566.9832562516485,575.03540599116,563.4340335479696,573.2460327148438,71230500
2025-03-06,565.7936477589768,570.4047092717689,560.5238803180225,563.0703125,80094900
2025-03-07,561.2907933786839,567.6715458955733,556.1094773560538,566.2262573242188,81158800
2025-03-10,558.0364891964213,559.9536192631458,546.2384702857362,551.1444702148438,99326600
2025-03-11,549.9843938775969,554.5266268117218,542.728606721458,546.5629272460938,88102100
2025-03-12,552.7077615834074,553.6319422779778,544.3705127696392,549.4633178710938,69588200
2025-03-13,549.0896174558009,549.6991769603108,540.4279077137791,542.1386108398438,74079400
2025-03-14,546.7496748611676,554.3397648685512,542.2074423986709,553.3369140625,62660300
2025-03-17,553.3173439083719,560.1209127085318,552.8847473951123,557.60400390625,49008700
2025-03-18,555.2934322950165,555.5097605205915,549.6500559715837,551.5770874023438,66041400
2025-03-19,553.3566775077279,561.3399999727566,552.1768634471969,557.5842895507812,66556000
2025-03-20,553.848245552193,560.966374832501,553.1304918485869,555.9718627929688,62958200
2025-03-21,551.5205297947124,557.0526817242638,550.2878724028328,556.1552734375,83763000
2025-03-24,562.880651498493,567.1703352751009,562.2890000340255,566.1151733398438,58766800
2025-03-25,567.3182603575567,568.4128457426297,565.7306119858723,567.47607421875,38355700
2025-03-26,567.2097618801449,568.3339598573967,559.3207546377017,560.7013549804688,51848300
2025-03-27,559.3108687859911,562.9792883535321,557.101956447335,559.2122802734375,42164200
2025-03-28,557.6838014665011,558.4135249923543,547.3689030262066,547.95068359375,71662700
2025-03-31,542.201606334121,552.93066066187,539.2826520783074,551.6289672851562,95328200
2025-04-01,549.715889513425,555.1297110203275,545.9981756472096,553.18701171875,54609600
2025-04-02,547.3491617248258,559.5475341360295,547.1125011420022,556.6878051757812,76014500
2025-04-03,537.5470145495102,540.3673198616506,529.2537231445312,529.2537231445312,125986000
2025-04-04,516.404523136506,518.5740121118964,498.05273494035157,498.2696838378906,217965100
2025-04-07,482.40291724281104,515.9114550791749,475.115432610906,497.3821716308594,256611400
2025-04-08,514.6196468974629,517.6963548854247,482.3733480760591,489.591796875,165816600
2025-04-09,486.59399925019795,541.0084228515625,486.20939567811143,541.0084228515625,241867300
2025-04-10,524.7866027854379,526.0981670837639,502.25365007002944,517.3019409179688,162331200
2025-04-11,515.7536950429114,528.9874872153164,512.8544826104954,526.5320434570312,97866300
2025-04-14,536.5017912856171,536.7286411738348,526.453165817952,531.6401977539062,68034000
2025-04-15,532.1825399641931,535.6931457102869,529.3622343758641,530.151123046875,56892900
2025-04-16,524.3033791384568,530.4272422697393,513.0713913810127,518.3668823242188,83484800
2025-04-17,520.3194209498447,523.8004136549424,516.6411308627585,519.1064453125,79868100
2025-04-21,513.9293312369678,514.4618777265953,501.4055507612705,506.7503662109375,69368100
2025-04-22,512.9235348557764,521.9564215250564,511.9867032226325,519.9348754882812,75948100
2025-04-23,532.9319549297188,537.8625838932508,526.4728430251603,527.991455078125,90590700
2025-04-24,529.2734571828396,539.8348871004667,528.0211182344198,539.1051635742188,64150400
2025-04-25,539.0657941930334,543.4047124173812,536.1468396073658,543.0004272460938,61119600
2025-04-28,543.7400050325934,545.8700106135369,537.4583875113086,543.2074584960938,47613800
2025-04-29,541.2943585019403,547.7436606136026,540.9393676118534,546.6293334960938,47775100
2025-04-30,539.9729835885655,548.7988227140515,534.0069337400583,546.8462524414062,93101500
2025-05-01,552.5954041380958,556.2440822591161,550.1202183270924,550.7217407226562,63186100
2025-05-02,556.8948640346016,560.4942476694231,554.5774922291787,558.896728515625,60717300
2025-05-05,554.7647508459208,558.78816061684,553.9068262887279,555.6917114257812,38659200
2025-05-06,550.1891944565425,555.533979770925,549.2326812616892,551.047119140625,48264700
2025-05-07,552.3784371058738,555.9975022415719,548.3254139860352,553.3645629882812,55588000
2025-05-08,557.3977713110521,562.3974366423718,553.9069074354913,557.2202758789062,65130800
2025-05-09,558.6205786168767,559.6264462916283,554.9522191721212,556.5103149414062,37603400
2025-05-12,573.4026196086874,574.9114211824733,569.0340889310521,574.9015502929688,78993600
2025-05-13,575.3157161654024,580.907093658496,574.7536773375426,578.6981811523438,67947200
2025-05-14,579.6547240062519,580.8084745781977,577.4161987168885,579.4378051757812,66283500
2025-05-15,577.4358426248243,582.770756919371,576.9822030720642,582.2678833007812,71268100
2025-05-16,583.0468496173695,586.251758304484,581.104210780506,585.9559326171875,76052100
2025-05-19,579.9405744991373,587.2773530559552,579.9405744991373,586.596923828125,68168500
2025-05-20,584.8614155899625,585.8080578995526,581.419785763877,584.6246948242188,60614500
2025-05-21,580.2759146876367,584.3584902721909,573.7477661832594,574.7733154296875,95197700
2025-05-22,574.5760350084579,578.4811148637216,573.3433777523152,575.0001220703125,70860400
2025-05-23,567.988738706783,573.7378691727489,567.6140060747297,571.0753173828125,76029000
2025-05-27,577.9388882200049,583.1061789745086,570.404870923911,582.9484252929688,72588500
2025-05-28,583.3526236048898,584.545857588394,578.8460211072919,579.5757446289062,68445500
2025-05-29,584.8318350718904,584.9699071457442,577.9388245287198,581.8635864257812,69973300
2025-05-30,580.7591899526665,582.928679235147,575.1481304892388,581.2128295898438,90601200
2025-06-02,579.6052986473595,584.5654800276525,576.9427470010985,584.4866333007812,61630500
2025-06-03,584.121791379625,588.7960181097066,583.6385391723649,587.8197631835938,63606200
2025-06-04,588.6776647088699,589.6539195966438,587.2280285207049,587.6619262695312,57314200
2025-06-05,589.3383724752952,590.6893600195378,582.8496477946317,584.8218994140625,92278700
2025-06-06,590.3540722792903,592.4940086999786,588.5790577947733,590.8274536132812,66588700
2025-06-09,591.3994087206146,592.9082102708385,590.1864930975049,591.3599853515625,53016400
2025-06-10,591.8924030034493,595.0973118762876,590.7781362147839,594.7127685546875,66247000
2025-06-11,595.8074157747775,596.6653405011278,590.9556931519085,593.0166625976562,73658200
2025-06-12,591.6854337777163,595.37353515625,591.2022416981604,595.37353515625,64129000
2025-06-13,590.1962907494013,593.4997881009825,587.2181715759101,588.7171020507812,89506000
2025-06-16,592.0699627819344,596.0637602908375,591.892407169678,594.3182983398438,79984100
2025-06-17,591.8826171802143,593.4012293190596,588.4804709653109,589.2398071289062,82209400
2025-06-18,590.1371267775953,592.8785252065284,588.1944276516227,589.1510009765625,76605000
2025-06-20,591.8224395288368,592.8906208578056,586.3629131433069,587.7673950195312,94051400
2025-06-23,588.5190130228361,593.9587392448562,585.4035696790836,593.5730590820312,87426000
2025-06-24,597.7072083922786,601.1885919192599,596.7972471416377,600.13037109375,67735300
2025-06-25,601.247995602986,601.940336500435,598.903972841808,600.4666748046875,62114800
2025-06-26,602.3161684365299,605.5997923429508,601.7029677445283,605.1646118164062,78548400
2025-06-27,606.1636033457827,609.6351477759472,604.1360808658505,608.1713256835938,86258400
2025-06-30,610.6142811588834,612.4340832221852,608.2998981128763,611.0791015625,92502500
2025-07-01,609.6053849111585,612.0483479268365,608.7746241554748,610.8812866210938,70030100
2025-07-02,610.4757300098587,613.6901136433279,609.8526292762224,613.6505737304688,66510400
2025-07-03,615.628656191773,619.4167005776212,615.6088560521965,618.4869995117188,51065800
2025-07-07,616.5286747873084,617.1913758193931,611.0988485499288,613.8780517578125,74814500
2025-07-08,614.5406899285775,615.2923708557059,612.7307881009865,613.5418090820312,59024600
2025-07-09,615.945166968477,617.8737488887257,614.1055045789822,617.2210083007812,66113300
2025-07-10,617.3594891460615,620.0002120765442,616.1825277796053,618.9617309570312,57529000
2025-07-11,615.9154056597896,618.0121678287132,614.7187046395575,616.7857666015625,63670200
2025-07-14,616.3307657158283,618.3088477245484,614.985684437804,617.9627075195312,51898500
2025-07-15,620.6430672331502,620.9793073894895,615.2428812967698,615.322021484375,74317300
2025-07-16,616.9044910111767,617.8836320494379,611.276844692317,617.3792114257812,88987500
2025-07-17,617.557284919235,621.5134493059918,617.3396644874989,621.1573486328125,68885700
2025-07-18,622.4035753929759,622.5716954836944,619.5947323692288,620.7024536132812,65621600
2025-07-21,621.87939453125,624.6189973413707,621.4541141003111,621.87939453125,63375000
2025-07-22,622.2058050575365,622.828905853138,619.3277216791315,621.9684448242188,60046300
2025-07-23,624.6289433239532,627.2598266601562,622.8288811376781,627.2598266601562,70511000
2025-07-24,627.6454884244192,629.1785504969665,627.0421878119985,627.4674682617188,71307100
2025-07-25,628.1301809903662,630.5928838363332,627.8829206987424,630.1181030273438,56865400
2025-07-28,630.4938993278172,631.0477599275997,628.5751571845921,629.9598388671875,54917100
2025-07-29,631.3543820995848,631.6708825055948,627.3883778702398,628.2982788085938,60556300
2025-07-30,628.9509803708415,630.6917023127537,624.6189756546709,627.5070190429688,80418900
2025-07-31,632.4522656090571,632.8379457731452,623.8574957354674,625.1531372070312,103385200
2025-08-01,619.4364414435403,619.476041722763,612.5032535330552,614.9066162109375,140103600
2025-08-04,618.813325728958,624.3024917393647,618.7243458354196,624.2530517578125,73218000
2025-08-05,624.866279158634,625.6773001361546,620.1683337507773,621.088134765625,68051400
2025-08-06,622.1562946160922,626.4981995520814,621.2463937026511,625.845458984375,64357500
2025-08-07,629.2674923107387,629.9993730574174,622.2156245224251,625.3212280273438,74205800
2025-08-08,627.1114011688534,630.6620853000642,626.7949007710238,630.1972045898438,64051600
2025-08-11,630.4742118551501,631.947873553624,627.70484826023,628.9510498046875,58742300
2025-08-12,631.2951060550639,635.8051316570012,629.8115442075018,635.6469116210938,64730800
2025-08-13,637.8425547169825,639.1085564704525,635.6370120856271,637.8228149414062,60092800
2025-08-14,635.7457174616427,638.5447207235369,635.300697252298,637.882080078125,59327500
2025-08-15,638.9106535836406,639.0095939138803,635.4787099260534,636.3886108398438,68592500
2025-08-18,635.814941575414,636.942462907598,635.1424008771667,636.2501220703125,43804900
2025-08-19,636.0721245937336,637.0512656505922,631.4829592777961,632.7984008789062,69750700
2025-08-20,632.3929060531275,632.6500060324975,626.013578858981,631.1170043945312,88890300
2025-08-21,629.3071240874224,630.9785456585483,626.864161086776,628.5850830078125,54805800
2025-08-22,630.7709103705197,639.4151205943501,630.2664897119097,638.2381591796875,84083200
2025-08-25,636.9820009718095,638.2183023325629,635.3105191174199,635.42919921875,51274300
2025-08-26,635.1622594491828,638.4359833484747,634.5391586749303,638.0897827148438,51581600
2025-08-27,637.5062787617181,640.2755819843173,637.3578984386413,639.543701171875,48341100
2025-08-28,640.146950913372,642.3623933153343,638.267809046051,641.8085327148438,61519500
2025-08-29,640.374419619015,640.7404203673219,636.0919150690585,637.98095703125,74522200
2025-09-02,630.5136938017484,633.4709169972102,627.9619508913343,633.2533569335938,81983500
2025-09-03,635.6270824559713,637.1502445176759,633.4413400681225,636.6853637695312,70820900
2025-09-04,637.3577818657208,642.0359868267901,636.4577811203425,642.0062866210938,65219200
2025-09-05,644.3404359625918,645.062476969223,636.2797877246134,640.1469116210938,85178900
2025-09-08,641.5118230975241,642.718484610511,640.1370415028089,641.7195434570312,63133100
2025-09-09,641.8580441132016,643.7273464852004,640.1272219983028,643.2031860351562,66133900
2025-09-10,646.4570213518696,647.3768223058731,643.4997982019892,645.0625,78034500
2025-09-11,647.0109525903231,651.1154976382888,646.4274520986086,650.4231567382812,69934400
2025-09-12,650.3934256012134,651.8868873722256,649.7011451004063,650.2055053710938,72780100
2025-09-15,652.4111340519337,653.795755474802,652.1144337731963,653.6671752929688,63772400
2025-09-16,654.2209512044083,654.5276118800496,651.9857691498868,652.76708984375,61169000
2025-09-17,652.7770978636573,654.4683196962441,647.1296508296768,651.9561767578125,101952200
2025-09-18,654.6364399867887,657.603563340362,653.0341982051615,655.0023803710938,90459200
2025-09-19,656.8877828567474,659.0895125014193,654.9438659954435,658.2465209960938,97945600
2025-09-22,656.7588293222589,661.8069717744121,656.7290467709187,661.3607177734375,69452200
2025-09-23,661.2417286303936,661.8566899635472,656.540685502851,657.7606201171875,81708900
2025-09-24,659.0498612769777,659.1490153831234,654.2496039734066,655.6678466796875,68082200
2025-09-25,652.5338627083877,653.9917550046746,649.0328388399253,652.6429443359375,89622100
2025-09-26,654.0909412604747,656.9274266555326,652.4743298182361,656.3819580078125,69179200
2025-09-29,658.9010899003678,659.8135740530697,656.4216318338509,658.2266845703125,73499000
2025-09-30,657.4828203674869,661.1722852976668,656.173659297658,660.7061157226562,86288000
2025-10-01,657.7208749627936,663.8699431635192,657.611793334362,662.95751953125,72545400
2025-10-02,664.9410037342527,665.0600128657511,661.3011766397112,663.7210693359375,56896000
2025-10-03,664.4848631838105,667.1527626006609,662.6698828508305,663.7113037109375,70494400
2025-10-06,666.1014192164715,666.9841207809839,663.9591941673339,666.0914916992188,54623300
2025-10-07,667.0138297258598,667.4601442579947,662.1838505424819,663.6219482421875,72020100
2025-10-08,664.7426772273783,667.6783772359653,663.919480237528,667.5791625976562,60702200
2025-10-09,667.9957845708525,668.4023890582872,663.7112737749407,665.6452026367188,66501900
2025-10-10,666.6071968358344,668.4122493878771,647.4757221413303,647.6542358398438,159422600
2025-10-13,655.2216030747315,659.664772492732,654.3488290056752,657.5919189453125,79560500
2025-10-14,651.7701536094826,660.3590300864076,647.8030207789583,656.78857421875,88779600
2025-10-15,661.3408732132422,664.7228272522149,653.5156893256119,659.7044067382812,81702600
2025-10-16,661.340821247798,663.2153058553965,651.7105854492366,655.2116088867188,110563300
2025-10-17,654.0810128478913,660.2895852935891,652.7322022395391,658.9308471679688,96500900
2025-10-20,661.8367798071084,666.6866142382812,661.7872027532737,665.7840576171875,60493400
2025-10-21,665.9229005771253,667.4601523988813,664.4748753427003,665.7741088867188,56249000
2025-10-22,666.4783066993808,666.4783066993808,657.8497808005621,662.3128051757812,80564000
2025-10-23,662.6301900162397,667.1825015615415,662.3128121266341,666.2402954101562,65604500
2025-10-24,670.9016937183009,672.8951271271609,670.0983517375236,671.6851806640625,74356500
2025-10-27,677.1201724129126,679.9070809796764,676.515199146416,679.6095581054688,63339800
2025-10-28,681.4046232640447,683.2493254549719,679.2028936555786,681.41455078125,61738100
2025-10-29,683.0609104229828,684.0328991417463,677.2590027977353,681.7418823242188,85657100
2025-10-30,678.2805836148408,680.3037996369978,674.2440185546875,674.2440185546875,76335800
2025-10-31,679.4111219213156,679.4508319897004,673.6587916341136,676.4556274414062,87164100
2025-11-03,680.0359087204932,680.1648453676048,674.3530108656404,677.72509765625,57315000
2025-11-04,670.5544968959969,674.3728983771498,669.0371001406891,669.691650390625,78427000
2025-11-05,669.4337786331213,675.2654684624238,668.6304366940664,672.012451171875,74402400
2025-11-06,670.9115428502156,671.8140994484131,663.2252231578799,664.8021850585938,85035300
2025-11-07,662.4218719882706,665.5658682287408,655.7769731606511,665.4567260742188,100592400
2025-11-10,671.6751969912248,676.5746080726943,669.4833950163819,675.8406982421875,75842900
2025-11-11,674.3630127379913,677.9532631527235,673.1530057317516,677.387939453125,58953400
2025-11-12,679.1632192686196,679.3318660026857,675.3548055474994,677.7648315429688,62312500
2025-11-13,674.9085136071693,675.265541055433,665.0105359672095,666.5180053710938,103457800
2025-11-14,659.9126462553079,670.1081450818862,657.8199984349773,666.4088134765625,96846700
2025-11-17,664.1972328051172,668.1742931923078,656.7290761218832,660.2003173828125,90456100
2025-11-18,656.6596108350068,659.6548153709225,650.4708935566339,654.65625,114467500
2025-11-19,655.3505280387882,661.856623370592,653.3371790986623,657.185302734375,94703000
2025-11-20,667.3808213360044,670.0090710879778,646.5335791707308,647.1683349609375,165293500
2025-11-21,649.6675301260088,659.0894699034471,645.5020288545189,653.6148681640625,123956200
2025-11-24,657.2448196444445,664.5542570793402,656.1538823239337,663.2351684570312,80437900
2025-11-25,663.1360620641211,670.6537963067218,659.0201372218106,669.4735717773438,81077100
2025-11-26,672.0620713400136,676.0986363282427,671.1595147067713,674.09521484375,71879600
2025-11-28,675.2654787466182,678.0523870500939,674.9084513312986,677.7747192382812,49212000
2025-12-01,673.2323336611282,677.3779800628074,673.1629015749381,674.6803588867188,61201200
2025-12-02,676.316742094939,678.2011542749951,673.748057660358,675.9299926757812,62953800
2025-12-03,674.9779023816353,679.2822075879724,674.105128319461,678.2706298828125,57238500
2025-12-04,679.6689755171525,679.7384076011712,675.7415530139849,678.7664794921875,61970300
2025-12-05,679.8375623637357,682.7336127271673,678.9549213715281,680.0557861328125,79241000
2025-12-08,680.9483951231146,680.997972172105,675.9696245182643,678.0126953125,55231500
2025-12-09,677.5367544682442,679.7583392727543,676.9813582671167,677.4276123046875,58310100
2025-12-10,676.9515664343469,683.3088703732143,675.711837383319,681.92041015625,85671300
2025-12-11,679.51034738166,683.5865617528303,676.5647198382891,683.5072021484375,86173700
2025-12-12,682.5154459360199,683.2196338188487,673.5893968987631,676.1581420898438,113160300
2025-12-15,680.1054404790556,680.1252955149479,673.6687768311533,675.1365966796875,90811000
2025-12-16,673.6488975485244,675.4837328267965,669.4338188610296,673.2918701171875,122030600
2025-12-17,674.3034691132465,674.8489377460819,665.6848710067972,665.8832397460938,110625200
2025-12-18,672.0322799303326,675.1464937426624,669.3545136860721,670.9115600585938,108650100
2025-12-19,673.0134542661981,677.4896664833268,672.8940327515619,676.9923095703125,103599500
2025-12-22,680.3245900087294,681.7370666700199,676.9923229108747,681.2098999023438,69556700
2025-12-23,680.3046207584179,684.562024812114,680.2548972126992,684.3233032226562,64840000
2025-12-24,684.313382495532,687.1781631452748,684.164151137988,686.7305297851562,39445600
2025-12-26,686.989161229118,688.0037280321676,685.6264081645946,686.660888671875,41613300
2025-12-29,683.9055083361335,685.5567672531378,682.4433081832867,684.2138671875,62559500
2025-12-30,683.8160334465714,684.9201512250444,682.9506372729019,683.3783569335938,47160700
2025-12-31,683.5076844111845,683.726492314561,678.1063955310838,678.3152465820312,74144800
2026-01-02,682.0852055985325,683.2390468658663,676.2263268834449,679.55859375,89377200
2026-01-05,682.910778712987,685.7855161168121,682.7516512212146,684.0845336914062,71927200
2026-01-06,684.2934596862484,688.6602678554459,684.1442890432024,688.1529541015625,69273800
2026-01-07,688.5309418430683,690.2916046822218,685.6761181181482,685.9347534179688,75588300
2026-01-08,685.1787573638412,686.9692300361542,683.8557710289468,685.8651123046875,64019200
2026-01-09,686.9791831428475,691.6344363504869,685.5368360184962,690.4010009765625,80125500
2026-01-12,687.0289310253164,692.410366767912,686.979207477028,691.4852294921875,63976000
2026-01-13,691.813478661017,692.4103433578374,687.6953490317495,690.1026000976562,78309700
2026-01-14,687.3472637531122,688.0634285762314,682.4134612479594,686.7106323242188,94676700
2026-01-15,690.8983886882239,691.7737417111902,687.5959315038539,688.5806884765625,77862000
2026-01-16,689.9931507530615,690.5800586110835,686.4519720383781,688.0037231445312,79289200
2026-01-20,677.8874730475171,681.1501633341576,672.9934983300664,673.9981689453125,111623300
2026-01-21,676.0572511802958,685.0991655259935,674.5452667925615,681.77685546875,127844500
2026-01-22,686.2033478813381,687.476610793547,683.2888434897402,685.3379516601562,77112200
2026-01-23,684.5123006998919,687.3074439470811,683.5274830754288,685.5865478515625,63059600
2026-01-26,686.8399050563427,690.4606777697717,686.272910918868,689.0680541992188,60473800
2026-01-27,690.5104039402848,692.8480177488461,689.9036431059924,691.8134765625,55506100
2026-01-28,693.3652237572153,694.1510864943795,690.271678492269,691.7438354492188,61172200
2026-01-29,692.7087686795362,693.375209936545,681.2098793986574,690.3711547851562,97486200
2026-01-30,688.1330315570439,690.5402826440542,683.487735152998,688.3120727539062,101835100
2026-02-02,685.9348095869553,693.2459322689688,685.7756213682558,691.7339477539062,79286500
2026-02-03,692.529690413304,693.2757257351432,680.4140840721383,685.885009765625,107904600
2026-02-04,686.7006659106327,687.7948875474046,678.1561081391175,682.5626831054688,105204600
2026-02-05,677.3404209861714,680.0758839506523,672.2176206040476,674.0379638671875,113610800
2026-02-06,677.8576866055596,688.6503070282812,677.2508650473027,686.96923828125,89127600
2026-02-09,685.7755944360715,692.1915108078678,684.7013472083629,690.2816772460938,73885200
2026-02-10,691.276360737094,692.8579216647231,688.0037135108784,688.4613037109375,65185700
2026-02-11,692.7087599208829,693.4547952732178,685.5368515439336,688.3021850585938,76353900
2026-02-12,690.5701102294341,691.6742279947084,676.7734344520502,677.668701171875,118829000
2026-02-13,678.0864377658819,682.6522007204912,673.9384983110481,678.1461181640625,96267500
2026-02-17,676.5446598627462,681.31927396984,672.2077222570326,679.2402954101562,81354700
2026-02-18,680.4041503420104,685.507036973797,679.2204384959671,682.662109375,73570300
2026-02-19,680.225062656192,682.5526587813481,677.9471293624403,680.8616333007812,58649400
2026-02-20,678.7131823752115,686.4122580979458,678.126274472082,685.7855834960938,100034000
2026-02-23,684.1940214696967,686.3525334522094,676.7734345413753,678.7827758789062,90558100
2026-02-24,678.295350173768,684.7112054782021,676.4053697086953,683.7164916992188,73798700
2026-02-25,686.53156929616,690.0130676270821,686.4519751919497,689.4859008789062,56369500
2026-02-26,689.615191050754,689.6350440416309,680.7323436648176,685.6561889648438,71671000
2026-02-27,679.4790749097389,683.2291046432514,678.0367277603054,682.3637084960938,83308900
2026-03-02,675.1123137702438,684.9798583327654,674.4359156260907,682.751708984375,87477200
2026-03-03,671.4915420947397,679.0016196644848,666.1200629162043,676.7337036132812,105003100
2026-03-04,678.026741603972,683.4579005621853,676.0273572426378,681.5082397460938,79182200
2026-03-05,678.474445192334,681.9062201445739,672.0386149612469,677.70849609375,106606500
2026-03-06,669.8502072585248,672.5359467168151,666.2195382406165,668.82568359375,100687000
2026-03-09,662.8673651303956,676.3258117079225,658.888509802078,674.6845703125,102667700
2026-03-10,674.1374043547928,679.7476047325034,671.1930903760745,673.6002807617188,81505300
2026-03-11,673.9982140650914,676.4849986405864,669.7806371390539,672.7548217773438,68441700
2026-03-12,667.6120785283837,668.0995392824933,662.3500644519811,662.5390625,108882200
2026-03-13,665.7321452917186,668.7859240392634,657.863924887251,658.7890014648438,97200200
2026-03-16,664.8468199428278,668.5173163233716,663.5934708305671,665.493408203125,82023100
2026-03-17,668.8355969918504,670.8747480492216,666.1598145596139,667.2440185546875,87128000
2026-03-18,664.8268919718373,666.1796881508768,657.6948111200146,657.9335327148438,82062600
2026-03-19,653.4971375917409,659.4753776238247,651.7066647804095,656.3121948242188,111272500
2026-03-20,654.8230422006715,655.0025723674255,643.063298812559,646.9034423828125,163617500
2026-03-23,656.3790129905765,660.9173090129275,652.2596206790361,653.6959228515625,134802700
2026-03-24,649.6463809650626,655.3417305137531,648.2100787416998,651.5015869140625,96457500
2026-03-25,656.9774239230809,659.1917509309695,652.5588148295345,655.1322021484375,90653800
2026-03-26,650.3844333840033,653.1672421520028,643.1630473705688,643.432373046875,96494400
2026-03-27,640.8489947137006,641.0085567819559,631.4831091918358,632.4606323242188,103649400
2026-03-30,638.4651675144013,638.7245091624994,627.6630399662237,630.3460693359375,99275900
2026-03-31,637.2981538716512,649.865752001465,636.3405988140365,648.6688842773438,152534100
2026-04-01,652.219751792706,656.8278752918841,651.3220400966815,653.5562744140625,97841500
2026-04-02,644.7589215344626,656.5086804928782,643.4522901873171,654.144775390625,68358700
2026-04-06,654.1746977251443,658.0247645183308,653.8356054757206,657.23681640625,39105800
2026-04-07,654.9626585699763,657.9150134208243,649.386996170508,657.5260009765625,69980400
2026-04-08,674.6519776493207,675.3402070755335,669.734652974974,674.27294921875,93606100
2026-04-09,673.1059235004034,679.4096297331154,672.0386657215836,678.162841796875,57134400
2026-04-10,679.5692561407437,680.2774536083281,676.7066358948267,677.7140502929688,42253500
2026-04-13,675.669302461078,684.536473353906,674.8414790590384,684.3369750976562,54185800
2026-04-14,685.9229138241225,692.7952238870419,685.8929616905456,692.675537109375,63480500
2026-04-15,693.4734516118131,698.480571570673,692.4161778504387,698.1414184570312,58240400
2026-04-16,699.2585607342904,700.9741726960574,696.7350934539525,699.8569946289062,49972400
2026-04-17,704.3255249385737,710.5594650064761,703.9464965121796,708.3152465820312,70661900
2026-04-20,706.9587079747221,708.0857482546458,704.3254772575062,706.8988037109375,43546800
2026-04-21,708.4548936431559,709.4523240430285,700.8345107773317,702.2708129882812,58941400
2026-04-22,707.3278031045794,709.6218808832724,706.4001392457644,709.3825073242188,42518500
2026-04-23,707.6768673789517,710.5295037064266,700.4754491270062,706.6295776367188,56174000
2026-04-24,708.9236633096505,712.6340752101273,707.1881441382454,712.10546875,45182000
2026-04-27,711.3374146094498,713.7911152864904,710.4696550399041,713.332275390625,33135900
2026-04-28,709.9908768700561,711.0481506026886,707.4274735730012,709.8612060546875,43117400
2026-04-29,709.1729992133655,710.3699278433978,706.5497524472755,709.7515258789062,41859200
2026-04-30,712.7936806635566,717.9403946619685,708.6244289610544,716.8132934570312,67240900
2026-05-01,719.3966516418469,723.0073446973263,718.6186267345964,718.7982177734375,43049800
2026-05-04,718.2196821209096,720.2644021704073,713.152718877996,716.1649780273438,51950600
2026-05-05,719.9153564929043,723.1769124909786,719.6360467603954,721.9102172851562,36933200
2026-05-06,726.288861980811,732.7023927493656,725.9497697512824,731.9443359375,53288900
2026-05-07,733.161188473549,734.238430329629,727.8748196364371,729.7001342773438,51724600
2026-05-08,733.0415191543954,736.1834492768152,732.6824588199246,735.724609375,47227100
2026-05-11,734.5576163199453,738.8864300819614,734.5576163199453,737.4002685546875,44024000
2026-05-12,734.9964788307154,736.9414802248905,729.9494836014034,736.2831420898438,54185300
2026-05-13,736.5723674930287,741.9983910774667,733.5800764180441,740.4025268554688,44200200
2026-05-14,741.7391534739264,747.6040491923611,741.649357949993,746.2474975585938,45307600
2026-05-15,739.8838927249178,741.5496453663399,736.0637780312098,737.2706298828125,60410800
2026-05-18,737.9289136337939,739.5147938000424,731.5054597381557,736.751953125,47843900
2026-05-19,732.8919551385734,735.7545755811656,729.650306265128,731.8446044921875,54255900
2026-05-20,733.8195334397973,739.9636778498481,732.0042028263388,739.3452758789062,45768000
2026-05-21,736.7419902854853,742.9559620700644,735.1361419849363,740.8114624023438,43332200
2026-05-22,744.3224328967863,747.015507083493,742.566945697205,743.7239990234375,41762000
2026-05-26,748.0827892360243,750.1973368284331,746.4469887578754,748.6613159179688,41123600
2026-05-27,748.9505199197505,749.4492351039673,746.2973210478585,748.5316162109375,42106300
2026-05-28,748.3221518516883,753.2095851254732,747.3047533704411,752.6609497070312,41562600
2026-05-29,753.9576670103595,756.1320579864754,752.7507543048832,754.5361328125,55075700
2026-06-01,753.4189990020213,758.3264003155792,752.7507376917755,756.5908203125,43634900
2026-06-02,755.0847737682097,758.4461093852723,754.805464031348,757.6182250976562,31581900
2026-06-03,756.2018667594974,756.8501599793441,751.6336185743088,752.3018798828125,51402500
2026-06-04,750.1673635570705,756.3614281257201,749.5389775481502,755.1445922851562,49923000
2026-06-05,750.3768677170906,750.8855669656407,733.6400171295905,735.65478515625,93989400
2026-06-08,741.4498108327123,743.4247643242134,736.2931129658897,737.3204345703125,49319100
2026-06-09,741.7191759970133,744.9807928982774,720.7332622187009,735.1560668945312,87683500
2026-06-10,731.5054857614351,736.4826536495077,723.4661992814284,723.56591796875,60341300
2026-06-11,726.8873842592473,738.0984921563339,722.5485255148498,735.8642578125,86330500
2026-06-12,738.8066884479139,742.5270843334097,733.1412911200548,739.843994140625,57079500
2026-06-15,749.9179969688896,754.7356026867302,749.8282623277308,752.890380859375,60176400
2026-06-16,752.6111046530555,753.4988323298886,747.9531216783239,748.4019775390625,67093100
2026-06-17,749.3594421826946,750.217278570044,737.3204502885575,739.0560302734375,85945200
2026-06-18,747.760009765625,748.22998046875,743.8599853515625,746.739990234375,80875700
2026-06-22,747.7000122070312,750.1799926757812,743.1300048828125,744.3900146484375,46628100
2026-06-23,733.8099975585938,739.6300048828125,732.2999877929688,733.5800170898438,66846800
2026-06-24,735.1699829101562,739.9500122070312,730.8400268554688,733.239990234375,57439500
2026-06-25,738.9099731445312,739.3699951171875,729.5999755859375,734.2999877929688,53934400
2026-06-26,728.9500122070312,736.530029296875,716.5800170898438,728.989990234375,71034000
2026-06-29,736.530029296875,741.5599975585938,732.0900268554688,741.0,58035200
2026-06-30,741.2899780273438,748.02001953125,740.8900146484375,746.77001953125,55626000
2026-07-01,745.0,749.4400024414062,742.3800048828125,745.760009765625,47100900
2026-07-02,747.4000244140625,751.3099975585938,740.030029296875,744.780029296875,57447800
2026-07-06,748.739990234375,752.4099731445312,747.4099731445312,751.280029296875,50673300
2026-07-07,750.219970703125,750.9600219726562,745.2100219726562,747.7100219726562,43721500
2026-07-08,743.1599731445312,746.1500244140625,739.510009765625,745.4000244140625,43767400
2026-07-09,747.3499755859375,751.969970703125,745.5900268554688,751.7100219726562,41441700
2026-07-10,752.0499877929688,755.4199829101562,748.0999755859375,754.9500122070312,42191300
2026-07-13,752.469970703125,753.9099731445312,748.0,749.1699829101562,44013600
2026-07-14,750.9099731445312,753.3400268554688,748.6599731445312,751.8300170898438,35143100
2026-07-15,754.239990234375,755.5800170898438,750.2000122070312,754.8099975585938,43844800
2026-07-16,752.760009765625,754.5700073242188,747.8800048828125,750.719970703125,46409800
2026-07-17,742.0800170898438,747.2899780273438,740.7999877929688,743.2899780273438,62651000
2026-07-20,747.0599975585938,748.72998046875,741.510009765625,742.0900268554688,50422300
2026-07-21,746.2899780273438,749.0399780273438,744.1799926757812,748.280029296875,34324300
2026-07-22,746.6199951171875,750.02001953125,746.3699951171875,747.4099731445312,32836200
2026-07-23,739.3699951171875,742.5599975585938,735.2100219726562,738.1799926757812,55437300
2026-07-24,738.510009765625,743.719970703125,737.2899780273438,738.9299926757812,44782000
2026-07-27,744.9099731445312,745.530029296875,735.8699951171875,739.0900268554688,41461200
2026-07-28,739.1900024414062,742.7899780273438,735.97998046875,740.8599853515625,47322200
2026-07-29,739.969970703125,742.6799926757812,729.0999755859375,729.4600219726562,70697200
2026-07-30,736.0499877929688,742.4500122070312,734.5900268554688,741.6900024414062,66811300
2026-07-31,744.6799926757812,748.9000244140625,737.6799926757812,747.030029296875,62445900
2026-08-03,749.4400024414062,758.5800170898438,748.7999877929688,757.6699829101562,59927500
2026-08-04,760.6300048828125,773.4099731445312,760.52001953125,771.3300170898438,69154800
2026-08-05,775.8499755859375,776.8499755859375,769.510009765625,769.7899780273438,44689100
2026-08-06,770.2100219726562,771.8200073242188,767.4600219726562,768.5599975585938,38416900
2026-08-07,771.02001953125,773.9199829101562,769.6099853515625,773.260009765625,43557000
